user_session,actual_purchase,purchase_probability,predicted_purchase
001928f2-e689-446a-a5d8-27d8e1018a1c,0,0.05223265742483275,0
0020f3c3-71cd-4d8f-8a1e-e559f7979a4d,0,0.04951464072694305,0
0029707a-c11a-4c1d-aaec-f27a882eb458,0,0.04818876874766714,0
00399d10-e0d3-4d17-9760-30c42851777c,0,0.23024765840065692,1
003e20f1-1013-407c-9931-0250934600bd,0,0.04298400010878415,0
004217bc-db01-4503-a6cf-e00a2ea732ae,0,0.0744944485762185,0
004d723e-d728-4b4d-b339-aa3c40a2a58f,0,0.04570535397014041,0
004fe779-5fdd-446c-9cd1-b7557061bbc6,0,0.04517548133080402,0
0061c89b-caa1-420c-a8c2-2a7f03457bef,0,0.043650537888610313,0
006d2e99-7346-4240-b445-2d9cc21ffdfe,0,0.056873750103180194,0
006dc695-d6c7-41b8-8e9f-b5bb7e3474e7,0,0.04357389575801363,0
006dce96-1149-4b19-bfcf-075ebf11c70f,0,0.055391144856679904,0
0073059b-8a52-4338-a777-201ea4bc72c1,0,0.051049807954123096,0
00738a8d-137e-4bfa-9005-8a8b3a8dff6e,0,0.09868784252618985,0
007a0ceb-2481-4cd9-ab8b-2fdec00cf65a,0,0.04314837221834656,0
00819f25-1999-4a2f-b2ed-54fbab44887f,0,0.041709353091316806,0
0083c34e-900e-4529-81e0-8001c41db3b5,0,0.047695052274647536,0
0086fa6d-8ccc-47c8-9062-dce47f94f28a,0,0.050033598258770476,0
009a67f1-c368-4a3d-ba46-31114a47ad6a,0,0.0563868589672746,0
009b8f45-b950-496a-b051-ce71044fecf7,0,0.059495424175050236,0
00a0f1ab-3c62-4c63-8ab7-6db822400230,0,0.04739890544895483,0
00a244b3-a214-43ff-ab9c-edaf3beede68,0,0.0439899613388491,0
00a541a0-d091-405e-b03e-f8a7d32f17c5,0,0.04211870101110648,0
00b40817-743c-4d7c-861e-548ddee06a8f,0,0.04700365834901529,0
00b41acb-7228-4676-b111-2026dd23504d,0,0.04807500850581716,0
00bc26a2-0af0-4812-9ff2-d23dd49fef32,0,0.05446471784686883,0
00c76d6d-edca-4fd4-91e3-7d0a8b2e6899,0,0.04599925473774637,0
00cc9b56-b6f1-49ad-8bf6-858c9fd36f18,0,0.04245757875674202,0
00df1cbd-549c-4d1b-becf-76339be39f33,0,0.04962783794852235,0
00e0d2ae-f448-4f75-9ace-0cf968fb2bb8,0,0.04643614930482859,0
00e18533-970c-46eb-912a-1d23e2028245,0,0.047474335045472306,0
00e26dc1-3596-4c63-b176-68c85d014394,0,0.044298197061129654,0
00f97ee9-5779-40a1-b09b-b6a0c786a2c6,0,0.13968318569823518,1
01028e17-034a-40e7-9e93-d6cbf924c3fa,0,0.1130360105054272,1
0102950c-2844-4206-ae7e-0db02efeef24,0,0.04917347515837661,0
010bf326-d3ec-4013-8d23-40d634fc75a9,0,0.06173992559906679,0
010f6005-cb1c-4a7e-b0cc-7e8018abb1f1,0,0.4759636696257142,1
01136aa4-e634-4880-b283-d40ae3c5214d,0,0.04561928116760725,0
0115b98e-6fc4-435c-ad6e-8e2807953218,0,0.060395288138937714,0
011d0c30-22f3-438b-b838-6187a3e5761b,0,0.04622180824677717,0
011df397-462e-423f-9cb3-87af1c50103a,0,0.055430731626668596,0
012c56b8-40a6-41b3-a0c7-7f6d736f5fbe,0,0.26907493980549535,1
012c798a-a30c-4a7a-bbad-c9e3e8f5a5db,1,0.25104671198590717,1
012f8848-65a5-41b2-a49e-623cf0d69654,0,0.04224058723525103,0
0133ae7d-47f0-4863-9f5a-ebe691a71b77,0,0.04536045058602929,0
013b244b-c044-45b0-9e51-03d7145db6ad,0,0.04510232452264449,0
013b8150-88e7-46cd-8a59-9b332cafbd9e,0,0.04791175793459286,0
013f4919-79ec-4161-8bc4-139559dad938,0,0.05231897458905643,0
01461e68-2a1b-49fd-b6e9-fab99d8cec1a,0,0.045701955082104555,0
0149e57d-04f0-47f2-a617-ce4a87b46f19,0,0.1116226859192398,1
0153b53c-8509-4030-901c-964fb5529464,0,0.05372152233924384,0
01598818-fe93-4c10-9e11-b9e85bf83d5c,0,0.04403168767179992,0
01606a67-9fca-4bc2-a899-1525f5d2a019,0,0.049025845566021936,0
016940ab-69a0-4396-b972-a24bdb28cea1,0,0.04244831361326412,0
016b5b86-714c-4063-a2d2-1209fce030ba,0,0.05056111994798508,0
017c5e94-c27a-4bbf-a2de-4e5924a53c2d,0,0.10551740587188523,1
017f92c8-6281-4d19-a534-9432fb065124,0,0.04476515806024002,0
0182b386-f17e-4816-9ddd-d3de0591a85a,1,0.1630434172020684,1
01869c97-19fd-4d35-9904-74fb5bc56f19,0,0.044317780837030044,0
018fbcd9-58a0-4543-bff9-7a0f0d0b6156,0,0.04911872547704402,0
01951a03-9d03-4f4c-abac-c24ea50bc8a1,0,0.4416916216901841,1
01a4d4a8-9c5f-417c-b8d1-4dc6b1926940,0,0.04668972035961426,0
01ac9323-80ac-4bf0-932c-67b161d18eeb,0,0.05271248160772342,0
01bcc337-1842-4021-b95e-ba01cb56a47c,0,0.046159946349132744,0
01c28ace-9438-4c6a-80ad-53cef90dfecf,0,0.05058069769757141,0
01c298ff-a346-4521-acde-428fe4caf539,0,0.0476684019841277,0
01c46c28-1232-46a7-9594-51d4e7a8e9f5,0,0.08795493752170269,0
01c55b0b-cb42-42ac-8eaf-2a6fdbe41f0e,0,0.05671254132198858,0
01cd3a03-1fc7-4914-868d-9a985ab4013d,0,0.040520557190707136,0
01d11e04-d9c8-4f2c-bbcd-740d5e74a795,0,0.0494895182266532,0
01d9b508-1e1d-4ca8-8403-d7962eaf34b6,1,0.6642237603057907,1
01d9c431-227e-4226-b2f6-3811878fb0de,0,0.04334321814386741,0
01e482c2-2e5d-4d49-a638-25606356359b,0,0.07664565688452585,0
01e4a7de-d8b2-46bd-a87a-c37225354e5a,0,0.04443494790126256,0
01e559fc-f6e7-4849-a058-a0d108f2ae22,0,0.16061394637684434,1
01eefe75-3ddc-49c4-bcfa-915f6fe2e8f1,0,0.050070933896371836,0
02015270-a72f-4521-990c-22c28f018215,1,0.057711194081701334,0
02090f36-72f3-40f7-872a-a0c83a9e2a02,0,0.04192019786817116,0
020b02a0-ce1c-4ab1-9ae8-29ddd99d4f82,0,0.051428083231804124,0
02135b0c-a731-42e6-bd77-67da1e24b2f5,0,0.04352189530760013,0
021a5aa0-953b-4c03-8e05-13628d211ad6,0,0.04798553842581876,0
021c155d-0484-4aea-9589-56ff4cb8a6e4,1,0.8445702824948481,1
02430717-f79d-43c6-a2ba-f027d37fd65d,0,0.0429292249321993,0
02496eed-b0da-44a6-9ed4-041c9d56276c,0,0.04569628644348031,0
02512329-da54-4a4d-a0db-bd25bde50e31,0,0.04504606672426205,0
025c4394-1d84-471b-9b3c-6b250c4a0923,0,0.04989035144762124,0
026276b2-f6ce-47a4-9fc6-5444fc91489b,0,0.051359118359113026,0
026bb990-fd50-46e4-9258-3db4b5b1e31e,0,0.05143105113338799,0
026c737c-d069-449b-89d3-75d53a7cf7f7,0,0.04219784510906076,0
026c99aa-7c82-42cf-833c-5a4262816e98,0,0.04554670113105533,0
026f9331-3a1a-48fc-b7b0-85010b4a08de,0,0.04996292753288875,0
0279798f-279d-4e28-9b12-ea1ed3e07f44,0,0.044659466233862924,0
027bfb63-fab7-41f7-acd9-475ff6b6bfbf,0,0.05658831659560475,0
0282c875-832f-49fb-888d-0094fad7990a,0,0.06496998558216725,0
0285e268-939c-4abd-a8a0-7fb6d6c37ec1,0,0.0457963377849606,0
028dd634-7985-454c-86cd-82899ce9ef9d,1,0.09160122378793016,0
028e6d06-cc11-43e6-8709-462c70702dbf,0,0.042550461158199805,0
02932bca-4959-4df2-9f7c-0ea5696dc37a,0,0.04402715521689037,0
029b11f3-4aeb-48cb-9611-5266044b4064,0,0.045810769724354085,0
029c4e04-5ec1-4d53-ac12-2627e1c2f892,1,0.0563334333574151,0
029e166a-af78-4dd4-9bf6-780dc9c97498,0,0.0681874544648096,0
02bbe799-dc61-44c9-a745-79f1eb80d732,0,0.05873823470558811,0
02bd264e-c240-4b36-b569-77fb6a5e9d5e,0,0.07860802371725552,0
02c8f0a9-ec64-447b-940f-0790d5b39e52,0,0.04458447050224463,0
02ca2027-a7d6-4de5-aede-7d97e35d7ad9,0,0.04343481723771994,0
02dd906a-b54a-4cf9-b363-34b06ea890d0,0,0.05069143639708122,0
02f24adf-a95a-4400-a89c-bccbfec73657,1,0.8271831283583959,1
02fcc2ef-1c6a-4043-baf1-d4efec00d635,0,0.05008449723966093,0
02fe5ba4-844b-4852-a9c8-a5caaa588f55,0,0.04634460681586904,0
03098845-b534-454b-82a6-dc15d47e9207,0,0.04422355794239677,0
0311da4d-9100-43bf-ba08-024aa5c12c1d,0,0.07734322202870926,0
031874fc-7ea9-4a75-a4a3-52432eade4e0,0,0.04663969620982406,0
031f17d4-eaaf-420d-aa18-72ecb76336c8,0,0.07590207720723018,0
032adf51-a9b6-4b68-88a5-933735910cdb,0,0.04423884894757411,0
032e91aa-8274-46d6-99af-4216e0a8b201,0,0.04880043985742955,0
032f0adb-34fa-480f-8f18-93c18fa505cd,0,0.04575948515307142,0
03308f91-deff-4380-9279-bda1efad108b,0,0.04555678710207694,0
03314e2f-d70e-4753-97b2-ee0452899bf0,0,0.04333309065521845,0
0348b36c-3b2e-4696-bdeb-ded8d2c1409d,0,0.06197484462652348,0
0348eac9-d22b-4680-b77f-133296307c6f,0,0.050524040509936204,0
036d4ad9-f4e2-4a22-8aa4-9dacfc63921c,1,0.6433530569833671,1
0371b966-51d1-4b2e-94a4-94de056c9307,0,0.0729879510311396,0
037236f1-5b6f-4332-8f8d-cf6ced3190fa,0,0.06020300794362508,0
03780609-86a8-4f92-a55e-14ab9f87fe18,0,0.04610431991654866,0
038e5887-7ffc-4219-904d-f4e158b5a6c9,0,0.16670437513923325,1
038e6d6d-d37f-47ee-b1e3-c4ac6452798b,0,0.04115887278429386,0
0397cde5-3171-4e8d-9107-83ae2e226f9f,1,0.07834348535758477,0
039e6f7e-5d6a-499f-8994-da3817454154,0,0.04505951780920234,0
03a04b34-9f43-4eef-82c6-48ef5cb32687,0,0.044889479567811176,0
03a1216d-a9da-409f-b572-0cb9c89d78fa,0,0.04682128559693078,0
03a1ee6f-810f-425b-8707-25cf94f39415,0,0.15941689242824456,1
03a2f800-48b8-449a-86ce-741d1d32eceb,0,0.04453771402928456,0
03dd65b1-6955-482c-b87f-5c1fc010947f,0,0.04501877681129261,0
03f8652a-f482-4d13-bc48-c6498b04efb8,0,0.04995521862562679,0
03fdcfca-f8e1-40cf-928d-c104cf0de7ea,0,0.05992416730060209,0
03fe7bfd-da1c-4bd2-adf4-427483b00718,0,0.05238998080555261,0
0400325a-5bb5-4df9-a2ac-6fc8f571db1c,0,0.04840735762015922,0
0401ac58-7817-4014-a342-ed847390b082,0,0.04417460883659923,0
0409debe-3af9-43b7-bb60-4343aa770627,1,0.6588122232858448,1
040a3af4-91c2-4f83-a1d9-35227fdf4241,1,0.597064508250743,1
040d0e0b-0a40-4d40-bdc9-c9252e877d9c,1,0.5969581037250854,1
04124d95-f7ba-42f3-b458-4fd5f891921b,0,0.04300942189376709,0
0413aef6-95ca-43c4-92ad-df33728a921b,0,0.04892045869882026,0
0419323d-0fca-4404-9fab-4cb42f8d69fa,0,0.058906151951609205,0
042406a9-28c8-4a42-959d-706598a1d423,0,0.043906928543208545,0
0428c0e4-b701-4ce0-b5ab-5d8d145ff1c2,0,0.04262594043638855,0
0431fbaf-f2fb-4ef8-8caa-a7a366c0e66f,1,0.7455287629015059,1
043519e6-c2a0-4588-ab2e-d9fd5333012a,0,0.09441497660269545,0
043c1a1b-50fe-4588-9e8f-98368fe24eb2,0,0.04479206219636783,0
044e9283-6ac8-45d4-8458-73c066438b53,0,0.04655204587093269,0
044faee7-ed02-4833-af1a-810edd4b5b57,0,0.0557552026118913,0
044fc2ee-63bc-46dd-9545-648053b824ce,1,0.18113497875478454,1
04550e5c-efca-45e8-a17a-f8a3cbbbc24e,0,0.04426248640910669,0
045f19c2-c6a8-43b0-80df-d50e369c6b33,0,0.1250092147736916,1
046208c1-68cf-460a-a1f6-c88a0afd86f6,0,0.05182874346221641,0
0465841e-8374-4be8-a770-7a4a10fa352f,0,0.1181563342635741,1
046dd2ea-9aec-47a4-a14f-998c992d3871,0,0.04922453788618752,0
04720065-cf69-4f3f-978c-ff5e2077aa39,0,0.054438234956370644,0
047595cf-61e8-4d17-885d-a7a7b7caad0d,0,0.048665656814169914,0
04765b0e-2959-4747-add8-07b5c44fc45d,0,0.044563473182184794,0
0477b556-2358-43e6-a534-1b1e1c1d5372,0,0.04708626172896142,0
0478bd95-dc1c-4b76-84b9-281721d9fe45,0,0.045671687188178996,0
047df876-d307-473b-84e8-b1a1367abefe,0,0.05580134482741665,0
047e1cc0-6188-4c94-962b-fbb357e31a65,1,0.7367824458560164,1
0485535c-31cc-4289-9fec-634591489b30,0,0.04856801001915473,0
04866be0-00bc-4fed-92fa-4abc716aed77,0,0.08119489677364078,0
048a5f91-5109-43ae-879b-1c1cd67d2dd3,0,0.053044774804575534,0
048adef9-b4e0-4d79-ac86-f5fe4f8a170b,0,0.040619192510376684,0
048f4edc-fff6-4d33-87a3-f97e0d07818e,1,0.057659550767459815,0
0499d847-5e2d-4277-938a-9828830bb378,0,0.049032497701802846,0
049f80a6-68eb-444f-9f81-fc8c8fe46deb,0,0.05429812015489831,0
049f9a5b-f809-4ef8-930a-5c9f0263a145,0,0.04300600931735221,0
04a01207-c0e6-4de5-9831-86488cd45303,0,0.5501626876298646,1
04ae915f-5d28-4e0c-9d8b-a966832e47bf,0,0.0533172088410759,0
04afc209-5c84-42c0-99ae-09abd902bde4,0,0.042357410996132196,0
04b1bdd5-6e3f-46e5-97c8-7a79f10efa19,0,0.05526952844979328,0
04b54921-a021-43ed-ad1e-5f9351cd424f,0,0.04816952060224327,0
04cb08f6-0efe-42ff-8c5f-37e71afd4c7e,0,0.04380033332602534,0
04d412ee-083b-47c6-b688-8fa356fb9140,0,0.04098506615973616,0
04d5bf3c-56b3-4726-acc0-b7e8916e57bf,0,0.09674942136556045,0
04d70e41-46be-4373-b473-56a84ed4d88e,1,0.06513688147392283,0
04dda216-a25a-4f8d-9983-25adb88ab71b,1,0.19537601902123802,1
04dede3d-be20-4831-8828-1c2d6855c6e7,0,0.07223489323849112,0
04eb65b5-f29d-48ba-97e4-abefba12f1ba,1,0.05651778290829991,0
04ed5efa-363e-4e63-8f1a-0b98a6794877,0,0.0475397242336669,0
04ee31fe-e0bc-491d-8c87-5662aa76a2b2,1,0.05661428391090914,0
04f62891-5348-4abc-a168-aba20f96ac41,0,0.057111155488598846,0
04f67e23-6a56-46a3-88d8-0d11d1046099,0,0.045013932236256875,0
04f716dc-2bfc-4611-9537-851ece77b3ea,0,0.05360010893535397,0
04f7df6c-eac9-46ca-a79b-eae4e63234e8,0,0.051305017703284474,0
04f83e5e-813f-41de-b006-e6454d69fdfb,0,0.06470778225654127,0
050197a5-b5bf-4da9-8774-e3f6b16639e1,0,0.301514572714641,1
0509605b-c73b-48a7-8d1c-3ee12eafcf6a,0,0.043687964139814905,0
051fa0c1-a1c1-4276-8d57-fc0f3f5e2933,0,0.04358594982232152,0
052321eb-08d5-4e6a-a175-e08362e52126,0,0.0445524159672,0
052a8874-9f6b-455d-9b05-d36fd172425a,0,0.04402306317639999,0
0534f9e8-480b-4247-9395-1a87e55281d2,0,0.0473285643233916,0
053aaee9-dff0-4414-bcef-3b67c1ef456a,0,0.236319695963949,1
053f1c21-370a-47f3-aa20-8bd1b27d7efe,0,0.04576973323430692,0
0546c1b1-9de8-424f-b77d-741b243fc406,1,0.09350070802161699,0
0553cb1f-f700-4dfc-bcaf-b8b25581ee68,0,0.08272931199827764,0
055a0611-9bb5-4378-9cf7-a369c5e74072,0,0.04351426139405898,0
055cc9e0-5069-4de8-adb6-6a657ffcb66d,0,0.048052494956714174,0
056592cc-be19-4bef-8cb2-e5e6c756b64b,0,0.044946050454503075,0
05664614-7845-4809-ac08-970a912858d0,0,0.05299916992258935,0
05795d64-45d3-4afa-830f-6684242046ab,0,0.04781406307588131,0
05840863-f54d-47c7-a277-b7e5ad628409,0,0.04495533160815605,0
05863a3a-36c2-4db7-8c4c-083f51427d18,0,0.04438308140531446,0
058aa044-1a7f-46be-a107-e0fc5187d748,1,0.7763144005425572,1
059244a4-4d86-4b79-9cae-bb9d40f47020,0,0.052158208351851164,0
0597a93c-1d0f-41f8-96db-fc006d387392,0,0.04098244547159058,0
059d82b6-1c07-458b-b8e3-80319ddd15a7,0,0.04376733341600016,0
05a1ef7a-be2f-452a-94fd-923fafe40a58,0,0.04571255495447664,0
05a7209c-3f0a-4aed-a5cb-e51404e37171,0,0.041362870125745584,0
05af6cc9-98e0-4bea-bbc1-4b53033380df,0,0.39837404177916713,1
05b8ec5a-771c-4538-ab7c-cc2a37f3d2ae,0,0.043627687946705296,0
05b950a6-30f3-48d4-9d33-f811697d4dea,0,0.05973135610986451,0
05c626b9-1d3a-41f2-8273-964e3f69ef27,1,0.5153329483195944,1
05c80226-30cf-455c-bada-f342e8004fba,0,0.04836102123990333,0
05d1d427-5e88-40eb-beba-5b1cbd15b557,1,0.8087105166061466,1
05d437eb-5a8f-4ca9-bf3b-dce3be3e8642,0,0.04408045292885458,0
05d8bbb4-8b41-47b4-83b4-1346bf1ef12e,1,0.05427958925450304,0
05d8ea5d-c7b3-4dfc-96d0-cfed6ae9be8a,0,0.0425513470533253,0
05df3fd7-6b4d-42ba-87de-6a1370102234,0,0.2694873895349971,1
05e82f39-4f63-4221-a972-6db8ea997696,0,0.04405187771558621,0
05fac54f-85c4-489a-8859-23220bbca835,0,0.0658723132083286,0
05fc211c-0214-4b5f-b935-6f0a01d09ccf,0,0.05403611168144765,0
060c7168-ca1d-40e4-b292-816a2a6d9262,0,0.04573610774845325,0
0610bf79-09c8-4031-a93c-540dd8535aac,0,0.04645194651723227,0
06223ef1-ad31-4ba9-8198-6b3e62614a7a,0,0.049095061236947,0
062501f9-983b-4b7b-9286-a34a6e00f2fe,0,0.04433352125230439,0
06256614-c635-4bc5-8476-42680a69f6f2,0,0.04631110959814048,0
0632dab3-9f45-4042-bf72-fc91e38b995f,0,0.0472127255863874,0
06334790-af87-4f16-9fc4-b40830834022,0,0.07819034165598358,0
0635733b-7b98-4717-b9c3-f83a01cea333,1,0.5066475463091125,1
0638fb11-b4dd-4906-8e77-b20fbde12f2b,0,0.04530820846187654,0
0643e073-160b-4442-b0fe-38240a8ea779,0,0.052569887301996084,0
064a9da3-e56a-4e4c-840c-82027cae3299,0,0.08541845500500496,0
064e85ee-df04-4578-96b2-2a933e652e13,0,0.06015218239259348,0
0654fd9b-0deb-42c4-9e78-4eef1db5b0f4,0,0.061023461082248626,0
06574519-836e-4fab-bbe3-5704802cf978,1,0.042815316775423704,0
065854a5-9bf5-4294-84b2-9865f46e2396,0,0.04109339368860397,0
06590574-831d-4899-8f8c-766e9a39f421,0,0.04205761237691007,0
06593432-85c7-4dd1-98e1-b184d28fc0c1,0,0.046234450303168716,0
065ad782-2eaf-48e7-888c-9b4dcafaf85f,0,0.04329340365374786,0
065f1493-c9a8-4ea0-ae2c-04134e01d766,0,0.04871337693751339,0
0662a269-7eb3-4bc1-a040-6f993672a9be,0,0.04322725145101054,0
0663ffca-3f68-4619-8c33-71179cbd925d,0,0.04687108525673084,0
066bfecc-609c-4ff9-956a-7e6833d5557f,0,0.057646326442201364,0
066c6496-9adb-477a-9053-ebf64802b1a0,0,0.04203540138258103,0
066febee-e651-430c-89f8-07edc04a4317,0,0.051110376063832494,0
06738b91-762c-4547-aebb-6c0c8b6ccac3,0,0.05541481517056637,0
0680cac6-a7b0-47f5-956c-16bd16c752ed,0,0.04860158979922639,0
06827d93-df48-4cb3-8606-95343d0388ce,0,0.06248611002492346,0
06838d1e-36a5-43d0-99b6-6d20bc5bba03,1,0.16549790356121416,1
0684d498-7c7c-4be6-a6f5-2551959ceb97,0,0.04475235164482335,0
068cf94c-f3c9-40f5-b1c6-7e03d0f98c18,0,0.05042290098953502,0
069c27b5-e536-4a04-8198-4e6cbb3c9301,0,0.046037353366585626,0
069fad4b-6341-4257-a884-68ac3894186e,0,0.04672316943215478,0
06a336d7-34af-49c8-88d6-0604e8e78866,0,0.06465123481831084,0
06a765a5-2605-4e4e-8dd2-743ab33e03d0,0,0.05334668563670391,0
06a9e6ae-27ee-45a1-8c79-4693cfff0a21,0,0.11915437654425458,1
06c685ff-3aa6-46e0-a69f-7b86c3f23608,0,0.046650039778242634,0
06c8e51f-1f01-4bc0-941b-600a7988db88,0,0.05748735903807714,0
06cb121d-a443-4124-b4a7-4c417da39b59,0,0.04163513321081795,0
06cb1ab8-4b8a-46b4-8396-8b9d7ce3c686,1,0.8101130734331875,1
06d09e69-f556-4903-b7e1-5a8ede279e84,0,0.13373658468185093,1
06e7844e-07ab-47bc-9e64-e312bf5182fc,0,0.05850520542967186,0
06e9f68b-cf32-4b04-990e-714aed975999,0,0.048124253936945416,0
06f264fe-72cb-402c-b94c-72100e2e65ce,0,0.04453681238339911,0
06febdaa-b5aa-444f-99f9-2c31e38d1cdc,0,0.0443698494385976,0
070193bf-c07a-4e6c-bd2e-47d85ee13a8f,0,0.04680876685020688,0
070266a2-2a61-479b-9654-6d714b9f9dc5,0,0.0458301873954625,0
070a295e-9f7b-4a55-a989-fa9237e5bed8,0,0.11070871462960226,1
070cfc8d-672c-472d-8d92-f4973b169758,1,0.1118480277070489,1
0720e9e0-28b2-437d-8ee9-a0b4c38959ea,0,0.054287702632574854,0
072b4071-04c6-4627-9956-a0e68b6dd1e3,0,0.06137718732601548,0
072b968a-68d8-4962-acd0-031e80425633,0,0.04324536548070566,0
072e63b1-bff4-4141-811b-6e64d2397275,0,0.07730664993277715,0
0736db6d-ce28-4bf5-96bd-f43088236fff,0,0.11057994546850791,1
074a96fa-df36-40a9-b58d-894fc3a3d14a,0,0.11512979736311524,1
07511029-6a7f-4c2b-bbbd-eb516483aa10,0,0.045980714850387586,0
0753dd7a-ea09-4db3-95e4-ed7a3fcc1acd,0,0.06421706407698116,0
075628ea-1ebd-4403-b5ac-690a1628ce75,0,0.04295732140513701,0
07582494-429a-4d8d-8bf1-3fc7f3798c95,0,0.04349677308969543,0
075dc9c4-033c-4a0c-88c5-53629a96246e,0,0.056680962488021715,0
075fcab9-00c6-4f2a-b6f1-a598b8e442a0,1,0.06009523463187801,0
0764c275-dae5-455d-8094-b810d1a2dd8b,0,0.047623619156599954,0
07771128-b98b-4ada-86a9-8c2d3e48b0ae,0,0.040972841855487274,0
077a3b91-6515-4ddc-8426-0848820dfde2,0,0.04264839736591863,0
07828463-1142-47aa-b2de-8b5cfc7e5090,0,0.047423310676052544,0
0783851f-8bc6-4364-b675-8d82f1d2485e,0,0.05526904079256666,0
07843bf1-a59a-4a98-a302-38cbd2d1db9f,0,0.3574649958159642,1
07873bab-2188-4bf9-9fab-de88f0fe1c6a,0,0.04439430913325951,0
078960c8-9024-44ba-b1cc-5693fd158df4,0,0.054969228515608114,0
078ba74b-7631-4e30-bb09-49d95bbe9d30,1,0.0897711341679817,0
07920d96-a878-4819-a455-1df881e68630,0,0.048451880137258964,0
079346a5-bd08-4f27-a96e-736b6be4dc72,0,0.07626746553482397,0
0795ae61-42d4-4dce-90fe-afaf4e502f77,0,0.045987172342287955,0
079733c7-def4-42bd-a55c-3c7c5792e75a,0,0.04715235114039623,0
079e278f-fdd1-470d-8b83-0fa26efb1304,0,0.04785632772440765,0
07a2be56-9d4c-433e-bf68-939b9d279399,0,0.7351134785641983,1
07aa223d-cb1b-4a67-a801-a87a8bed85ec,0,0.041951052928233375,0
07b34a00-2565-45f3-89c5-4715f3826288,1,0.7399050487692553,1
07b88327-9a83-4f2b-af8d-1e6b4720ac5c,0,0.04408176158155055,0
07b90206-6d62-4c8b-bf22-00931d147730,0,0.056667725780956815,0
07bbf44b-712a-49c9-858b-ba9bf964e8bd,0,0.04548420993992679,0
07bf9618-2293-4a0d-8ed9-d87be5183e9f,0,0.04424645128891911,0
07cc6f47-12e5-44de-a15e-d676d8d17c14,0,0.054038713694807054,0
07cdb2f7-f531-4b67-accb-bb5bf2f54455,0,0.05050494059833984,0
07d2469d-f2d0-46f5-992c-37bb917033ed,0,0.04840730828173835,0
07dda730-7c82-4d0a-a3c2-0ef46f6f337b,0,0.051020017635463835,0
07e3eec5-10d5-481f-afd3-15f749071155,0,0.08670841084315425,0
07e95b26-4a3d-47df-9539-1edb884c7501,0,0.2912877391862529,1
07eaf775-122c-4487-a924-a6a0350d03c2,0,0.04766534157587236,0
07eba783-49f2-4d72-9a32-78ab1d09a9b5,0,0.046532233317730494,0
07ece444-97b4-4ef2-b44a-6bf46594d61f,0,0.05218158581595846,0
07f1576d-e126-4187-80bd-15b31e84943b,0,0.04645939148334667,0
07f4101b-63be-4162-841a-d86a0cbd6f73,0,0.052373412807397636,0
07fbd9b3-b736-4179-8377-8af48510aaa1,1,0.6276226361427578,1
07fcf2a1-4b3b-452a-8eeb-82ab350d3b54,0,0.060177984447198504,0
08063409-b094-4a58-9656-ae74625e19f9,0,0.056191135102220194,0
0806e373-8a18-47f6-b869-d33c0e9e4013,0,0.05469285963975143,0
081577c0-7245-41e3-9fa0-c502ec36c8bb,1,0.7024883001316999,1
0816d220-d1c1-4d0e-bfe6-2298b323c034,0,0.048461336254182114,0
081b561e-6b1a-498e-9dcb-5287ec52e93c,0,0.0432831193162949,0
081c0fcb-6aff-40cb-9927-6acdd8d0d3fc,1,0.8101033419921606,1
08218707-45fc-44d3-a460-0c5a47657b02,0,0.05755236268018039,0
08245f32-19b2-41ac-b946-fe5ba9c202c6,0,0.050638955882265954,0
0824abb4-0532-41a8-b9d1-cf2773712568,1,0.1118872240599754,1
082b1e0e-dc54-4699-8847-f20b10e3157e,0,0.04485062307076863,0
08386bfe-c3e8-46cb-a154-68432827a3f8,1,0.07860611525758711,0
0839cecf-a3d7-4635-92a9-8c66a4596684,0,0.05979592243216759,0
08434641-0fb0-496e-9284-7ba6e059ef59,0,0.048088159542462705,0
084f20a2-4004-4dcd-972e-f1278fefabb7,0,0.05382646119890185,0
08508653-f39f-4631-9ec2-f0a70050ba64,0,0.060482462201559575,0
0853c390-cbec-4ac4-a47b-3306afaf929d,0,0.046183908337519175,0
08577cb8-c3d1-4ee3-9d29-b1aee4d91a47,0,0.04112975465843025,0
085aa864-10f4-43c4-90d6-6f7420300a85,0,0.05887794726116372,0
085b4fc6-692a-4304-a8e9-5b9f04e55c6f,0,0.058237783342188765,0
086af45d-c4b3-4a12-8596-e4f91a55650e,0,0.06653218302697915,0
08731ecb-a48c-489a-9410-b426b3438c18,0,0.04427964923675595,0
08774364-1e83-4dc3-ab7a-b58420336080,0,0.05585310738030404,0
08782261-c5f6-4667-8e96-a23eb37c0090,0,0.04586924084517895,0
0878922f-b719-44b5-8a55-8f3bcc9ac905,0,0.05852393398557007,0
087933c7-5000-4009-b654-670275e0eb6b,0,0.042638811642689754,0
08796295-b81c-4d2f-9eea-c3d636b2d9ca,0,0.056807322111098714,0
087f0d82-6e8b-4be1-b6dd-8eb9ed350039,0,0.04797446169501952,0
08812edf-40eb-40c7-b7a5-8c713a55fc80,0,0.10459912352004708,1
088618b7-353d-4353-b92b-8e24ed4a057a,1,0.8333316088870308,1
08870126-b59f-4dc4-bb54-987f3cada5c9,0,0.052955012905336114,0
088ca03a-492e-4fba-bc92-3f5883d46099,0,0.05321260603726871,0
089b7630-837f-4360-ac80-abb89f7d621f,0,0.06321586097517536,0
089d6480-b83d-438c-aa65-f51c622c9012,0,0.04781964445398126,0
08a87442-0baa-4b91-a951-ac999ed03cdc,0,0.42852586364620765,1
08a8bd5f-d284-431e-b5fb-017003c103ea,0,0.05233588475478894,0
08ab2778-9fdf-4ded-a612-c0b7e4c63580,0,0.04845902639386454,0
08c91566-b6e8-4d21-80ce-edea7f72448a,0,0.05025058915073924,0
08ccf9a7-0d2d-434c-9298-e020ddb725f0,0,0.049078501630667064,0
08cdd88b-162a-4a6b-9b75-dfb54f1489bd,0,0.04185392702253915,0
08d0d4ce-9032-e157-633b-5293b0b5f8a2,0,0.060124696160448195,0
08d87ef3-b451-475b-a1ce-15d29220382d,0,0.04945105958465702,0
08e3256f-441e-488e-9428-551d5e683576,0,0.043123613328718766,0
08e6fb1e-c038-4049-8807-e2e107ef6e37,0,0.0437947926649344,0
08f8b2e6-bcce-4bb1-bc25-8552c2f9ae19,0,0.04555921405558031,0
08fb6ab1-c092-41f9-bbda-e9e0b526857f,0,0.04905255344662885,0
08ff8d01-5363-40d8-90ad-a7dcda7cd3e5,0,0.043004322608348904,0
09023981-838b-419d-9d2d-d61db58cc04c,0,0.04776345851756064,0
090664f1-e3cd-4afd-9287-04c991892985,0,0.04416904619077552,0
090a42d7-961a-4824-b2de-e026cd6c9e26,0,0.04714506256973224,0
090ce30c-5c91-407f-ad9e-307a65e578f6,0,0.04605049352752015,0
09109f5a-8506-4384-89e3-7e8f7bd69a41,0,0.046966110127981776,0
09169c49-1d29-4c50-9fd9-cf54fd540ad7,0,0.04500024666193983,0
091fad21-5373-4723-ad84-7a4cd88c1451,0,0.04086694175538586,0
09262bee-47b4-455e-8680-e9bc47aaf5c2,0,0.047918878602762525,0
0926d6fd-b7ba-43ac-b911-69bac9b17697,0,0.04140011929047971,0
093a234b-9c8c-48a5-bbf6-a9205f046fec,0,0.04716984134413508,0
093e84fd-d542-4464-bcae-e458405d8397,0,0.06090342002600987,0
0944aaae-f5b0-416b-94e8-a4d742112a04,0,0.045022379036191044,0
09480b45-ca9f-4ff2-9c03-a652659a49d1,0,0.046797583222579105,0
0949fcce-21aa-4ad8-a4f0-5dbb3854a7f7,0,0.06863828614606528,0
095a9445-1f93-4963-9397-010f4e41a7ba,0,0.07257157149316389,0
096c0f39-f4b9-4161-8728-4a4f3b1db629,0,0.05394068622480098,0
096e48da-a7e2-473d-8528-cd111fcc45f4,0,0.04422847407580654,0
0985d67c-ec78-4b1e-9f06-c0c558eb2052,0,0.0516159957007734,0
09972746-fde5-488c-9b4f-bc37a18039da,0,0.04954676880939495,0
0997fafd-3233-4b93-962a-29623f16abd5,0,0.05344664048630935,0
0998e4be-cdb9-479e-8ce9-c77ea02ee538,0,0.04236305709952887,0
099a9f1a-8d54-43f5-8319-406c6e4610a0,0,0.04294006256203815,0
09a52a4a-ddb2-4504-9cb3-2bfe6e8569a8,0,0.047818291952928846,0
09b7c784-8f82-466e-8238-133d85d2f528,1,0.24330574950610498,1
09bdf6c0-b78a-483a-b468-cf5bc6c3ed05,0,0.04248269427844926,0
09c23a1f-f7dd-4956-be65-2ed9c5451e92,0,0.0437478430152853,0
09d109f6-b74e-4ed4-8bd1-47f3c77284ee,0,0.04293836087288045,0
09da2c0e-55cf-4017-99eb-2fb64f550404,1,0.28313399962262503,1
09da8aae-6b6f-4187-9eda-d82d5a61043a,0,0.04547312416000078,0
09de934f-7f9d-4edf-91cb-9c48a64fa91c,0,0.045331493067473534,0
09e1460c-b526-46a6-814d-40b68fae8cf3,0,0.04840972451746954,0
09e710f2-94c7-491d-b56a-2fbc5c42d094,0,0.046533960507720934,0
09ef5c95-e3e1-4fed-b89e-c4f0e2526d57,0,0.04611727207426636,0
0a08ee06-4e35-42bc-8c74-f7840ae9d24c,0,0.045755895921138115,0
0a17c397-254e-463b-9536-494428f06125,1,0.07807961223278355,0
0a1ae197-4c96-4e09-94c2-6528b837810f,0,0.046101647661308254,0
0a1eb64d-a53b-480a-a50a-fec6ceadd7ad,0,0.042360445671084095,0
0a265ec6-06fc-43a7-ae00-5689bc1e35d1,0,0.04603084961700309,0
0a2b54d2-b185-4c2c-87f5-e85838a9cba2,0,0.04739983907680649,0
0a33c2d3-58f9-4c58-bf6a-99fce031a6d2,0,0.05103928482614273,0
0a35c16f-2a74-462f-9478-57a3ebb3fd96,0,0.04148570945083252,0
0a35f037-9543-40a6-bb08-beae5051de7b,0,0.04541560061097706,0
0a440a93-a88b-4db8-bbda-839b55b61e04,0,0.057951316435092194,0
0a486232-f9ab-bb2a-ca07-845e22ee0295,0,0.04591906093306659,0
0a51ceb7-389c-40ff-9db9-93f68fc9760d,0,0.06995676720475393,0
0a54385b-71d9-4d70-a933-701671397020,0,0.05689157298644358,0
0a54ea99-b459-40ca-8dab-60ee0ea93039,0,0.043554723323822014,0
0a597434-7f40-4da3-b47f-a63233b219a7,0,0.046153472424303905,0
0a5cbd18-e424-4d9e-9cac-fd878358667b,0,0.04443999750442533,0
0a68753d-042a-4136-a45e-df85af710cae,0,0.044287487874500035,0
0a6b7a48-6278-46ff-8a1a-79cad0387e15,0,0.045343632056026,0
0a71f0c5-aacb-4e7a-8668-34c4c07f2ecf,0,0.0478100328057976,0
0a73e1e6-2c4f-43c0-bd83-5809b01838f4,0,0.12120257736980879,1
0a76d4e8-d1ae-48c4-99d8-25e44d6d7949,0,0.04539379045826732,0
0a7c63ce-37cb-4646-9f95-69f485e391f3,0,0.04483697927287646,0
0a8193f0-459c-495b-9e2c-0c14c92ab60e,0,0.04452081330480542,0
0a82332c-d8d0-4e3c-bb69-7b9b50727e7d,0,0.05038776609912705,0
0a91207b-af4f-4f9b-84f8-c5c096f1ca9a,0,0.046631126256719016,0
0a96c827-d457-42d3-ade7-9d3b95c5314c,0,0.0448681200174736,0
0aa16b11-1066-487f-8025-6030c1972936,0,0.04181053415866458,0
0ab0e68e-8302-40fa-a361-18b328297dc7,0,0.05493303442018799,0
0ab10acd-4f2f-4c9d-8891-90365e1023ef,0,0.22831940595094652,1
0ab59f74-e409-41bc-a330-f814e0333224,0,0.04473130339102849,0
0abea98b-66bf-4c9d-b0f7-9b5a8410a0ac,1,0.44000280728613467,1
0ac143cd-83ff-41b8-aabc-126c7fc90999,0,0.05014987498354896,0
0ac63c67-599c-43e8-b790-971d623734f9,0,0.043600596175780645,0
0ac92940-754e-4cee-baaf-e6a1701a7062,0,0.047336108699733336,0
0acb78c0-c80d-4dda-8ec9-b4cc7d83ea48,0,0.04756536347872788,0
0aeb951a-d9e0-41d5-a97b-c2123b2b5159,0,0.04624443156241803,0
0aeda5d4-b871-497a-a9e7-a6c44611ee2c,0,0.30091661112422063,1
0af4f1a0-73e7-43ad-941c-93ffd54cd8f4,0,0.05962115830743415,0
0afc6bbe-e30e-44c1-9c9f-33be1b884e8b,0,0.05502763043951563,0
0b051a27-b84f-41e7-ae37-7a048411b788,0,0.041668433385616904,0
0b10385d-77ef-43a2-bb15-a0df64edf49d,0,0.051740256104205136,0
0b11a8f4-3a02-493a-b797-f3e0724acdfc,0,0.057516615178804034,0
0b131d55-5abd-48c1-99a2-68e503feaf3f,0,0.046349648720198616,0
0b133c05-148b-481f-ae2d-c2e324049ab2,0,0.06535379057063632,0
0b16c25c-3f65-4666-a1ba-d1f73cf0ef64,0,0.050647193783084445,0
0b1bd3d1-047a-4e57-ab20-13ccfc2dc68a,0,0.04837261314140183,0
0b1c6b7b-e66b-44cf-b6bd-609098812604,0,0.04439801819033783,0
0b1d55a1-2d34-40ff-bbf3-52db168c0409,0,0.049352344131707526,0
0b1ee383-14c4-4cd6-997b-8b678d46c8ce,0,0.04852866817002335,0
0b1fc501-3992-46ce-a2c0-e2fb3da05a7c,0,0.042602486903320504,0
0b21c2ed-6c4f-438f-9f97-86a3062808c3,0,0.35455437336720114,1
0b24185e-4026-4605-a236-6cb150528485,0,0.04323355148140614,0
0b4e8733-f556-4a4f-ac48-67d0d4f1881e,0,0.042008845190202156,0
0b58cee9-ab6f-452a-8b17-e2239707e299,1,0.1487521907527905,1
0b5b4b11-4ae1-4464-a93c-3ddc5d118dfc,1,0.15158002724915748,1
0b5d5478-6ac4-41b3-a192-0a46d465e2fe,0,0.047758060587270584,0
0b639ba0-ce60-4f4d-9b2e-eeb7860e7f85,0,0.04667851874744458,0
0b665f6d-da80-484b-aa2d-24482f86096f,0,0.041324518933473095,0
0b68bc84-9e6c-4879-8ecc-d6460a660d6b,0,0.06455371702976907,0
0b6b58a3-4839-41b3-88ef-8d5c3c726cdb,0,0.13285369357299345,1
0b74a829-f9d7-4654-b5b0-35bc9822c238,1,0.8641053076391141,1
0b757299-730e-4aef-81cd-e572a3f51413,0,0.1178906256071909,1
0b828fb6-99bd-4d26-beb3-3021f5d6102c,0,0.05075696701307358,0
0b890c20-604c-4888-bd5b-8d6a821d76e7,0,0.08150493406411605,0
0b8c4999-1228-4e84-bd64-48222031712c,0,0.056020200966995046,0
0b8fc82c-ba8c-4f75-a985-3a5a31d6311e,0,0.04990569404906285,0
0b92a42d-6c78-47d2-a356-bb0e2b76459a,0,0.054904793653217994,0
0b930dcc-d5e9-4088-99f4-9f18462ad2ee,0,0.04560865548268072,0
0b994bc5-b709-4a07-b530-bff55306fb0b,0,0.04557986618964739,0
0ba90e17-7e03-404d-bd58-9530871a6694,0,0.05681918867829621,0
0bae8be6-3c4a-4975-aa0b-bbb55a044bfa,0,0.042286097992340926,0
0bb31f29-af61-4904-962f-a4af2b7fdf9d,0,0.043383584130602906,0
0bb7199c-a8c6-429a-bdfb-22fc865e468a,1,0.8597780654783094,1
0bc19241-71ed-4314-bda4-c082b94583e9,0,0.04778563893785049,0
0bc60686-8eb9-4af5-a33a-3791d9a7e48a,0,0.056152292308325004,0
0bcd1d00-7c14-4ee3-9d50-e4aa765137e1,0,0.044015523044364825,0
0bcf650d-d1ed-410b-8eaf-f81490776e1f,0,0.08954544428020672,0
0bcf7e8a-87cc-46a1-b1b0-6b7a64a7b4fd,0,0.04607214990832142,0
0bd8ac85-c712-404b-a121-942ca1d6778a,0,0.059421309609809576,0
0be284f1-2224-4ec5-880d-2da252c3094b,0,0.04610223614108596,0
0bf5075d-7034-4aca-af66-cbd83f67de4f,0,0.04729182692297014,0
0bf7269a-7464-d52c-483a-13d03f0b80ed,0,0.052060994092881056,0
0bf7291f-c7c7-40ed-92d9-7a72cffb495d,0,0.04720768458093736,0
0bf7b311-f041-49b2-b33d-a20f2d1dce0d,1,0.14959461196030802,1
0bfe4a82-3341-4d2f-95b8-94a79ec69d03,0,0.09343999124897061,0
0bfe5524-5694-4295-9dea-7adc1a51c38a,0,0.05234080947031428,0
0bfef86a-280a-4597-9b97-a6bc16e5f2a0,0,0.052092066685876695,0
0c05b023-37d4-4854-91b1-26105525fdd0,0,0.05157490903263347,0
0c06469a-66ab-48a1-8360-0d3b866db4d7,0,0.05696521197468675,0
0c094c1e-4251-469e-856c-20d388347b0f,0,0.04674842031752674,0
0c19ae22-a419-4823-ada0-be9dd5c16170,0,0.048262846015895866,0
0c251daa-d072-4161-8de4-8c36091b0093,0,0.06548569560603275,0
0c2af404-c8b2-4bad-80c8-b793474d648a,0,0.04346887185694583,0
0c2f7bfb-5f0c-45c3-82e3-b5c6cb211a8b,0,0.05018291151631232,0
0c39f775-37d0-4acc-b4a0-3b96a7bd621d,0,0.05846252574555469,0
0c544efd-6f0e-45da-906f-0f0de197d78c,0,0.04773462921738123,0
0c5739a8-71c0-41d8-9327-9fe7c00bbe59,0,0.20265171503351026,1
0c74e0cc-d340-46ab-a2ec-22991081648b,0,0.045710337702375224,0
0c79c7b1-cfb8-423c-ac1c-83657fbaa4c1,0,0.04322608885982833,0
0c8558b9-b3c2-43b4-94bb-7c43a83a4b0a,0,0.04669321736959056,0
0c8fae60-dae2-4477-80da-450c5fcab95f,0,0.1493598674158969,1
0c94303a-747e-464e-9b2d-9c2477e6c4f9,0,0.04555309452199166,0
0c96bee0-52b9-4735-be88-184d92cb0cc3,0,0.04581625574087987,0
0c982814-d34b-4167-820e-16f87ff595ff,0,0.04735261074096987,0
0c98fe4f-6cc5-4743-8355-ef8b8ace66c4,0,0.053324604645581725,0
0c990938-0901-4150-886d-300d8ec5ac3d,0,0.051196232834919184,0
0c9bb9a9-6abd-4a32-ac26-b0d4d12d51cb,0,0.2791032858587275,1
0cbafcf7-d0b0-4b6b-ab89-50ef0fad83f4,0,0.04360068446501916,0
0cc13e70-be03-4e04-9e7d-4c7830844735,0,0.04801294134081364,0
0cc18ffb-19fa-4208-bcf1-d453b9ca1569,0,0.05012201339141673,0
0cdd6e03-70ce-4bba-a7cb-da77966b3426,0,0.042703547974163675,0
0cdea124-bab5-45a8-90c6-fb425c163dbf,0,0.07184515260523648,0
0ce2e5f4-6ba2-4fe4-ae53-d7a48bc029cb,0,0.050623473542476746,0
0ce5730c-26ab-426f-84a5-de1404821021,0,0.04192658863716947,0
0cfb4100-7aa7-47b9-8558-80440c2c9771,0,0.04964527449596497,0
0cfb43a8-b3db-4c14-a2f5-c6d6a53e7083,1,0.6616756052541609,1
0cfcb962-7864-490a-a1f5-931501a32624,0,0.06499942756851383,0
0cfe4c12-b829-4daa-812b-4268dea2cd4e,0,0.06140554122315542,0
0d03d3d0-acea-4598-a360-a2b60da678f8,0,0.04437975813909988,0
0d04d946-2079-457f-8964-1214ed690bf1,0,0.24581600814475277,1
0d079677-a954-422f-a612-b59d559f06d1,0,0.07934643936687209,0
0d0c3d87-ed6f-4f58-9b9e-2cc44b89d25c,0,0.04509840571241179,0
0d0d91c2-c9c2-4e81-90a5-86594dec0db9,0,0.04369353966749983,0
0d1236cd-7262-4c0a-8248-4f9cdcb00702,0,0.0428915227156516,0
0d1c95aa-70a4-4a8f-abc0-51066f7df085,0,0.04589422968068652,0
0d1e82a7-9881-431c-9dd9-31634d70c14c,0,0.04142320696977527,0
0d21849b-b5e5-4d0e-b699-3100d5c045cb,1,0.05543989701861752,0
0d266eb1-f2c5-4ad9-84cd-89594077b0b4,0,0.04508089059542563,0
0d32c4cb-d308-426a-afcd-3a571035236f,0,0.07760902322310738,0
0d399561-0f26-4893-ac70-e962e9b3ed27,0,0.042425144918496735,0
0d409786-74fb-433f-9d24-854dec7953f5,0,0.04667045527053629,0
0d452b0b-494c-4784-a4d2-a99f9b609c30,0,0.044128398605454894,0
0d4a0cf8-f589-46de-85f5-6ed1da21b9d9,0,0.10646925159116703,1
0d4f4804-4a11-40b6-b897-1604f0d7ac59,0,0.04515753336073991,0
0d4fdcaa-d500-4ce7-8966-080d8917b1d5,0,0.06058533666512474,0
0d4ff962-1c0a-43d0-b241-3d57490d1841,0,0.06597014661019696,0
0d592276-8ee9-4b9a-940e-5fd08e920af1,0,0.05375196028265007,0
0d5d4c66-87ca-4991-9e62-e8e22444bb5a,0,0.05481031677760755,0
0d5f0d07-ef1d-47a9-bd45-4e242c3122c6,0,0.043455410161030716,0
0d6450ef-4cbb-49b3-92e7-91b1d525833a,1,0.7582625850860691,1
0d6a3f9a-4cec-417d-b4fa-73b90f080447,0,0.05014344458202436,0
0d6eaa60-339b-4cf9-b66e-2d30e90f5f58,0,0.04474012346665068,0
0d6ecf2c-850a-443d-a7c9-6ee8d6d53e4a,0,0.04710478589133607,0
0d827063-f537-414b-b23a-577648b4bbac,0,0.05106933655858432,0
0d8a2c5a-6668-47fe-ae06-bf8b3f129edc,0,0.05362553976002044,0
0d8e4cb3-e27e-4daf-bb56-26a98452856b,0,0.045322749373072256,0
0d98cd19-73af-4b1c-957c-7f2439f3084a,0,0.04467483958744408,0
0d9b3f35-10fc-4deb-987a-17e3d1ae0b36,0,0.06304477356668917,0
0d9b6d30-3358-465d-8737-06b6ae3a9aa0,0,0.049028024029191195,0
0da274c7-d7c1-44fe-8360-a8000f9ec7dd,0,0.044723618751552174,0
0dabce29-6b02-4fd3-b6df-3aa7fcefede3,0,0.06954030571282467,0
0db16518-dc61-4f0e-978d-d9c3c2e186b6,0,0.047630305366824624,0
0db770f5-225c-4e8d-9814-f045e4bfae87,0,0.05319234922170651,0
0dbb15d6-55e5-4fa1-832f-15a7298543e8,0,0.041049362258098465,0
0dc17094-e58f-4f24-97a4-4f2128d1e824,0,0.046804247196785775,0
0dc21ce6-b3f8-4cb6-872b-37eef29da033,1,0.11366611091500985,1
0dd5af90-a700-412a-b584-abb03dc83d97,0,0.045109623077946186,0
0dd5bbdd-28b9-44b7-b8fa-c67557d173c9,0,0.17349383446268557,1
0dda406c-cfc8-47fd-a8f5-4d4e370e4636,0,0.04922704072219025,0
0dea463e-9239-4430-aee6-1b5a9fe752a5,0,0.04565589246564951,0
0df810f7-9ae4-491f-aa8a-90366ca236ba,0,0.05547926951105987,0
0e002c5a-1d4e-49a9-ba52-f55262dbfa25,0,0.043920983220186366,0
0e0b58d6-7881-4992-91a0-f43ddb990a0c,0,0.05600311329498147,0
0e1395bb-61b1-4444-af90-93920683665a,0,0.047112974943251305,0
0e20323f-5ab2-49df-8f1b-d05d1e82320e,0,0.050836332099720535,0
0e2bacb7-7010-4ca4-852c-69d866d466aa,0,0.04549402395131099,0
0e2bb973-c58b-460c-b339-63b71641d498,0,0.06480178745144864,0
0e30e1c0-4d3e-4e1a-90e3-ab93b5f5c1a2,0,0.054378197484158106,0
0e338dca-7847-40ec-a9c7-b913e4269937,0,0.05022110801871253,0
0e3839b1-373c-4055-ae01-a948d55d19c4,0,0.04414522306093444,0
0e3d0b2c-9555-443d-ac1b-b1c63bbb4a05,0,0.04520621848600858,0
0e3f5156-f57a-4d58-b3a8-a92d749bb87a,0,0.059788362118471196,0
0e4f9fbe-1bb4-4945-95cd-b2115c2d047e,0,0.08255393564706759,0
0e679a9e-14c9-402a-b0cb-2387e1603e15,0,0.05082722117118088,0
0e67d783-f6ce-461f-b83c-04747d5a6964,0,0.06405963993052811,0
0e70066b-009e-47c7-9a2f-ca29e23df82b,0,0.04146286389262745,0
0e729c38-4aba-4961-8b6a-bfa37fcd555a,0,0.09802910069684667,0
0e842ef6-c2ee-4057-a45b-93f3bd9e8384,0,0.04921290050718135,0
0e8672d2-81e4-4522-9bae-d44014d4fa7a,0,0.0685807849180314,0
0e97ccd2-7495-4d47-a8aa-c00f9621851b,0,0.053368036550293964,0
0e9b14c7-e3f2-442a-aa57-39b687a3c5ce,0,0.04250465754991314,0
0ea0a133-70da-40b1-9bc8-1c1fd728154f,0,0.09062534401575706,0
0ea48a89-6e25-405c-a830-4a9eda8b6e8b,0,0.044007753806660506,0
0ead730a-13f6-4662-a06a-f40b779f337c,0,0.04709551603917149,0
0eb2f0e0-c0a8-43ca-9652-f51e5fadbc13,0,0.04718539096033543,0
0eb5331b-c909-4a81-8c5d-bc54e17b7c7e,1,0.8281721178749293,1
0eba27d5-056c-49bf-8bea-4e77db79b210,0,0.04420232869811946,0
0ebac8fa-1be7-44b5-af59-c772fd014c16,0,0.05304360710358753,0
0ebd9bfc-108c-415b-b8d6-4d6d1c3f52ad,0,0.04509558085500334,0
0ecc33f9-0b13-4e7b-bd4d-fbc3c658eaf7,0,0.0427133259619315,0
0eccd225-339f-441b-b1f2-5b564f68e943,0,0.04814172166508335,0
0ecdaf59-58b7-4e8e-9f78-6420ef25f753,0,0.055318457411249994,0
0ecf278e-9109-46a2-b860-e6947a7f3a6c,0,0.08855265726240567,0
0edad323-c231-4528-ba10-3ecd42ef268a,0,0.0489674467962649,0
0ee43ec5-be75-4917-8d32-53d1a5da2339,0,0.045642122084022956,0
0eedd67a-e57f-46a4-92b3-74ed57494586,0,0.045394561544922975,0
0ef08af9-e906-4389-9743-e3183797af79,0,0.043710366566102374,0
0ef3baeb-f61d-412b-bec0-cb4f7dd5c4fe,0,0.05254908530100484,0
0ef760be-f682-fd7e-dd57-cf8b88d16428,0,0.053833066828361247,0
0ef9f3bc-886e-44fc-8336-eda186d34c17,0,0.041814451806371264,0
0efc47dd-1aee-45ae-9df8-b852e789756b,0,0.072912436246671,0
0f010127-313f-4801-a967-ac0107f34ce4,0,0.04572538505714407,0
0f022ebf-3623-4bdb-9ad0-d7c47b659f32,0,0.043924306510894476,0
0f085050-2622-41b6-b117-c136c9a7faa8,0,0.04482249154937215,0
0f129e2b-b58d-4d1e-ad72-7ccc8fb4b1ac,0,0.05076421171215325,0
0f3a12f3-576d-4db9-a05a-c7446b4fcef3,0,0.10308765046896923,1
0f3d6428-8b2e-452a-9250-8eb0b1e0b4bd,0,0.04709882126660468,0
0f3e34ee-0f39-49de-94d0-55f377b46443,0,0.048895843448941496,0
0f497947-792b-4db7-8a81-83137906aad7,1,0.05949864642091203,0
0f4e7a4b-ade7-47d3-8481-8d4d0b047f81,0,0.04748840807745486,0
0f507b21-ed70-4cdb-9e88-139509d063fb,0,0.04513002820860672,0
0f564c32-db10-44c9-a664-61e7fd4c7f9b,0,0.09419535962371034,0
0f5702a2-0540-40e5-bc6c-8f280b05196c,0,0.06728415459138348,0
0f576b00-752e-4b36-bfa9-0d7c1eb3f651,0,0.04679699526805609,0
0f65dee0-ae4d-460e-bb66-3da1bbbaec6b,1,0.8104993227718252,1
0f6c5e8a-71cd-41dc-aad7-61334d7fa8ed,0,0.050841902133692926,0
0f7da89c-ca91-40a2-9e12-e0443c7a374c,0,0.07162610877446095,0
0f8154e0-243f-4fc2-84bb-58a43cec7155,0,0.10405427091497882,1
0f882a1f-ca51-42d3-a7d3-ac381a8ee001,0,0.052279252989760716,0
0f88a40b-8715-4ef1-8465-3ad2130c0e4e,0,0.12321740698416647,1
0f8e8b4f-e874-43ec-8367-5b6fd46b8c92,0,0.05634998244115385,0
0f9364bc-5597-469b-9f6f-eccc91e520b0,1,0.18914769762329237,1
0f99fda9-2280-4609-a5c1-ea4157f13ff7,0,0.042961042289783334,0
0fa3741d-b213-409d-94ea-78dae3be2e01,1,0.8055882456865258,1
0fa63a67-6561-455f-9ff9-bc934553fbea,0,0.04463098173331682,0
0fa65471-085f-49c9-8e4e-e56e6773a1a2,0,0.05127090051867903,0
0fa6dfd2-56ef-4eec-b77d-568a274dde16,0,0.053704560220780406,0
0fa7b0a4-0032-4db4-8d3d-b62979d94d2b,0,0.06601728573245517,0
0fb68f37-8020-42d7-8fcf-67ee6cf61d63,0,0.060766382605810576,0
0fbe32c2-6630-46c4-bd71-d9bf10efd12b,0,0.11830147469969433,1
0fc528a4-d7de-41cc-9984-e6e995ac9e7e,1,0.1732146910328873,1
0fc7e58e-250a-47df-98c9-a054e00c0f59,1,0.8520457255971002,1
0fc83162-b3fa-4bdd-a7a5-d01070ee0587,0,0.04672018457017566,0
0fc94622-79bb-4553-a7ca-f03fb4aa1ff7,0,0.0769134396170548,0
0fcca7d9-3c91-4400-9875-e86963d3c369,0,0.07430313344634773,0
0fce1f10-24c6-44ef-a07a-dde9b18403dd,0,0.07406221173292929,0
0fd24424-76d1-4107-9c28-9972336bafd7,0,0.06817058916840746,0
0fdd3ae8-53d3-4ee3-b22d-e6b247238e41,0,0.046444029234205604,0
0fe15cad-26d3-47f9-8c80-60d9a49e703b,0,0.04897636825314857,0
0fe2202e-2993-4039-a068-318294beb1e6,0,0.05201021335818501,0
0fe5cba4-31c9-482a-a392-27f97661ccd8,0,0.05338895397257156,0
0feab134-d7f6-4f97-ac08-18f28e1d0f01,0,0.050230660995082214,0
0fef7c43-5f11-4793-ad76-981f078acf46,0,0.04787590691012326,0
0ff1cbb6-ddee-4cdf-b33a-b9429d7b0c6c,0,0.04967416295647738,0
0ff2fe45-5a92-434a-90e8-ac6368c4f880,0,0.047109127783372715,0
0ff68221-fcc9-4866-9a57-595f46e6de2d,0,0.06094170132769303,0
0fff11ea-c8a1-4412-bb9f-39f2355f4a51,0,0.05107603988116149,0
10013930-1f29-4cbb-ad3d-50bc17e425ea,0,0.04913042981114671,0
1002abc0-b5fd-48f2-a6f2-024a15ec5626,0,0.04888914738887525,0
1009a153-538a-46a5-98f9-660e5da56f08,0,0.042198087273822446,0
101eb6a5-bd72-4e87-9c00-d36a826650d3,0,0.0473420411356728,0
10203831-b319-4fd8-ae22-0aef719662eb,0,0.043631817137415964,0
102996c1-8b8e-408d-8021-6e85cc5039f8,0,0.04813484611156804,0
102e819d-2eaf-4c6d-b3cd-2a47ac1696f8,0,0.05340011116965963,0
10382a47-369b-44db-8dec-74ee84b1e25a,0,0.04311207246502134,0
10400650-ad83-4b6b-9398-5cdf0bc3cf94,0,0.04381726967378632,0
10403c7c-6eaa-4dae-82a7-e9fd1a94e88a,0,0.04784773714719253,0
10457958-5a9c-4e96-b624-74035325c757,0,0.04243878122059442,0
1045d5bc-5bf0-440f-a099-d5fcc93bc9a2,0,0.051009958863031724,0
104dc3e4-d6ff-4f00-9031-c0468e75ed4c,1,0.052438704136818164,0
1054f5f1-2d36-4207-b16e-19f6470fa42a,0,0.049980564673442016,0
1058b9c1-40eb-4277-ab71-f14eac236b14,0,0.15117067691113112,1
10621c3f-42ff-4479-a14d-9bed3a63fd64,0,0.04673098078134108,0
1068b645-bb53-4f38-b214-190b214697fd,0,0.044676965673871916,0
106b21e6-514b-4025-b0eb-a2f307478f14,0,0.04924551994357351,0
1077f8c2-4b8a-41e3-9dfd-90d288a8e508,0,0.061456233102223194,0
107e9664-9810-4ccd-80b8-be2227ec0b61,0,0.07740172875151577,0
1081c9bb-09b8-43d1-9303-eb1060ebfdf6,0,0.05261833806855444,0
1084d935-52f3-43e7-95d6-d0388927bb7f,0,0.042915401136331716,0
10883298-0eb7-4c9f-b684-6d25f181312d,0,0.04559421106553277,0
108b4071-9db6-45a6-b6bb-8f184990e6ae,0,0.04670821421914209,0
108dc17c-245f-490e-b81e-9e10bed825e9,0,0.04406279485567002,0
108fac79-0860-43c1-a347-0493121847d6,0,0.04740473410866013,0
1090da3d-c04c-48cf-b7b7-fc9f135442ac,0,0.5820837018061926,1
10991318-92d2-4852-be61-2269451e1687,0,0.043422578382631596,0
1099990f-9925-4e54-9500-9bd518f3072f,0,0.049110136152140396,0
109d591d-1394-41ec-b44d-2fcfc546379c,0,0.49872543514275697,1
10a91f7e-0524-4f61-80f3-01dfae41a643,0,0.042653536961223606,0
10a9261f-0cba-4b8b-838c-268892ace0ed,0,0.05739497799116217,0
10ac5229-c265-4ff9-8d6e-8d38d6bffbd8,1,0.9172459841943078,1
10adae90-6ce5-4ec9-a422-2fb3075f1f21,0,0.04577501884731817,0
10b51619-1948-4170-a578-fda33dd6186d,0,0.04334595884541786,0
10c1dea8-80dc-41ac-a797-0504683fe47d,1,0.07822609773917961,0
10cb0bbb-4e2f-4d92-bf9e-386257c1e348,0,0.10622215021920557,1
10cd71ab-43f6-470b-9b76-3a124264ea6e,0,0.04865325338169368,0
10d6b1d6-951f-4e5a-a650-eb567c9ed3a1,0,0.06493796049677088,0
10de1972-1089-4f29-8a02-6c7b02d3b47e,0,0.5022902793132707,1
10e72cab-f50e-4351-9c74-7fd419a2d8cd,0,0.0419527389440761,0
10e9893c-af8b-4317-b508-2b847c3f2c3b,0,0.04553336461866062,0
10ec19e1-54e8-439b-a496-b7bfe7870986,0,0.052326737772050394,0
10f2ef56-4e71-41e0-9533-bd575f5b010b,0,0.0430605165269673,0
110b1291-886c-4025-a50c-d9388ef11ed5,0,0.04840783844077103,0
1115e2d2-ead0-44c6-98e3-27e9f2b09f11,0,0.04156513320330135,0
111ca95e-893b-4b6e-9ceb-6c6cf3e10351,0,0.05480862868859969,0
1120bdb9-76ac-4207-a272-96a0eb0e3580,0,0.04474097444554213,0
11255ff3-9fc1-4af2-a6f5-2cf54ab2ded3,0,0.055830942744445645,0
1136854b-59c1-4dac-8828-5c7ba745e0ba,0,0.04200497653337919,0
1137f405-9b65-4e6b-a687-885af89e336f,0,0.043720312079213244,0
113c84af-3157-4792-b75e-e3e0bd50613f,0,0.05682720544489969,0
11463153-eb83-4270-90d0-c55c163b59a1,0,0.045004411692370634,0
11482f70-5b4a-485f-9461-efc9b8f39356,0,0.06825742545709963,0
11496ecd-b28e-4636-991e-ed5befca840e,0,0.09724331069456249,0
114af8de-8e97-4432-a896-58860a8d9fa8,0,0.05185964571166839,0
114d64bc-39ed-4371-897f-2b1156b8b086,1,0.5701770271435785,1
114e81ee-16a8-4b0d-9ced-40efa79ac773,0,0.053279218960122623,0
115f4ae1-6d25-46b0-ac7d-adfaf46f6672,1,0.06305779226304849,0
1162ca33-df7e-4612-9f7c-f82b7cf4c8e5,0,0.04065266780684577,0
11671ad2-1250-4d0a-b837-a110260a22d3,0,0.04417604035728562,0
116933c7-7427-489c-905b-e04c17947189,1,0.09273057668927617,0
116f5063-1139-48bc-8e78-637d06c73a1b,0,0.04742183611070588,0
117415f2-e0eb-496b-b0d8-6c0e22cc9468,0,0.0457079076251706,0
117516d8-fe0a-48b8-bd6f-6bbcb06a1bd4,0,0.044166658114913424,0
118372ee-f99d-439a-aac3-af2e1b567770,0,0.046108560753692726,0
118b8d8a-c918-47f6-b246-10f7c01706c2,1,0.16155551258208928,1
11912965-d900-4dab-be30-ebd2ad04a04f,0,0.04773172892790597,0
1199f00e-05ea-43c8-ab2b-5af54667f641,0,0.04305617409541975,0
11a03955-adb4-45be-a6f7-b982ad34816a,0,0.04481967902341778,0
11a04469-e0e8-4153-82c2-0a5e44d31649,1,0.06384294346008688,0
11adbc07-2fb0-421b-a5a5-774948809101,0,0.04452114614399427,0
11b0dacb-c916-46ae-96fd-7fff8d003381,0,0.04430847863164763,0
11b28b36-8bce-47a4-93bc-ca017adcff9e,0,0.04425681142718373,0
11b4196e-f116-4fe1-8bd7-55e702d7d086,0,0.04269783011948872,0
11b6d6a2-eb55-46ce-ac51-74a01e58caf1,0,0.05515363549779015,0
11bf850d-b1a4-4e66-8034-539db9fe92bf,0,0.053939427521854745,0
11cc0da2-e2fa-4e51-9ba5-e8dd8229608a,0,0.044297293616642905,0
11d35427-b444-453b-acc5-e6fc938521a9,1,0.5858793827208927,1
11dac230-d8c3-4465-8c21-666778277f91,0,0.05196604277343369,0
11db3bfe-feef-47fe-a3ea-dcc5469fb65e,0,0.04580220412553551,0
11dfab87-0a5a-4fc7-8f3c-a4035e0a5860,0,0.06365554059415496,0
11ebce85-7534-41c4-85d3-1f32490bfea8,1,0.8668503521124857,1
11f4d350-f4d2-4550-aeea-49d0996b3c3e,0,0.05028818565066929,0
11f812ee-a080-48f0-a69a-cf27834961ea,0,0.04406694546155661,0
120ed589-b394-44fe-8f53-cf4ecd1b6e6c,0,0.051909100081439515,0
12117159-a580-4485-b33d-1e2604c6ca22,0,0.041113990466231244,0
1212eb46-1b21-459f-b712-e0ed3a3d4299,0,0.04870491234954297,0
1213b15f-5740-4fdd-b19c-9333a6466f59,0,0.06124717514085994,0
1219f2d5-0d1e-453f-afaf-7389e3e10925,0,0.04987507833165661,0
1227c540-cfac-4a55-994a-61fbc36d6b2f,0,0.0418258372759505,0
1229c39d-4d05-4a3c-8159-970e85594afc,0,0.04318602112188284,0
1229f43b-392e-4a26-87b5-b102692f3561,0,0.04943463057751199,0
1238f02b-082b-40b9-9339-324c5e63aaaf,0,0.04128885754781853,0
123d8d53-f966-45df-bf1f-21d2857d19e1,0,0.04957143744141688,0
123db165-880c-42ec-b5c0-9abeed9e8dca,0,0.04906581802343238,0
12500afa-8da9-4526-8292-dace6cfbf979,0,0.04703560830383921,0
12528f12-2659-4718-8aee-1ac226eb1f0f,0,0.0567262861058661,0
1254f6da-79b3-40f2-bd69-0ab8f67432ca,0,0.04879396235877658,0
1258b872-0843-4394-8ef0-4861da5bbaef,0,0.07047116281204877,0
1283ae80-72c5-45be-a3ee-69f8e4b0c972,0,0.044799397471535524,0
1285f7e0-ee15-494a-a153-e32fec5f5bb9,0,0.042690764152110455,0
1286a0c7-68c8-4cc6-886a-3b598de8ce7a,0,0.04877999230113825,0
1287b603-895d-4457-9ad4-3615fe2ec6ad,0,0.044136353480296056,0
12933bb1-3a24-4818-8f50-4524f6f8655a,1,0.626619114441416,1
12935d21-b71b-4d39-b716-4f6426da456e,0,0.04671354298808517,0
129bc1a4-2229-499a-8667-af0648411238,0,0.05278126789309976,0
129d379f-0137-4bd5-bf30-90c4c7bef7c8,1,0.7304484463037557,1
12a34755-5fd4-42d0-807c-5c0cd5b3bb50,0,0.09328288099088163,0
12a7d3be-d54b-4ee2-b9ee-8c882d389e35,0,0.04480403874593503,0
12ae45cf-0e75-4642-bcf0-71bdf2081445,0,0.04651251172414179,0
12b146fb-4004-4d1a-be42-4b221b54a304,0,0.07350556013487776,0
12b700e0-9499-4088-89a7-abedef44d20f,0,0.04073442966896085,0
12b78266-564a-46e8-a58d-ec13c06917d6,0,0.04972704204921414,0
12b97ca3-4fa1-4171-b382-37ff1c2506de,0,0.05605671813516147,0
12d54648-742c-48a7-9583-fb4ee3161193,0,0.052343287482634546,0
12dd531f-36e0-4679-9ead-a631bd74cb61,1,0.11166867812584395,1
12e9135f-647d-454e-8970-25fff5cd50dc,0,0.0742666624401067,0
12ea0a16-f0b6-43a0-bd0b-4d9f5a23c636,0,0.04988164757367506,0
12f46bf3-a8dd-4eb4-833d-5624152c7255,0,0.05222948522154524,0
12f497ca-5f39-4be8-8134-5f03baeea965,0,0.10848373363739329,1
12fc3e35-83ad-468a-abd7-729cd3fb2278,0,0.14430426644742425,1
13015ef8-cb48-49a4-838c-dada1cf00b09,0,0.04370561411867032,0
130d8566-ee94-422e-9e40-d9423dd2ab98,0,0.04375012526012345,0
131336fa-08c2-4a39-b99c-07c6809da27d,0,0.04307780708511447,0
1325b87c-65d1-4923-822c-bd12f916f57a,0,0.04591638269405417,0
132aa79c-0625-4d04-b224-f48c0316dd3f,0,0.16919019118301246,1
1338d1db-708b-4c13-a309-4ac851ef2384,0,0.04610005826250822,0
133a9661-b961-46b8-ac43-83cf3e1c4171,0,0.05796813767505502,0
133befdd-053d-4618-a8a7-c61b22a908c9,0,0.04393818532043021,0
133f11c9-bc55-44dc-9df6-b7fe1750b45e,0,0.05064052820628814,0
13411447-686a-4b01-85ef-4cabb80a7caf,0,0.043390879614530316,0
13440d3d-3bb1-4fa3-9182-de6e3c3eb879,0,0.04225072139332221,0
1344baab-7bce-40ba-82c1-67d43c66d586,0,0.04914260955852949,0
134a89ab-3d28-461c-aa5c-73f72402cd62,0,0.04362689395683851,0
134ada67-1a90-44af-b36d-7150bec38196,0,0.04573307936302778,0
1356a233-ff65-4b11-a619-2bb55398df4a,0,0.047842098214132184,0
135c1515-10f7-407d-888f-514de86fba51,0,0.041745573406436184,0
13632679-6c85-4095-983a-2af63f2e7cf7,0,0.057808676428055865,0
13659819-0542-4e9d-8fd7-2989823ff116,0,0.04728026622341106,0
136a7a84-4ae7-4139-992e-4e85356756bb,1,0.07700170435461674,0
1378cb9e-4fbd-4406-b20d-d66f9f730694,0,0.04222401964598028,0
137d131c-bc50-4971-8fea-ac62c2d79048,0,0.042790497609403254,0
137d3ef6-ee4f-4f40-a3c7-1d8a5d533a8f,0,0.05177326048463408,0
139381d9-567e-4336-b9f3-67c5885235f4,0,0.05158249899196815,0
13953ad3-b0ff-42ce-a7df-3f3f22b0f86d,0,0.05790165350451838,0
13966040-c287-4076-b25e-aae421150251,0,0.04573743933905453,0
13a0bf51-3275-438c-8c29-76fd8c6ca104,0,0.05023979924344519,0
13a5e6b8-b6a7-452b-bfd9-a10b838bbe72,0,0.0454588621522699,0
13b1586e-691d-4cd4-b55a-38b73542535f,0,0.061018526674037774,0
13b30487-fa6d-4712-a006-bde62a67b077,0,0.05152977606533627,0
13bae1c8-94cf-4065-be25-2b23efc8ccf0,0,0.04412022225396357,0
13bbf16d-1cd1-4e99-9c4a-07917b87c4a0,0,0.04594658939203386,0
13c131af-cb86-49b1-a5df-1ac16f00953b,0,0.06757326532389153,0
13c6a58c-16f5-4a7f-9989-ac4a14a18597,0,0.04575890324442553,0
13cc40cb-0ad1-475f-ad06-ad56fdeb639c,0,0.04228901992860176,0
13d04355-0242-4373-97ba-ae9fbf3717c3,0,0.05004237318668661,0
13d08c40-c4e6-4181-bbd9-8e9cd418a68a,0,0.051179624397912814,0
13d095b7-71e9-4979-ba8f-0c203e709433,0,0.061579362715714146,0
13e199f6-a420-4395-bcd8-4d1370f57d36,0,0.04558305205478104,0
13e2b5e4-62a7-4724-ad52-c7081703dc80,0,0.04381754152555401,0
13f44a36-4306-499a-b832-230b72184345,0,0.04932627812307097,0
13fb8db7-e302-47f1-8313-3cf2859e3f03,0,0.04474664040285954,0
13fd458a-cb5b-44b4-96b8-a5fdf26243d8,1,0.8401172826828025,1
13fe320b-53f3-4b6a-a6c8-ed826fad03cd,0,0.04570472027043678,0
14079316-aad9-411d-90af-e88b4b438a0e,0,0.042104247399742695,0
1412d1d0-cd19-409c-b3d1-bbce08e65441,0,0.04290000415301696,0
1417ab73-388b-4c4e-996a-68eddd3432ae,0,0.04216749802241828,0
142a1b49-447e-41e3-b347-6ad6c12343e2,0,0.0881601310628683,0
142a303a-99d4-4522-89d9-9054b60e9c7d,1,0.12613598480437666,1
142aa82c-e9fa-4f04-b904-dad682f8596f,0,0.049367585415166254,0
142fbef4-96be-46ba-aa7b-2dcca498828a,0,0.04842760310069987,0
143064c2-3dc9-4923-b5e2-28b044ac73f0,0,0.044273743976748034,0
1436f68c-f60b-4a48-8a92-0a5d6c122628,0,0.041664221405659625,0
1438e474-80e2-43fb-9218-f683e7d649db,0,0.041536401785220306,0
143feabf-a577-46eb-966a-1972195d1b27,0,0.0778940859228651,0
1443ae9d-b2ef-44f5-807e-ee4214b24f05,0,0.04474290787090201,0
14471d88-1b8f-4d19-95f0-3383cdd98d42,0,0.051705382495474524,0
144d7291-fbd0-4949-b084-788d4d5fabe3,0,0.05219054587362297,0
144fea94-169b-49fd-a05b-288bfa690f46,0,0.04280734158129506,0
145476b9-17f1-4124-a0c6-93cc94386929,1,0.821905416829555,1
14601203-4148-41d1-b9a1-fe3967794812,0,0.042372549920623184,0
14644359-8df6-426a-a013-6b03505444b3,0,0.04267885877890821,0
14650a32-a1c3-4dc4-8eeb-5abd585f4d65,0,0.055197047485006895,0
14691a67-a7db-459c-b274-70cb5133c3c5,0,0.12344082618288285,1
146e4c4f-21dd-4901-9151-d05891e2e13f,0,0.04594963553411932,0
146ec1f7-2e41-41a5-b41c-0976537fac31,0,0.05813468987662765,0
147cee9a-19d6-42a1-bfde-43f285ef2ba5,0,0.045488225788883466,0
14806156-6ddb-4cbe-90cb-101ff26f63e9,0,0.04873582829832326,0
148ab4d3-38b3-4a9e-a4eb-78ecfa9d7026,0,0.04293406835063722,0
148c4562-bb0a-49f6-b890-9588c6723800,1,0.1160952174738825,1
148f84d3-4817-4380-b89c-a1db95b53fa9,0,0.07354223986807013,0
148f8632-0e05-4121-9558-f3f54efbac38,0,0.06198969719968597,0
14986bb4-e562-477b-bd2f-a989f2c67aa8,0,0.050812137721960686,0
149bd403-57e5-4a38-85ef-607430ffe89d,0,0.059146604930443256,0
149d772c-1ef1-45a2-b12b-50f13287f472,0,0.04475872942355242,0
14adb6df-be3c-4a31-b188-7044c16b04e3,0,0.04527101235365204,0
14affa34-70ee-4955-b0a1-aaa93b8e2c98,0,0.04818552896083648,0
14b0f8c9-ec67-4f09-a213-16f63fa46ded,0,0.04554272760459745,0
14b9e37d-b30d-45a4-b2c0-fa7cb9be33a3,0,0.05267044541719946,0
14bccb48-0120-456f-98ff-d0e4f408b895,0,0.04688207865775221,0
14be48f2-e434-42cf-827b-9b55c4bcf445,0,0.049949883286052835,0
14c00473-c076-4f96-8a85-7ace1c292027,0,0.05699456015475731,0
14c0751a-82f3-49a8-87da-f6baeb4aca68,0,0.05575056015868287,0
14cdc0de-1d4f-404e-9bd6-dd8687a41502,0,0.04736960090684197,0
14cfae1c-d424-422c-8821-6bcbf3704c8a,0,0.049669329831390524,0
14d9b5d9-f082-4c25-97c6-e6d91eb16b35,0,0.05437686652948244,0
14e1ebe5-b458-4641-99c8-1d658d6f0a67,0,0.05630177704391491,0
14f3044d-e2d2-4bb1-b969-c0fd14f0955b,1,0.8277834621413764,1
14fe7e11-d306-4899-aa8c-fe8825d23824,0,0.05809678038893845,0
14fff110-9c88-4545-8a20-fedb91d08df1,0,0.04519395755585185,0
1503586a-8b17-4c02-b614-39f29ee004ca,0,0.0420839726851477,0
150df909-59c9-457d-8a63-4d6518b6cf73,0,0.049462237884992696,0
15196789-bfb8-4ec7-aa45-faeb5cae66b5,0,0.13422739570028244,1
1522c1b6-10aa-4bde-bf2f-ef9308ff685d,1,0.8608094195190528,1
152c9636-4a94-4779-84c9-8af3d453eed6,0,0.04926196258100459,0
15315f85-ece5-47d6-857e-56724515655e,0,0.043836725575751016,0
1532956d-0316-467f-a47d-4b03984515a7,0,0.04756954453737228,0
15357b0c-24e8-4e79-a5a4-c3b74bb50046,0,0.044906211823597046,0
153b0a07-d89a-4ce2-b8c2-36d8043aa694,0,0.07683659478060646,0
153ed096-1e30-4c34-a90f-8aa5abad71b9,0,0.18136414144917026,1
154028b4-b3de-4df5-b087-da2bdc76d066,0,0.045868508761964306,0
15412e63-98fa-4c2b-858d-4842045f5de8,0,0.0446209319513988,0
15470171-ddb6-4c66-8b79-5d8a5043b3fe,0,0.04378155337913917,0
15474ce5-446c-4788-9413-d3a88f2a6c42,0,0.04705086166248428,0
154989af-8a0f-46f9-808c-496963dce779,0,0.0424680002729837,0
1549e737-1b2c-453e-b737-ca8f5bd094f5,0,0.04595060528222607,0
155011a4-320a-4395-9577-ae5e2c8da1a3,0,0.04688070068406036,0
15523c0e-b038-4296-95a2-a9724ebd9ff8,0,0.11864790603364685,1
1558f1a2-453b-4c85-91e3-331fadaa4576,0,0.04318324259618635,0
155ab512-ae65-465e-ad98-51fcba284a1b,0,0.15244917615622303,1
1568a6f3-ece5-4c67-8689-d0b1282e1d09,0,0.04653487804129059,0
15783c9d-a266-408e-bbb5-d1ee79a1bbcc,0,0.055816023824007896,0
157b7aa7-4808-4a97-905b-97e8fd8dce46,0,0.046713195965107986,0
157d68f8-5e69-4330-b4cd-2609192619d6,0,0.045146328190780585,0
157d9295-f62a-4cd0-a730-643055d003e9,0,0.04414387804892986,0
158c96c3-e97c-4e8a-aca4-c64d48747810,0,0.04597538885289883,0
158e5760-607d-470a-8c74-df98df7063dd,1,0.6331898097996203,1
15948efa-bfe7-432e-b457-d0d0175b830d,0,0.04243987975468438,0
15982383-34c3-4ab8-b62a-4de232649fca,0,0.04496716479033346,0
159b4a84-1687-48a9-a718-10eb8c612bc8,1,0.06671077857156811,0
159da31c-4529-4d47-9056-60e563e06a73,0,0.05215279319607834,0
15a2817c-a745-4c06-a56b-5aeeb7100b0a,0,0.04459684766919834,0
15a90f8f-d46d-4368-8271-6d99805d963d,0,0.04873033502749592,0
15aa7747-65a3-4362-a4bd-5cf1a9296a20,0,0.047665534642954345,0
15aa7ecb-977a-4366-a347-81b0247a827e,0,0.046685675519739414,0
15b7a1b7-130a-4e42-b544-7f837c7e84a3,0,0.04501309081352951,0
15c8cebd-3c05-4bae-b092-55467624194a,0,0.06124915179792394,0
15d835e4-68c2-4ce5-a2b3-2d759e7f6224,0,0.05454107533568952,0
15de5f36-e1b5-423d-a65b-5113e9874ec4,0,0.04941720760548362,0
15df1dda-1db7-4737-ad8f-0afe4803b200,1,0.06374363290729698,0
15e400f1-ec4e-4af3-8fb8-7256191c163d,0,0.04902987432681853,0
15ee2c1d-45b2-4c18-a9ba-2124cbb73819,0,0.04344514987872859,0
15f10218-17d2-43de-a6d3-ead998b4b335,0,0.055433776988689995,0
15f134c6-2e37-41d7-a4e5-b2f8586c00ed,0,0.04607382229507345,0
15f2dc1c-485a-4726-9bf7-626665b688b3,0,0.04291392762725654,0
15f92cb7-783d-44d7-9a2f-1cbc8581d4f9,0,0.04631034878560114,0
15fa873c-57be-4765-bdfd-86f9e8301ee4,0,0.07410896950590702,0
1603a2e0-5f52-41c4-b9b5-950cc7e0d6c2,1,0.15607977663271608,1
1608a3ee-0190-448e-9606-9d7a73dca4d7,1,0.7915829356581628,1
1612872d-029c-44ad-989d-92758f79dfd1,0,0.06830187195521267,0
16288455-1c12-44fe-b1b5-b485e69b733d,0,0.047281504124684244,0
16297d4d-36d2-49c3-865d-cf4f27edb69b,0,0.04358619221028113,0
162c7176-67d9-44e3-b086-5574243fb089,0,0.055732961119871006,0
162e2fa8-1b6c-48cb-ad96-d1fc29b63cbf,0,0.04686323233924288,0
163555c4-8ec3-44ef-95b2-5b1b8d933ab2,0,0.051014699282097356,0
163714a8-385f-4fbf-b334-4745975be6ef,0,0.07204479485783769,0
163b39c1-8567-4aa2-b689-0264ca0dd732,0,0.05221760848895162,0
163f2db1-bd24-4a1e-800c-616eee3e4aa6,0,0.04597061426008899,0
1641fd76-ad43-47b5-9a0e-7b92b3473a11,0,0.05234834455673515,0
16479d55-4a5b-49cd-98ba-192300c7e246,0,0.042187256078704896,0
164aa224-267a-406b-9ab8-dbb440656d4e,0,0.047255263921783475,0
165fcfb6-5139-4bb5-bba1-7936821eb2a3,0,0.04988280514262297,0
1664252c-e49b-4e59-ae87-7a0d3a5a574c,0,0.19582799348186486,1
166456e8-5186-4596-98f9-04507f945de7,0,0.05652135104370242,0
166aa08f-8515-486a-b347-f1b855abed22,0,0.0476584502365981,0
166e0cd1-bd65-8b1c-c8c0-99e8a0ad647c,0,0.05479318676130778,0
166e906e-f74d-457d-b8ce-53cefd68d8fa,0,0.043996868263389784,0
16757f3c-367b-492e-a4dd-b483d8541ea1,0,0.04823611547566197,0
16761a85-9d77-448c-8117-83bb67286c39,0,0.04865879975797359,0
16846288-76d0-441a-9ac8-3508d327482e,1,0.13786207688442778,1
1698741b-011c-4758-a8b2-0e8f152fb710,1,0.7156167206491182,1
169c70e4-9ee9-4386-b29a-1e9dda0d34b2,0,0.0501632784604111,0
169d7cb5-f558-49b6-97d2-06f68be78a2d,0,0.052000164886612,0
169ef814-b34f-4efc-8765-70a4f135ef6f,0,0.08539408518137764,0
169f49d8-24a3-4b7f-a6fe-f61651217646,1,0.8529840395770263,1
16a1f96b-2ec1-48d0-a98c-5d1f8ffb6575,0,0.051371603399174376,0
16a355cc-7080-4949-b8bd-47ae0e15d63a,0,0.04380076462213859,0
16aa26fb-c808-4cd4-964e-f20307420476,0,0.046710386917080876,0
16ab501a-9cae-4733-903b-679c87486d8b,0,0.045378970798297946,0
16ae3f13-0caf-4d3c-ab0c-6f19d4ea0131,1,0.14756730294919743,1
16b6e494-400e-465c-90b6-3862d7ea7600,0,0.06756428129250718,0
16c0b09e-a314-4f82-b3da-80efb26fdd85,0,0.04368731611635899,0
16ca12a3-cdff-4268-bdb3-233ee38b48c6,0,0.050492989998164255,0
16d2b7be-1b6d-4f12-b0a0-0dc916a8c662,0,0.04544033545383913,0
16d54a72-0afc-4fb2-aac3-e6c2dbf591be,0,0.04502660876943423,0
16d9376f-aa64-4910-af46-6c6107456482,0,0.05178481106311125,0
16e23b65-555c-4ac0-b740-7473b638781c,0,0.04179645082145353,0
16e5e545-39e4-4746-909b-ca7f8e2439db,0,0.05933300650577442,0
16eb752d-9cdd-46f4-9ae6-ef90caa078e1,0,0.05629058529234626,0
16edb5d6-7baf-4235-af79-05483894e8fe,0,0.05123873856551712,0
16f918d2-8d77-474a-95cb-4d0ecc3e7077,0,0.040741820149468026,0
16f9b619-2fb7-4bf4-a7f2-ef7b4611c904,1,0.08332916714402074,0
170a9ec9-a962-42fe-8106-ac0f88203999,0,0.06844771965179955,0
170f8581-d883-4d34-ad7b-c1ba3d22cc84,0,0.051253506489992565,0
1718e852-9763-4e87-afcd-84fdf38c4e7a,0,0.046490145226942496,0
171c193e-f857-4f7f-a4bf-059958eeafef,0,0.042946796167559816,0
171e1a27-6a80-459b-ae57-517bbf07097f,1,0.7910589795759183,1
17213a05-ab64-460b-8bae-138e1f25764f,0,0.04643062287006676,0
17213cf9-c487-4e82-a6d7-b1bde4a3214d,0,0.0444763933858374,0
17292b36-e584-405b-b9b0-e466c7e27d6a,0,0.04682596196995088,0
172bc475-4d0f-4369-93aa-d39c1a21827c,0,0.046335995686477574,0
17352330-ded8-4105-be39-d91bd341e64f,0,0.04240467172836582,0
1735b2cf-8385-4eee-8808-23b250e536e5,0,0.05009341424978589,0
173bd306-64e4-44d7-a09b-db7c70bfbb2b,0,0.0490315167793976,0
174b482d-ec49-4ed3-b41b-1126f654ad32,0,0.0469207124387633,0
1750e1b5-e4a7-4565-b375-9ac33608628f,0,0.04712000519611298,0
17566c27-0a8f-4506-9f30-c6a2ccbf583b,0,0.047644049663637895,0
175728a4-7105-4f0a-a7aa-ff0556316b12,0,0.04774906804626506,0
17595d62-5262-4e52-ba70-9b9ea3bccbdf,0,0.043793299570593996,0
175fadf1-705b-47fc-b2f8-0faa43bee194,0,0.10382926773728011,1
1763da34-f3b2-40ef-b413-6046c5b700e7,0,0.203182600772754,1
1763e67a-1213-422f-af85-ff0e07587217,0,0.06918497553203086,0
176b4ba0-aac7-440a-944d-f5b08741bd73,0,0.25544303792688977,1
176dd55f-8f0a-48b8-8794-4f4635629f6a,0,0.04580274574891396,0
177a996a-b1dd-4e29-95be-ffd7f21e10f8,0,0.05475769595251116,0
177e21b7-268b-4edf-b322-eb7dc827209e,0,0.045661355536854735,0
17836a5b-1b74-432e-94f6-f33a16fb7c16,0,0.042131506967295666,0
1785d1b6-6fc6-481d-938f-332e402e54aa,0,0.04374730558203121,0
1794a063-0916-4ccf-b5ae-c66042b7cc92,0,0.04278439803308179,0
17a21fee-29f1-4f9b-8361-9609edfc70c2,0,0.05936982754717656,0
17b7c094-e923-45ef-84ee-a642ff5e6ea4,0,0.044556868916757864,0
17be183d-7733-4bb5-af9a-0150151c3cf9,0,0.04844385491094485,0
17bfc1df-9cd0-41b1-b2e7-5d7acd6874a1,0,0.17216899315989692,1
17c84c74-1ff9-4a63-9796-3600db78136b,0,0.06885575087831708,0
17d0382a-0f4c-4deb-bfe9-75c562a3155d,0,0.046858913859928436,0
17d041e4-6ff7-4219-ae3d-129a3aafc388,0,0.04896841347593793,0
17d95f49-0a65-4e6f-9a2a-deb87a809a46,0,0.051194148735615536,0
17dc3085-8c9a-4e21-843a-03c821218dd3,0,0.06568671230499,0
17e9dc1b-2249-4397-9e38-6d3e2587fcc7,0,0.04350390777857613,0
17ecac2f-d709-453d-b9b4-e61a74103a92,0,0.04261784238906351,0
17f47367-48a7-47f3-812c-0acdb407d792,0,0.04697691660939295,0
17fe7a9d-5844-4d03-8c9a-512ecc477484,0,0.08317844015661696,0
17fea8cd-b7d6-4900-8f6e-973dc8810adc,0,0.0440378744477025,0
180114d5-d721-4893-ab86-a21cb61fc992,0,0.04992708069299051,0
18084eec-2516-43fc-8224-a1bd6313c31c,0,0.041661328261773524,0
180a4dd1-8646-4778-b6f5-466bbfc396ed,0,0.056291884028440126,0
181b362d-be3a-4f73-bdd6-79fdcb50cfa1,0,0.054691163535978644,0
181d0313-b03f-4ebe-8c78-b1c04b2f03b2,0,0.0507261969057099,0
18205c05-8173-4f9f-bc31-7cb128ec8476,0,0.07533922279909139,0
18303158-7255-4757-95f6-76f35eea8156,1,0.054701424283364934,0
183131d2-5482-41e6-8896-5bbd8cf0a283,0,0.04609650286269458,0
1841b73c-632a-4bd3-88a6-0bfd878bd0d8,0,0.05311129802777898,0
184538b9-27da-4d32-a944-b4b5f94f4079,0,0.0437997937397567,0
18453ad9-6157-472b-958b-57a32e24c963,0,0.050544819770397605,0
184616c1-6f75-49c9-afeb-127f938db069,0,0.04563282634696997,0
184a5404-1cfc-41a4-933d-634c6da66e0d,0,0.7943652556341458,1
184f36fc-af9c-415c-bf8a-a787505d74eb,0,0.05176094512012037,0
186289ed-7930-4f43-a6e7-25b1c97d4acb,0,0.05402493945286065,0
1863e2ee-2970-481f-b257-f27f62bc7afb,0,0.2823683555188387,1
1865f186-f24d-46c9-ba8a-123f9f154558,0,0.042211232195449214,0
187104a1-11af-411e-b014-16027f754424,0,0.045071009773719556,0
18778f6f-f5d5-457e-9f68-59f70be31187,0,0.04214385041669843,0
18785528-50de-444d-8cd4-a0e1835fe6f9,1,0.06132823151666226,0
18797330-170b-486f-b6b3-47931e211832,0,0.044094323768334706,0
187ad3af-6181-480c-9258-9180bcc21a70,0,0.04458067311252658,0
18801567-148d-45ea-8274-522847379f4c,0,0.045066452487059164,0
18900417-8e17-440a-a535-2ada0a8d11b7,0,0.0432838349070761,0
189b7e82-a58b-4062-878e-8cc6a89c0d2d,0,0.04523439598117493,0
189f2cfe-57a2-42f7-a7e0-1de94b8d38cc,0,0.04609244407569799,0
18a1e9e9-1232-42c7-a14f-c15978041230,0,0.054444432964683494,0
18af05cc-c950-46f5-9a4d-317b6140e727,1,0.8647506092733733,1
18b079a2-0a1f-4081-add9-00eaf3f4dbc4,0,0.04978772220191102,0
18b2e417-27c0-4b0e-9f77-102c2dd288de,0,0.05236639339248116,0
18b744be-ceb7-464b-980e-7a4160d859c3,0,0.1020143468710187,1
18c51ba9-336b-43f8-8fc1-47bbc3b36ffa,0,0.07278216922130233,0
18c5453b-9c75-4115-951c-1fcce5c5a9ec,0,0.04415583806615838,0
18d6320b-e311-4285-b941-a02e6e41f807,0,0.04316997814042544,0
18da172d-5df4-4fee-abf2-9ce629064719,0,0.04908674585408835,0
18e1a58b-e671-4251-8c32-ccc60ca72b66,0,0.04243231127321783,0
18e33284-0448-4b84-9769-75b6fd1a65ef,0,0.04464362540647856,0
18ea1924-2c5a-4ac3-b6b2-e6e7160afe5b,0,0.045790491388159715,0
18eee07c-c0c3-4d51-bc0b-279fc8ce3786,0,0.05667764824037376,0
19071ee1-3abe-445e-b8b3-626f287aad81,0,0.04476083867527036,0
19094a8f-ab1a-bd2f-2fb1-ff970796c76a,0,0.04365526226280628,0
190de17c-dae5-45a7-9261-1c8331170690,0,0.0448054111514019,0
19185d47-b7fd-4248-84f5-76b8fb74fa00,1,0.7155052432989035,1
191f7a1d-742c-42b3-923a-505bff18815e,0,0.0465414262168957,0
192d6074-8b67-4127-92ee-7e8d336f941a,1,0.8320891161651531,1
19333ed9-8917-42e0-b515-c85711002e6a,0,0.0553540793563203,0
1935bc81-0e98-45cf-b925-811f68550961,0,0.0710523690153449,0
19385e0f-f536-4953-86be-e277836fe048,0,0.04272820522834017,0
193b126d-f53c-4375-8420-4516f7ff7489,0,0.04151827411631447,0
1947f1ed-574e-402a-82c1-4bede0a8b379,0,0.04411243554581136,0
194abc07-9152-4e0e-bc82-4e9545d4a7b4,0,0.07652164275966995,0
194fc2ad-6a50-4dc4-aec2-15376159941d,1,0.7989162266334233,1
19531165-02f5-4480-bcdf-7c81f0d8d729,0,0.05155311885404789,0
19531441-4379-4bf8-8c03-e9bd7d264e0e,1,0.7117020590249431,1
195532c8-aefa-4925-a82f-235d49d5c510,0,0.04386217975003903,0
19619d08-3d7a-4b6d-9ffa-bb1cbfb7911b,1,0.836588706216356,1
19675435-bfde-4407-b728-01b5b07f1395,0,0.14279285303616304,1
19695e16-64c3-4657-b3fe-a02131226e5c,0,0.04167677694605751,0
19701092-7a42-4dd2-9c03-00280119fffa,0,0.06967421094106495,0
1972f600-367b-423a-996f-d40278b29c18,0,0.17003712834689327,1
19738630-a700-4178-8d7c-2afa70c2826a,0,0.051135198634922926,0
1986d7b7-d09b-4685-a532-2d1a8e50c065,0,0.050305089633597345,0
198bb27a-b75c-4ce3-bad0-8eb2367d846d,0,0.056056563208151756,0
198ec14f-c0a6-434a-b2e3-8a0717da292e,0,0.04487143099123439,0
199205d7-dbbf-40ec-a575-b50429447050,0,0.06153655630754493,0
1999e817-bda8-4407-b33e-32c4aa80e90c,1,0.721513469241835,1
19a14d30-a049-4965-9809-b18c739a4d28,0,0.047837731374776614,0
19a3d8ec-b47a-4a39-8bb3-14d18d32abe9,0,0.05471741962904994,0
19a93710-9be8-4c5f-9e96-48900af38f77,0,0.04985755535212284,0
19ad5541-f171-452a-a704-4eef20c1d56e,0,0.04939866056857052,0
19bb6537-ffd3-4acd-a88f-ed7c5f57ba32,0,0.04688086038228394,0
19c1c339-2071-47b5-bae8-1bdb98c23562,0,0.04960519999208373,0
19c7bdff-0429-422a-bf8d-03bf1858da4c,0,0.045439613593430433,0
19d04aa4-64e7-423a-a126-fa799dce8d71,0,0.04297672744049333,0
19d53a6e-316c-42b9-8a01-f79bbcf9cebf,0,0.045883050405013184,0
19d56616-3243-4f8b-9265-08055204eba9,0,0.0489050497207785,0
19e51d9b-c688-4345-837c-6ed9f880e8f4,0,0.05294343701909888,0
19ecee1c-c3d0-4608-9a3f-3a7844b5cf83,0,0.05489010547703167,0
19ede998-218b-450c-b2e1-4bbafdc8d4a7,0,0.04159175120237496,0
19f08f1f-430b-4bd1-8eaa-ee96bf7d871a,0,0.05021918319947826,0
19f0dd8e-a135-4fcf-aa3f-793fc0e6fb2a,0,0.05657900834434319,0
19f58692-9bd0-41be-ba48-9c8636b2452a,0,0.05372609948519727,0
19f8200f-e0a5-4fb5-a382-91f54e495319,0,0.09180158959831979,0
19fce45a-8fe6-4ced-b762-da6a344382fb,0,0.04716407698047902,0
1a05fbe4-9021-41ba-aa2d-b5b462f8f656,1,0.05715918756433909,0
1a09dae2-f25a-4dcd-93ef-a14adb7c397b,0,0.06716994723669509,0
1a0d3892-4ac8-40ab-bacb-dd846c1922f7,0,0.05742241635902362,0
1a0dee96-0eb6-4d36-a003-0b9cd6ddcbb7,0,0.04811214667194702,0
1a11938c-7851-478a-a3e4-6353ce874016,0,0.048774057476630474,0
1a11cf4f-42c8-497c-a7b0-423e43447519,0,0.042150005935133635,0
1a14d9c9-dc56-4304-b1e3-cf1855d542fd,0,0.04665241090228431,0
1a1984ee-c61a-4cab-8e14-96d31e86a12a,0,0.046519978193219305,0
1a1c2088-a3d1-4b4b-b7bf-ad62b027cdcf,0,0.04681090221925069,0
1a1d93df-a3f2-404f-9677-364f0b731085,1,0.05049114314837389,0
1a265f87-c847-49d9-9fbe-3971d9a270d6,0,0.048440944047941435,0
1a2e3517-6d51-4b61-961a-e1a155e1ac3f,0,0.04955870649689403,0
1a37c571-5bdb-d31f-8145-b2f03c4f5b84,0,0.0445067022157047,0
1a3840be-310c-47fa-a6fa-e9d2508a3a1e,0,0.08017719335187426,0
1a3ee100-ca68-48c5-9350-eca5c5cf7773,0,0.044567144438353995,0
1a4ad502-18bb-4331-93a4-6a55a0dc20b1,0,0.04591051813197704,0
1a5759b3-9c11-46aa-af98-107a8ca5816f,0,0.044331469330291,0
1a57a1b9-a43d-42e7-a058-ef17b13ced0f,0,0.04447360261728779,0
1a582ad4-6006-4b31-a205-719879d2d1b1,0,0.0453119094580406,0
1a5b2736-165e-4f68-9d05-96d9eb3c0879,0,0.05360255789666056,0
1a5d4686-f609-4293-acbd-7545be3b0959,0,0.05849800316693571,0
1a627e15-3611-4885-a514-593997dfe55a,0,0.04985480599630083,0
1a64deec-d240-4c9b-8638-deee2e37ee90,0,0.11195536037572042,1
1a69199e-cf5b-4dea-9039-f7f37b625895,0,0.04522421308605129,0
1a6f7728-6212-4b5f-bcc7-7b185d9cced8,0,0.05358345125330359,0
1a7dde3d-33f9-4d30-ae92-74a08a65d540,0,0.045648397789199456,0
1a80c476-eac3-403b-b4f4-92698c063bb5,0,0.04438526855078101,0
1a863268-09db-4148-8acd-219cb1c925f6,0,0.06884275058279327,0
1a876396-df74-4459-8131-dd75e323c807,0,0.046649010945238094,0
1a8c3cfc-536a-4679-a155-bd9a5454dadc,0,0.18293896646953287,1
1a8e30f7-442b-40a1-b0ce-7165bae45c0a,0,0.058378358879108645,0
1a8f6111-dace-4e05-8a91-f673c5eec10e,0,0.07059724620531595,0
1a937d2c-b127-4d0f-b17a-8e88759b4733,0,0.0658887413818259,0
1a977c07-272d-4585-bdf0-894963c0329e,1,0.05009084725591505,0
1a9d72f5-ac38-4c09-a495-d57ff85f58f0,0,0.06368311826567921,0
1a9da809-b5c7-4a7e-bcf3-eafb849eede1,0,0.0525247568391279,0
1aa22214-26f9-4d6f-9800-74c0bab6c0eb,0,0.046229961138094695,0
1aa369cb-0006-458d-9cde-6903685dc5f7,0,0.0459630613367443,0
1aabbe9b-0720-412a-ad8e-c14776538f1b,0,0.0477511469099559,0
1ab1814f-8259-4744-aeb8-4e2763981523,0,0.06416033328525854,0
1aba22cd-9d46-4b95-af1f-b5672fafde92,0,0.07233362266668304,0
1abb405b-2011-4208-bda1-103cef40196a,0,0.05210601806144239,0
1ac04213-582f-48c2-a545-80555a8f72c7,0,0.04434666045661171,0
1ac0d9b5-ff9f-44e8-8138-cf21c931ab5d,0,0.047583804203994,0
1ac77db6-23a9-4539-8c71-05afae144730,1,0.21887108039383218,1
1ace482f-eaec-4667-882e-dff76a40b4b2,0,0.05014621060000972,0
1ad1be89-3258-4dea-b0db-d447c2df5958,0,0.04766492347160775,0
1ad7c8a1-993e-4cf3-ab46-6cd2feb09ab3,0,0.10862224891125792,1
1adacba4-4b0f-4b30-8f1e-117a7e3e7a37,0,0.043156299233756766,0
1adb7a65-7f76-4fec-982c-4f2ad76194e8,0,0.04953263774039503,0
1ade72ea-1801-4cea-9ac0-99d8bca0e253,0,0.06904397812055282,0
1aeb824c-f3ce-43e5-bf01-541b874b61c3,0,0.05361054427154789,0
1aec5991-e1ec-4ca2-9e99-19f2069aeb64,0,0.04527770803712722,0
1af198fa-113d-41e1-82b0-959dcc6f72cd,0,0.3784460835580666,1
1af80872-78d4-4e7d-9688-dee2cea97879,0,0.06720426472717345,0
1af93965-1260-4299-9112-abd9359783e5,0,0.05810971356557343,0
1afb1ea4-fc7e-4ce4-943e-b42ee7752ef2,0,0.04449788264885367,0
1b09fb32-ec6c-474c-a7ae-9e0f4d069773,0,0.04831579254314807,0
1b0ab132-eae2-4960-98b4-c58ae9d28cf1,0,0.2973392955829186,1
1b103760-3020-4a1a-98a8-4f60e83a3dfd,0,0.042511811400831004,0
1b16e74e-b5b3-4385-b2ab-c1b6f00c2a1d,0,0.04384906355505243,0
1b1b1dbf-a4d3-4590-807a-5c192b5796da,0,0.04976649235669455,0
1b1f40b3-3ae3-4953-8261-20ef13e7bca1,1,0.11015575969786866,1
1b2415da-e1c0-4e7d-81ab-ebdc0640d94a,0,0.04536396235295329,0
1b2ceab4-9854-441b-8aca-1d5e7a29fc2d,0,0.04969302206607513,0
1b3123d0-a3e2-47e0-8876-6236d1567635,0,0.17476285241228348,1
1b39707d-62db-41e4-9bfd-c1087477f30c,0,0.07832515961811332,0
1b3f4069-a850-4259-b1f7-76497b78354a,0,0.04141083745558294,0
1b4a4a20-0684-465b-a089-ece1986ff21b,0,0.11425610077070938,1
1b4ee13a-9284-4a03-a694-af9b6dbb9973,0,0.04914576927876232,0
1b4ef971-340f-4094-8aa6-daef98fe42b9,0,0.045386229584986754,0
1b51c837-0b87-4a92-9e7d-4baa9ec46dfd,0,0.05791758073382042,0
1b557617-e8e0-4cd1-a84c-555b6e5bb6ee,0,0.05245896261998214,0
1b55cd62-fe32-40d6-8761-e163597e4b13,0,0.049501170288531626,0
1b59a329-57dd-491d-8b38-c8fa4848f6b8,0,0.04277823227283708,0
1b5cdd5a-aa6d-4112-9980-51dd0014010a,0,0.04284101915012012,0
1b65c670-a264-4f0e-91b1-b33e34a96d52,0,0.045382470111977484,0
1b6e01d2-db67-422d-8d66-f894815ae424,0,0.27142173419428994,1
1b7451ac-14e6-470f-a218-cdeb3e68dc21,0,0.04248976792804075,0
1b74a16d-dcd8-4dbf-aa50-5cb5e66360e4,0,0.381408069700886,1
1b7e6d8f-f5e4-45b2-bf1e-6542b13f1d64,0,0.06738347001302619,0
1b83595d-f3bb-40cd-b25e-70ee0bcd926e,0,0.0455717846448748,0
1b89c390-46de-4dd6-b4b5-1311ac800473,0,0.045314895283669984,0
1b8e0b7f-dc74-4a59-8e1a-a6f1fe6e3a1c,0,0.04962294743003891,0
1b8e6a25-6525-435e-8ab6-311fbc3c888c,0,0.04448344912563131,0
1b90a816-fb2f-4e26-9357-2a8791673a38,0,0.04899339824696025,0
1b97b69a-1258-4c1a-8a02-5b5dffa609b9,1,0.7656835612831426,1
1ba981f8-4670-4990-8fbb-d55f33637c46,0,0.050555225345357696,0
1bac6df8-9dbb-456f-a718-a6fec7b06093,0,0.05105637986205885,0
1bb79335-b265-4820-976d-9e44baf021d5,0,0.042980345243495734,0
1bb95bf6-9696-4fdd-bea0-691fd3f134ac,0,0.04306258869374823,0
1bbcc155-34f3-4855-a000-1b905c49d19c,0,0.06234206330979801,0
1bc1bd1a-c130-4870-ba98-f5e8459368d9,0,0.0471118772032585,0
1bd6d7d4-2fb3-4c28-8f2b-86c277a72f49,0,0.08563413109261718,0
1bd96730-b017-493d-8192-c74540b5cb37,0,0.04695273701248774,0
1be50280-f6ce-4c4f-80ba-5ddb5ddb64c5,0,0.06164421690827611,0
1bf21a08-10c8-4d19-bbf4-4f7da6ff8860,0,0.054146473367006426,0
1c00e6d2-31df-48f9-8347-50627bbbe341,0,0.0479237445520166,0
1c0f6210-336d-4bd0-a4ef-36c579780da0,0,0.04478783141605882,0
1c173f3e-250a-4771-9032-a025f47f2954,0,0.042171874446362397,0
1c20daf5-395d-4dea-82c3-4ccd632890a3,0,0.1842989682384207,1
1c23842a-f5c6-4c24-952c-2a25108835cd,0,0.043904410272226385,0
1c26241b-0e08-4c41-a29e-87aee24b063f,0,0.052411744842646844,0
1c26f438-03e8-4cd1-ac15-4ee4ab25d80a,0,0.05137037323301574,0
1c277048-ffcc-4add-acc7-2c889d9a779a,0,0.052450131208785444,0
1c29d4d5-9153-4bae-abb8-f8ef7aa3de35,0,0.0610469176799015,0
1c2b59dc-04b6-4ccb-862a-99d20628b789,1,0.7992774784016472,1
1c2df620-d803-4496-95dd-f6120e878aff,0,0.04601628078517968,0
1c372491-8f7c-4c57-bc7a-a8e47611fb72,0,0.06367798702894203,0
1c3a089e-cc71-43b9-a0e4-7177df065e3c,0,0.048042600383507,0
1c40953e-cf19-4f7a-ac23-f28bbd5c4f18,0,0.06738344385204847,0
1c41c6a6-4201-47bd-9c46-2c5c518b2e53,0,0.04665484567491409,0
1c423328-0445-4282-a422-52e0add8a023,0,0.04455366086739956,0
1c588971-bfd9-4bac-a35a-544fcc35317a,0,0.04824265305076042,0
1c5a1743-f1f3-4b23-a27b-b418c7797c1c,0,0.04622556205984591,0
1c622c5c-9511-48b6-9ae4-63833e22d91e,0,0.04388015177547589,0
1c644248-183d-4ab6-9a13-eea2fc0f5ee4,1,0.08426032040300815,0
1c70cbee-66d6-4e0a-837d-4ff9fc2a1623,0,0.04458333872651775,0
1c7c224f-4707-4d21-9c58-c5c406663ac8,0,0.04842022045417872,0
1c7d1d38-fa2e-4546-9a91-c7ee3a5199eb,0,0.04803431666529788,0
1c8441d0-aa63-4075-af2e-dabbf2781c7b,0,0.043819305170148794,0
1c884ad9-de4a-41c4-8329-de3314bca1c2,0,0.11152036633951397,1
1c93899f-fee1-4a5f-ba17-e62a881b69cb,0,0.04252178048256118,0
1c95118b-d99f-4eca-88e7-e5574c3d9e9c,0,0.0439565652642073,0
1c963677-ec98-411a-9666-9a75f57ad459,1,0.7088618138593531,1
1c977f3b-dd55-4954-92e3-c84ac1042d54,0,0.049019125369323374,0
1c9b0418-6633-4c65-801a-4fcb13853fcd,0,0.060811378377558074,0
1ca15ca2-e5cc-42cf-b18f-58e4b39a08a1,0,0.047174052847657265,0
1ca2d325-42eb-466d-816e-5aa4525156bd,0,0.14189158783886852,1
1cac9cfd-696f-4434-8d16-dbdc50c156a9,0,0.04249671856668275,0
1cba7dbe-e263-4c89-800f-12c07c4632fc,0,0.05215031458521487,0
1cc05fc1-a388-4442-bb5f-e1c9e4c796aa,0,0.04260271556350314,0
1cce4179-0f38-4896-bd18-165de44dcdc4,0,0.046158547032624335,0
1cd0f895-7b1e-4522-8ac0-aa1a606a57f0,0,0.0429761271166155,0
1cd45218-a64d-41e0-8fb1-0b0ddcc19cbe,0,0.044895336258732016,0
1cd45698-f7cc-49fe-8e6c-16faf763c814,0,0.048118010498400435,0
1cd69de9-e1c9-42e3-88c6-43a8c256eecf,0,0.043590875054642056,0
1cd9af10-85fc-44ff-a1c3-d38e3c7ad49e,0,0.3218486942598304,1
1cda0b7a-1129-4204-97d4-412ca11ce3f2,0,0.04462440601642899,0
1ceb1ab9-371d-4e20-9a66-38ed3c4fd326,0,0.04999563128795005,0
1ceb4c68-d657-451b-9b7a-bf34d681ce38,0,0.05288223226952388,0
1cf0f3b6-6beb-4d83-a6bf-83b9bcb32fe2,0,0.04325959797171067,0
1cfa38e2-b055-43e6-aa18-b5a029e18870,0,0.046563316104903614,0
1d03514a-0636-4aa8-a1f2-33d79c344ad0,0,0.045729886954964064,0
1d04a1b4-f6c8-4a6a-a1eb-876c9ae56c6d,0,0.07330695426250973,0
1d1185db-ce2a-4c0d-8665-59932efcdf12,1,0.0612184507315318,0
1d149a53-07a4-4305-903b-58bc1d61dec9,0,0.05909073274888253,0
1d1e7c7a-9d0c-4094-bcde-5ee2d48b4227,0,0.0491889230545222,0
1d1f5b8e-8c05-4156-aa53-db3ec110d220,0,0.056175966300880995,0
1d2b11d0-84c0-49c0-94d1-03f3a7367b8f,0,0.04343221486246206,0
1d3e3509-09d8-4a69-ba26-458baec55b39,0,0.051910693726445974,0
1d44d252-ed65-46f9-a874-72b478d7728e,0,0.0474884549011213,0
1d4d52a7-df9d-461f-92d4-de82c05b9aac,0,0.04815455850410177,0
1d51714a-0475-4372-b123-b6fb906b1f6f,0,0.04841664515284019,0
1d573e65-5ece-4672-88ee-89cfb34a0467,0,0.046587390684583244,0
1d5981c5-7e53-4217-87b7-1bb71a9c49e5,0,0.05060399507610715,0
1d5a554e-be41-4d1c-8c65-205910282e46,0,0.04262574910921787,0
1d5dccfb-b689-4c79-91af-8b462185c09c,0,0.04547622158684159,0
1d6100a7-58d3-4723-b0db-7423e8baecaf,0,0.043721062366018325,0
1d63a8f5-e9c2-45ab-8d70-a71b331545b3,0,0.043458774280406946,0
1d656eb5-b881-473a-9bb3-6ea3f8d9ce3d,0,0.053987412864523764,0
1d68be00-e52f-4f06-bae7-94de061af27f,0,0.04389919494747224,0
1d694637-4f5d-4e55-a22b-02c326c5d9b5,0,0.05768560947022892,0
1d6c4519-7f65-4a6d-8cb4-55e4fc281b7d,0,0.07695998771605145,0
1d70ecfd-ed98-415e-86ce-0c0e936353fc,0,0.05302152412333372,0
1d73d86f-0307-48f1-89f1-99688c368c03,0,0.04181635721897178,0
1d7419ed-1583-4af8-9d0e-68c777e4b475,0,0.07219017666330131,0
1d77e18c-7fed-410c-9395-81fd9d114deb,0,0.06275574441671242,0
1d7c8811-1e04-4aac-a14a-a58085d9d9c6,0,0.041099370277088036,0
1d7c9058-48b6-4748-8a01-41fbf1778019,0,0.05145576208422384,0
1d80f35d-4c19-4b2d-9a8e-2aeffb75fbb1,0,0.04282724617512888,0
1d90e7c3-49ca-4aa0-9ad6-f3c84a37888c,0,0.044148215403630474,0
1d98b035-a575-434c-ad96-62bf0142cb32,0,0.05564111825366101,0
1da1e1c5-70b0-455d-b2fb-4d7ab491121f,0,0.04555483475455914,0
1da1fe2a-fd9f-449f-8cd7-36fecec5294d,0,0.05017636531629445,0
1da303cc-70fe-4455-a105-bd2d43deb7b8,0,0.05240430260873704,0
1da8680c-3d27-4542-8cd0-ffb6a5613f46,0,0.04309923337657803,0
1ddb1dc6-28ee-4b89-81e5-2f79bb720656,0,0.07019412645627336,0
1ddc3336-2bd2-4a87-a202-93c68e7747db,0,0.052780089158681785,0
1de10c34-3fe4-4543-b237-2fa7c446cc94,1,0.28709985724810744,1
1defc889-d5fd-41d2-811a-613beeea862a,1,0.05700519457441195,0
1df11fd7-7ee8-4c5f-bcd5-05d4242a8a58,0,0.0493785453368769,0
1df1893b-43a7-4970-8459-0ce4b9985184,0,0.08234052830926288,0
1dfd95c3-8d14-4cb7-885f-e2206aea902b,0,0.042544539406076644,0
1dfed797-aa2a-409c-8175-aa469e514dc7,1,0.484405286269049,1
1e03d51e-c2e5-4125-9a8f-b40000b98c83,0,0.04572847943363712,0
1e0eed8d-6731-4c60-a99f-d6f046b9a33e,0,0.05380885362550342,0
1e103ce6-fa4e-4a46-9e1c-f472fcb5f10a,0,0.04462967787818966,0
1e103eb0-ca96-4755-a960-5ec7b9cd07d1,0,0.06406452072223186,0
1e18d80a-3a43-4816-a259-e01af97bb4b2,0,0.049228475388832585,0
1e1da13d-8d87-430d-a0da-d79760c69788,0,0.0939035019856901,0
1e337c72-f2ef-47f1-8d23-634ac032d1d7,1,0.20230590375177337,1
1e38622f-52d6-41fd-beac-dac9d242d378,0,0.07131334555634258,0
1e398d4f-6af3-4200-bc47-34110fbd7c72,0,0.05723931615402651,0
1e3e7e1d-5f10-430d-95d8-cf04331d29bc,0,0.04558816162573143,0
1e570435-c8b4-4a99-af7a-c9bd28aff432,0,0.043329173492110296,0
1e5a3e74-a2b8-408d-bbbf-3321db566746,0,0.0471904839109978,0
1e60570e-6d39-432b-82be-5a7e0c40e889,0,0.06027760901906026,0
1e63b78a-4941-422c-a44b-d48cebcb4fed,0,0.05286288326467379,0
1e689dd6-3d40-4def-b67b-c09b24b4eee8,0,0.045094272489414756,0
1e6cd1d7-875b-4dc0-96a1-067d90b59471,0,0.06797101275301803,0
1e7fcb27-d217-4461-b6b0-e0f8be84f2ea,0,0.07448144700397714,0
1e828964-cc2a-40aa-be53-0847b8d1c67a,0,0.04617822235730935,0
1e8616d2-30d9-4cf1-860c-1de28ec2b867,0,0.05106139748973402,0
1e8ccc77-4d75-4f95-a7be-ce057e801381,0,0.04194882918295752,0
1e94a9bb-ebc5-4825-b7be-9d7c859be85b,0,0.04505765443089035,0
1e9810c5-c233-406c-a7f9-f68daed90279,0,0.047490586979464657,0
1e9ded63-d43d-4551-b01a-8aa49dd87776,0,0.04534970696705016,0
1e9f19f4-00ad-4dc4-bbc1-5631d5231629,0,0.04413436558969216,0
1ea18365-2549-47c6-a562-57c03b8cbb24,1,0.8632730919215078,1
1eaaee93-b693-49b6-aa02-c704f6371dd3,0,0.048125248920874414,0
1ebd2672-b35c-4d3e-bbb1-e0e18045683e,0,0.04352478292013112,0
1ec08915-b2e1-426e-aa83-6fd254bc334b,0,0.05155470931510043,0
1ec76884-d889-4f04-8234-493824d29a6f,0,0.05176099107636109,0
1ecc7604-5a77-4f5a-87b0-6592949e6013,1,0.08608921953818609,0
1ecfa5ae-0a57-44ca-8110-9cf0fb5ee75f,0,0.04659150183109193,0
1ed1e389-a830-4004-8a0f-240724337e04,0,0.044078064918063174,0
1ee0dabf-5b1e-40df-a93b-e1ecc2383e07,0,0.05645160475215819,0
1ee1fea4-394a-4280-9e05-612abca382de,0,0.04238467413319864,0
1ee499c0-257c-40e2-9be2-353cecadc7d2,1,0.11604194559951306,1
1f03bb38-6560-45fd-ab1b-3b23525fedcd,0,0.041671121770109905,0
1f06211e-446b-42ec-a59f-a8f28acbb04e,0,0.05664868140054571,0
1f0b423e-ded0-4bf0-897c-e78f97dfb7d6,0,0.0602363778520143,0
1f14ae0e-86f7-4664-8df1-2a155d4756f7,0,0.05834317911994305,0
1f17a7b1-4437-48bf-b491-d9f7ce6d5ea7,0,0.04407963924739458,0
1f1b784a-3686-4d5b-9207-a176bd29bd21,0,0.048965828395213476,0
1f335ccf-e9a8-4570-beba-8494449782e3,0,0.0665939595812385,0
1f341d73-051a-40be-9ed8-9b47eec5989b,0,0.04427929207989699,0
1f47bb8e-7dd6-49b6-87c8-d0177c868cdc,0,0.04798792194723992,0
1f4947f9-c635-4db3-9bfb-e0cfe12182e0,0,0.049428935569618346,0
1f55cc43-cfe2-4f53-a045-41c1f8fa59ce,0,0.04926133855761711,0
1f59954d-94be-402a-8c7d-dd2994eaf3ff,0,0.04523502210849472,0
1f5af9a0-b78f-43f5-9984-af1a5a5f391f,0,0.04295106944969043,0
1f5fb8f5-8917-4faf-b7f0-022b47ab9ca5,0,0.04858256077958185,0
1f612e64-53ec-4d00-92a7-42c98730a7c8,0,0.043841300833039054,0
1f61a9a7-9d12-446e-a29d-f6ad753bd817,0,0.05303984385133594,0
1f6d94c9-8290-49fa-a2ad-43d5289485d8,0,0.04948376274927018,0
1f6dae59-546a-4b3a-a503-e9db1cec1b94,0,0.0811980915839269,0
1f741cdd-2c64-4100-a131-4c7f433799da,0,0.044809073617864806,0
1f7ba46b-4410-4325-8c02-9341537a0252,1,0.11493464904927443,1
1f80b780-7d37-4399-bf9d-a35ee8c4068c,0,0.050972120152480815,0
1f83a0e2-aab6-4005-aa94-de46e35d0660,0,0.04254026391410312,0
1f8ac7e6-e368-4bb5-b81c-b201a73225fc,0,0.04299886666290878,0
1f8cbd6d-5daa-4b6b-9993-c5d494e8d84e,0,0.04244519805458008,0
1f94d85e-d033-4790-b0fe-0bd2b16e4352,0,0.04609446794094058,0
1f9ea674-626f-4ed8-a3e1-10afbf4f843d,0,0.05311934119350977,0
1f9ec014-7ba1-4e3b-b013-63242f6c420f,0,0.04093774438928152,0
1fa735b1-1d98-4562-9b7d-74211f89394a,0,0.04439553219431769,0
1fa7d1de-1c8d-46c6-b272-935576cbde10,0,0.05475860623805223,0
1fb0b269-9dcc-4294-a2d3-47dd87ba838c,0,0.044865039650915976,0
1fb800fc-0b68-4473-b75b-56c0f3021926,0,0.051602707266771124,0
1fc19e40-2cb7-45e5-a3f5-b450dbfdd1bd,0,0.05212642328525691,0
1fc8d11e-1128-40a9-8c6b-7c50724ab5f2,0,0.05084359095309526,0
1fcae5fc-7102-4d0c-ba78-407d8fd8af42,0,0.04727237116465553,0
1fd7a155-a363-486c-9f07-e77ec1d0f5fb,0,0.04599924834606052,0
1fda6672-74fc-4a06-890c-d59b64c9fac7,0,0.07454510749810365,0
1fe2b90b-e14d-2b8c-bb8e-302b0ea28569,0,0.0499243032985131,0
1fe8299f-c331-4ea2-b650-fa5776abee32,0,0.07507013536778984,0
1ff4c636-5f08-4aff-8ee7-4f456314a798,0,0.04876466860844115,0
1ff85a64-a453-4492-8206-169495b22a4f,0,0.06717804695650603,0
200016d2-6999-4c97-b21a-511d6f5f5113,0,0.04962115823792175,0
2008df06-bbc7-4ee1-92fa-f28311e6399d,0,0.1803608935911576,1
200f29c9-db6d-4cca-b3e4-21e500b068c9,0,0.04321319197158568,0
20103984-65e0-457c-992c-09a068d0b6bb,0,0.04772677392475361,0
2016b4e0-21dc-416d-907b-f326d7142b61,0,0.05019195516800787,0
201bb986-4e2c-40ed-b25b-1fed5277666a,1,0.8337508521880374,1
201deb8a-05d3-4e7d-8636-a161740e513c,0,0.047197516511511835,0
201f52f5-9c37-4056-8722-d7d6fe5db141,0,0.1902424694893044,1
20204d43-a3c6-4f0f-a3ce-4d72e9c2aede,0,0.04720308686086885,0
20284059-b8d0-4471-a9d6-b23232bc0845,0,0.04286747295502772,0
203da4d2-6030-46c0-a930-660d9d6696b4,0,0.04175249185066899,0
2045222a-13ca-48df-abc7-1dfd2ca63dc6,0,0.09324801896606842,0
2050904e-5b76-43a8-93e1-f89d92458404,0,0.04258151924492792,0
2051aea0-a896-4979-ac4a-0324454d38f4,0,0.044815673285127484,0
20539cb9-4037-48c6-ba59-c6b469aeabd9,0,0.1591141931570544,1
206016f6-4e46-4cd0-90ab-6395fdb59ec1,0,0.04209792774561966,0
206a695e-6a9f-42d8-b807-7882f2a00866,0,0.04539578137964106,0
2070be71-551f-4f9c-bec8-7271f0d0c450,0,0.05444745937370357,0
207d735b-2cb4-4101-b57b-ccba51e47061,0,0.04307313009517,0
2082c33f-6fd4-4e6e-9402-d1210f82993b,0,0.05280312935478418,0
20957e67-20ad-4f79-b06d-cf2252bd47e2,0,0.09186382291941345,0
209b0b3c-222b-4a79-a134-da6207cb2273,0,0.05090166183401895,0
209bb676-fbe4-48e2-89f5-cc3f0e40ea72,0,0.054863951426917974,0
209f1722-6dfd-49bd-a3bc-00f47d6e55f1,0,0.046851508483372106,0
20b3a149-65c2-4fdb-adf4-dde55a73fb77,0,0.0419289963446989,0
20b54511-1a22-4ffc-8047-b7a01d4dd3c0,0,0.04978351770865736,0
20b6d580-4baf-49ae-aabb-b5592683424a,0,0.047106113305906826,0
20b76123-0ca8-418e-bd8b-84ef7d7c9881,0,0.04434777181949637,0
20d19fbe-4401-44fa-aaf5-2b2639836bb3,0,0.05588326588952338,0
20d248c6-ff65-40c9-b54b-d84515a67d8e,0,0.04689519113629995,0
20d853a4-1d09-45fa-8ebe-097f5fd27150,0,0.0454275483474658,0
20dad814-084a-4e1b-bd2f-4789996d4b59,0,0.053130951188251827,0
20dd9374-8cc6-4375-9cb7-60be3e0f24e1,1,0.7162141610981496,1
20ddc8c7-b196-4783-abd3-45c4fd4f122d,1,0.5153734118974108,1
20e41d85-0e21-4ed5-8f12-efb7227c52ee,0,0.06650504686259955,0
20e584bf-6461-4940-a774-1ff1110c633b,0,0.054959993886457975,0
20e7f232-47a1-451a-ac24-7b6dc838032b,0,0.05407226263553543,0
20e9e51b-413a-4f59-ba52-ecc059e8ab92,0,0.05318086633125227,0
20f2a069-7532-4d6b-9d53-7492e6febf27,0,0.04568450679646667,0
20f5a4fe-81b9-42a8-8fae-9fc64f0ef307,0,0.04480346991569379,0
20f79d53-74fa-4584-aa04-f5d0d9320f54,0,0.04389047193750192,0
2100375a-be14-4657-8ad9-9418751894b9,0,0.042630806952917294,0
210bdc11-78e8-4cc0-b2d6-fdad1a846e00,0,0.0438086054007264,0
21152dce-69df-6195-2b2f-9b28fe2ffd19,0,0.04344230889024651,0
21179204-14d0-4438-a203-f4c108dbf094,0,0.044974931611805345,0
211f5793-418d-4a08-845d-31689bcf69f9,0,0.045279875442561554,0
21234c6a-9cbd-43a1-a2b9-73dc4a5c8128,0,0.04420238022972813,0
212909ea-01d4-4ff4-ac06-7a0b94d36140,0,0.055379637599938025,0
2131518b-42a7-4b3e-9f79-8a43ec72c142,0,0.052079930772295085,0
2134a690-573f-459b-9b75-13dd5dbccfbb,0,0.04752083594207211,0
213580a6-edd6-4eff-a4ca-ff137730a3cc,0,0.05234180627815606,0
214083a2-6c7a-4ba4-8835-820496656f2a,1,0.09863475722412456,0
214d06e4-3050-400a-b90e-4645e7d171a0,0,0.05593202583828033,0
2152163a-35a9-4053-bf1f-f290e45d5c5d,0,0.19877080414092388,1
215851fa-2bd9-46a2-b936-f1317ad1385a,0,0.04922043222545777,0
215dfc42-df82-480a-aaef-2d23f81059ac,0,0.05461454913779387,0
215e30f9-c8a1-4cac-b629-c5f9f4786341,0,0.04319501385676689,0
2169029f-ecb1-41dd-a512-e0aa60143fc1,0,0.051844137240246974,0
217007d7-ab61-417a-97ca-4eafee4f7687,0,0.06270830999164138,0
217f52b8-7b16-420c-ad71-df2abe4449bb,0,0.05142027946920387,0
2187012a-b666-469e-95aa-544d4e46a170,0,0.05396262009611181,0
218acc79-f6b3-43a7-afdf-dad882122ac3,0,0.04312232150932137,0
2190dd63-7c53-4318-b4e4-bd7d33b36562,0,0.28018371469513065,1
219ef7a8-a760-40e9-9fb3-150040e3b9c5,0,0.18994669159779504,1
21a18eb7-9b1d-4835-a3b2-8f8775b77f45,0,0.04552031088127578,0
21a5ec79-1eec-491f-a84a-134294393142,0,0.04362237447685808,0
21a77bd3-7a21-465f-84cb-052ab69036bd,0,0.05633684825474501,0
21aed983-8838-4cea-a9ba-086c140dce68,0,0.04444519948932239,0
21af4c7a-c77f-4551-9e24-af95dc3f55ee,1,0.6205350632517572,1
21b3b088-4106-4a22-b993-4078e04bb525,0,0.0434124900078259,0
21c13e21-690d-4c7b-b4df-9ac9080bd8db,0,0.04650650822820808,0
21c2a714-8766-427a-9210-53188af5769b,0,0.04493932985858086,0
21c9b480-d1b2-4a49-98c7-3f68746af4d7,0,0.04156553315968295,0
21cf3b41-499f-420a-a5a2-8ef11985de18,0,0.055288027486050204,0
21d0c9de-5b38-46cb-b1de-7dd08a668420,0,0.04238514736783703,0
21d8beee-1d91-46d6-a11b-b5d2047cb560,0,0.1294084388650302,1
21efd28c-61d5-473c-9e70-1c0fcf98a80c,0,0.04787293393821102,0
21f87a49-efa7-4381-99a9-270c9f8d9d9c,0,0.04140925700320747,0
21f94dbf-485b-40d3-a74e-06dffd1669d0,0,0.056679323650144615,0
21fbc41b-6458-4177-b0e7-91f2d728b41d,0,0.04528585488720217,0
220209e6-9a71-4931-8d4c-a84d6545b159,0,0.0632789526452697,0
22034803-0901-41fb-873d-f7e1fc3131b4,0,0.04305902310686848,0
2211c4a2-1e58-4a13-a3e3-6d99751ec26e,0,0.050575913893427034,0
2214fa35-041f-46e0-883b-b55208c3bcc1,0,0.04518952803564805,0
2219ec00-c6fa-469d-854b-c45285be389f,0,0.04820879427071231,0
2225e881-71a6-41a4-bac5-f928908b200d,0,0.045392809777604,0
22276094-f9ce-4e42-bd64-fe3fcc2de65e,0,0.0542346052751239,0
222c73fd-f2ec-4d87-95df-8ae61489d7d7,0,0.05496861137653642,0
22345dbe-a047-42d8-8f24-5fffe084e5df,0,0.05859758622560758,0
2234d89f-16cb-4f42-8c8e-1f898cefacdb,0,0.042419169390773,0
223ddf4c-d33e-4517-96bb-f6b94b6edc54,0,0.04521326495624036,0
223f6871-7cec-4c40-9cad-e5bed74cf5d4,0,0.04381850446502843,0
2241b48e-439b-415e-97ea-c1b894b94593,0,0.04569513157079413,0
2248a6ae-f208-41d9-ba2d-5fd2efc4b779,0,0.04758640245750517,0
22556902-9f51-487a-8531-0cdce3bbcae8,0,0.05176425458840929,0
2260b1eb-6cfc-4ec6-ba49-98a0731d2406,0,0.16881345992360092,1
2271770f-a6dc-4ec4-9b5d-40c3801c5227,0,0.04446785770212133,0
227341a1-9c73-4dbe-a175-90f1a14d5b20,1,0.8445618527683265,1
227387c6-0326-4986-ac2f-400acc985cc2,0,0.07406720486816579,0
228babf6-1525-447e-b6aa-49f83d574ded,0,0.04852688386649905,0
2290ca7a-4394-4b6b-a5b4-9820106c728e,0,0.06219268032837139,0
229234a5-c87d-4142-84a0-c9c3c3c0fd92,0,0.09869535272629792,0
2293f179-2078-4156-9e59-eb89e8d23cca,0,0.06154560729218954,0
2295e8fb-50c2-4e13-8eff-9fc1f3e52dd7,0,0.05957300804799042,0
22a3edb6-d974-4be9-b8cd-33e80caf7289,0,0.04889034853309058,0
22a5bea3-f2e9-4ea6-b136-d84d0025ebe0,0,0.05292476426560026,0
22a63480-6ae5-4331-b68f-d32c26847d75,0,0.043973129003107236,0
22a97d90-42d6-4371-9e61-a05176ba9b01,1,0.1253266621953117,1
22aaeb58-3706-442e-af6d-90bd35ab438d,0,0.04473835564531674,0
22b2db95-65c2-4f01-81b9-1411f64e3151,0,0.11142352824260784,1
22b36a8d-0b12-4859-a2a6-edc549c4845f,0,0.04555260472341331,0
22bebe3b-8e41-45c3-9eaa-c494d0b00d7f,0,0.043548064051086445,0
22caa963-7b79-404d-b2a8-876a7739b91c,0,0.042029129251657256,0
22cbd4c0-f25d-4129-9cc1-16b465dd8b49,1,0.8231234122959316,1
22cd5dfe-ccd6-40e4-a4af-c6497fca3782,0,0.05487749567229353,0
22d7f0a6-2dd6-4a74-92c0-80224e98f7fc,0,0.046333490069469664,0
22e97cbb-1e69-464d-bff3-279bbd13798d,0,0.07477341749723658,0
22ec017e-c4b1-4e41-92c9-6c74ef72fcf0,0,0.05780928070042623,0
22ffd915-4ff7-4028-a6c0-32274e21c1dd,0,0.04250489116784092,0
2303be78-75ea-42bb-b5f5-456611014c1c,0,0.046605070532396445,0
230890f9-82b5-4fed-8147-0641455f394e,0,0.04548674043734816,0
230b4916-f949-4427-b3da-445ea3aa63a7,1,0.0921644276845696,0
23173b11-7496-422f-857d-a8049dfb6860,0,0.04465462533399457,0
231c1278-80ff-4a0a-ae11-54356c07e046,0,0.04575543547789424,0
231c680b-c069-443d-a231-0faec22a810b,1,0.08523976749864705,0
231cdc0e-8d83-46db-a3ba-06555c41e1ef,0,0.059641725816243184,0
2321dac6-4693-48c1-8d00-f42986a9a589,1,0.06241057812677384,0
232ed496-2e24-49a1-8627-bfc09ddce5f8,0,0.04556218700448416,0
2333ea87-ffdd-4a91-9049-102be3cf0fa0,0,0.04821738291118624,0
233697e7-15e1-44db-bac4-fb0c5d56b495,0,0.04519538402427676,0
2343ce37-ca6d-410c-aab6-1fdffd35e142,0,0.048525354517980276,0
23493e5d-4091-489d-bc3f-88d9f4b7ec05,0,0.05101970810809146,0
23556981-7603-410d-ab2e-67a942c2a3d3,0,0.04693640442650425,0
235f3510-4d1d-4bda-8630-73a1f2d33285,0,0.044748736355540414,0
23616354-7b1a-4cff-aeb9-b37be98d0c6c,1,0.1266403549963727,1
236993a5-81ad-4c10-a07f-7b0e0dd95320,0,0.046719293963990695,0
23777a3b-d133-40d2-b129-11ef34973162,0,0.045781118809210826,0
23789705-6022-409c-8bb8-43d37744cd24,0,0.04394363040485057,0
237e7b3a-bcd7-40b5-baba-aaa633f93ab0,0,0.043531964046161144,0
237f307d-c9fa-43a7-9c74-046d0a45803c,1,0.06650213246087222,0
23858082-7869-4a87-9c8e-fb5eabf8b215,0,0.04379634344283128,0
238bda56-3f42-4031-9ae0-a09957f15ec4,0,0.04933809761103003,0
239e38a5-82af-4958-8e7f-b3579ebba793,0,0.050588749759309375,0
239fd5fb-a329-47e5-80e5-22ad39e1f006,0,0.05323320626394926,0
239fe8e1-6f4a-4eef-8333-39d56b57d755,0,0.08122206790663088,0
23a26db5-d74c-4986-a797-90fdd7b1303b,1,0.053226978335875405,0
23b1883c-2da9-4b0d-88e2-535569ea5685,0,0.044512597139402386,0
23b31731-e54b-4f7e-b170-5e6c3d6620dc,0,0.050676647632701015,0
23bd88e8-f1a1-43b4-aece-01af14af172b,0,0.1514800879196483,1
23be9167-3ed8-40f4-ba1a-a06dc173ccf4,0,0.10595369228151648,1
23beb264-541b-4a0f-87e6-3c69ae767258,0,0.05161552753291044,0
23bee623-ca51-41ca-9616-a4090fff0ebb,0,0.04169789628073878,0
23c59f2c-9ad2-43e4-8742-ab8f18dfbab1,0,0.04341475211380964,0
23c6a764-57d0-4966-9f45-099c1ff3eb0f,0,0.0991164889813353,0
23c8d445-02fe-42ff-bd94-02d9a1d4bf9c,0,0.04318760721554125,0
23cd4535-dda9-4f16-a8ed-fd7fc3fa639d,0,0.050567071076181684,0
23ce946f-4bca-4626-8d0a-b1d4e3615b7d,0,0.043460470677358407,0
23cebb76-549c-4dd7-b987-829b2c3b5cde,0,0.14258715004595576,1
23d0701e-b549-4564-8b4f-d9938f5cdddb,0,0.045084389540214743,0
23d7815d-6c0d-43c4-ae7a-ac89b2d650fd,0,0.046062187910300985,0
23dc697d-0db7-4461-9c86-c408ddcce0ab,0,0.050972331306124025,0
23dc8888-2325-4045-811b-8ce761f31da6,0,0.05404657354453606,0
23dfc615-2fe1-4e47-aff3-f6555893e257,0,0.06367690404421934,0
23e37d8f-0b89-413c-9ba5-02bbc6acd15b,0,0.0508421648501226,0
23e88cee-0e93-4ab6-b7fa-76c19a10ed7f,0,0.06146940818873579,0
23ea2c43-d379-4f17-be12-6dd06736c532,0,0.04561521674568629,0
23edd35c-2834-450a-b3f2-f674e1ed044e,1,0.7968441810235349,1
24012ed5-60be-4b8e-902e-a0b78dc3a1cc,0,0.049583310553592816,0
24054d8e-cb3c-4d97-a2d8-337783dd58f4,0,0.05575369832692778,0
241ce367-c78c-477c-a41d-becc420435f4,0,0.046675449968948075,0
2424010c-e441-43b5-8f8b-c1d510edda2c,0,0.05066037503471392,0
2425900d-0f9d-4d51-b055-a0fe7348665c,0,0.042468884010043596,0
242a217d-5ccb-408b-8ee4-eaa58846dd76,0,0.2793674691862236,1
243a90ea-c13f-4dbe-8c9d-4fb77a1ac3da,0,0.054384384475138124,0
2455de63-0e98-41cb-9f27-30cfe53899ae,0,0.04571616300873289,0
24624e22-2828-474a-a724-4cd44a4a35ca,0,0.04410834479535967,0
24628eff-8bd7-45e0-88a6-1b3db2b003c4,0,0.17409384423666605,1
246d420d-5430-45cd-b341-57ab33146c80,0,0.052248637121726324,0
246e817a-4953-40f1-b44b-560b8e17bdd4,0,0.05631830642144545,0
246f10e6-fe2c-46e3-87a7-e3fb90d09539,0,0.0426485196709049,0
2477c93b-c3de-4a45-bbeb-b70628c65a68,0,0.0430448395732037,0
247e7057-6c93-4198-9a20-68319dffeacb,0,0.044595606513103785,0
247eae02-c060-45df-b58c-5385e7966265,0,0.050830701497114675,0
2483d9c1-9af4-46c1-8683-275c1cf3ee9a,0,0.04509433441739475,0
248412a0-e3a0-4cbe-921c-926f67474399,0,0.047854853500459704,0
2487f265-1c6d-44a5-9a93-772023dcc5fd,0,0.6779609736669305,1
248822eb-4612-4906-a739-45f24f137ae1,0,0.05663047173468131,0
24892d7d-edca-4c86-a225-c826e4193e1f,0,0.08741179201194334,0
248a77b4-cf72-4066-8b43-abea2fe3d25b,0,0.05294406804781747,0
248f0280-5bc0-4da6-9ba2-3500e6519be3,0,0.04345549349949042,0
24933a8e-aea0-4b05-91d7-824eda7ff491,0,0.05849460165926136,0
2497cac7-7b2e-4788-a274-ff23e3d40ce0,0,0.056243901482623565,0
249add47-7a7f-4c6d-85ba-48c4f1d8980b,0,0.04574038867816643,0
24a86c84-ebd9-42b3-98eb-9c9b68749b7a,0,0.05166858580864975,0
24b37ae3-4f91-4846-ab50-4257a915925e,0,0.06238586578189772,0
24d5b124-4b7c-4616-8abf-8f2ef8c46b27,0,0.06310424489260064,0
24dbe41a-a2e6-4aff-96ef-9be973d14dcf,0,0.0479025643683773,0
24ddeee3-ed9d-45bf-b30d-f54bde886216,0,0.04363276793694847,0
24e624ba-0888-4799-bc13-b950f25159c3,1,0.6296668041137196,1
24e98199-4ac3-4256-840b-891afa7fb0d2,0,0.04679781540478095,0
24eb1c4f-eb26-4016-8404-033b633422f8,0,0.04243642110268852,0
24eb2ec9-95e9-4324-8923-3fc017d196a3,0,0.04308779025932369,0
24f8ddb9-1db1-414c-9c31-f312fc77e85a,1,0.1437517333338739,1
24f95774-68ce-466a-8546-e781b92fe522,0,0.05627231496353637,0
25008eaf-2a4f-4198-be64-43a17e574c6e,0,0.050461192291243136,0
25048d1c-3878-4b30-af11-52690dd2dc3f,0,0.04420027277851821,0
250f2fc0-2474-4e67-97c0-6dec6a697e93,0,0.07191398300800707,0
25173235-6416-4354-9941-1293bc9b9e47,0,0.049298377021658756,0
251761ca-d516-46e8-84c6-110a155cb10e,0,0.0433560877428838,0
25188ff4-b393-4a99-a562-200457429825,1,0.059160858935828814,0
251abe41-0e23-4343-a72f-8cfea30673da,0,0.046070102598597604,0
251ace47-c0b3-4696-ac16-ff89c8486c78,0,0.045104040658110765,0
252064c2-b197-4192-a0f0-a606edc67e64,0,0.04104139172904409,0
2523a07f-ee26-40da-b2ec-fc98819490ef,0,0.04660936078877845,0
2523f660-b08f-465c-959a-34a2a083d821,0,0.04963917794221592,0
25247cf8-9c1b-421f-a3b6-e142eb360716,1,0.7245728673962126,1
25266e11-dc4a-4ab7-97d6-32cac64f4e54,0,0.04609877510848813,0
25328044-41d4-4a9b-8daf-ec4430137935,0,0.0611675479336185,0
2535e86b-ee7f-46b5-ac08-e7fb62495156,1,0.23445815456056318,1
2537466d-89c3-4dc1-a4c5-d05c2ae026da,0,0.08274075387115931,0
253c14ee-026b-4423-9e1c-6c84b9abd5c9,0,0.04076046702691005,0
253cb681-9d58-4abd-9281-ab6a2a81ccb0,0,0.05706632713419137,0
2541fa00-5c16-45f7-ad76-740fa58b9aef,0,0.1028272730827698,1
254585df-8223-4183-99a6-b322345bc694,0,0.052036647313306185,0
25473844-fd33-4f2b-98c7-e97c3e9c2323,0,0.046929223576378146,0
254768c0-b7ff-4205-a79a-52096dfdc7be,0,0.047062696103992926,0
2548c593-cc01-43f0-bc7e-9abb570cb25f,0,0.04295100688859489,0
2549e188-ae48-4c0d-8752-dcc711deea29,0,0.09919088209736743,0
254e1951-43e4-42cc-bace-c7a249bc7d65,0,0.041961291308036185,0
254f8321-4ac5-456e-82cd-c2116ed6fc13,0,0.04941059607079587,0
25517cd6-d29d-4fae-acc7-669a66a3f538,0,0.04869726790447279,0
2556e1b4-44b2-488a-9797-98869f41d66f,0,0.050528801812495465,0
255724c4-8c53-4ada-8fdc-b138cb9679a6,0,0.05884020494070797,0
2563688e-5881-46c5-9208-f6bb10f62e24,0,0.11450541242904953,1
25690d0c-6cb1-412a-96d5-eec628c32a82,0,0.04601634399798814,0
256941ba-2d7f-4e14-af76-6d50eb76f2a9,0,0.04376482186124103,0
256e6090-3e1d-42f5-bd94-4ddc6f78c371,1,0.07373449981587032,0
25701f7c-9db5-4476-843a-64427ca1ff4a,0,0.050116132630575974,0
25702663-c703-d2dc-29d8-1f81c8eefda6,0,0.1239343516236221,1
257d7e22-900a-49e1-86f1-2ff7a6be6d39,0,0.044992189882273124,0
258a2c9e-e63f-4613-b254-d2c91f771e2e,0,0.05942122125131277,0
258f27ea-81fe-4dd3-85fc-c477c363f22a,0,0.04724495774301435,0
25910b2b-6c17-4dbc-bb65-443a677ab8b7,0,0.045140768392380716,0
259227ae-8583-41f5-be21-f23c2738c1d5,0,0.044098979243404106,0
25969b03-0213-408a-a8bc-3027ffc2d84a,0,0.05685200031600412,0
25a94431-8bbd-4f6f-bd84-6864a9ce8165,0,0.06737029856926521,0
25ad8926-7e53-4aec-814c-9988e965651c,0,0.05525090385108931,0
25ba91d2-0dde-4f9e-95f7-44268c38c4c7,0,0.041620752811366436,0
25cdbc3b-709b-4204-8d53-026cf3f0ce39,0,0.04832565890120517,0
25d2416c-afeb-4c09-9684-3e8ee71d17f2,0,0.06418082493884317,0
25d60ed9-89f0-4f22-bf68-173762e6ca30,0,0.05126792147048429,0
25d6a574-9794-42da-8b27-a3e5e03c936d,0,0.05935483953907979,0
25d8a8e5-b9bb-4948-9200-809c8f814d95,0,0.04323497141321136,0
25d9ac66-06d2-4ddf-ad87-a9015c81318a,0,0.04211364478063481,0
25da694c-93fa-4a24-ae2b-d0529cf97960,0,0.04348582888978843,0
25dae967-f321-4ed7-a199-8ff9a2e49703,0,0.04407302526436743,0
25dc587a-6f79-4ff5-9bf9-559d8ee84ed5,0,0.04654131730799215,0
25e65e5b-1c7d-4d64-863f-c8f333f3adef,0,0.05005681699077977,0
25ed5417-dee5-43cf-9881-83ff017e1367,1,0.7763379862580104,1
25ee3f45-d332-4002-a9f2-55e08aa7f2ef,0,0.044008878354210024,0
25f6f2ce-10d0-45d0-82b0-22a11563a81b,0,0.04392389560361232,0
25f92a78-d466-41a2-95af-d8179609fcba,0,0.06251926369691745,0
2600106a-cbc9-4f80-b2a3-e308431a61b6,0,0.04433816655522908,0
260af225-d1f7-4e19-92a9-2c88f0d4ffc2,0,0.04724914871135951,0
260fbd98-91d4-4407-9367-2ab4639e7df0,0,0.04696592281805926,0
261740b3-580b-4f96-a851-895ba410fb31,0,0.04688514564528461,0
2618a1b8-30c0-4536-83cc-31cb914b951b,0,0.06352902171613387,0
26218836-9feb-4431-9e24-80a4362b075e,0,0.04558147168174664,0
26221763-6995-4a55-84d4-eff7c6cf04c1,0,0.04576233539094762,0
26272b07-5645-4a25-b018-facad217be83,0,0.042488555439218964,0
2633c896-2698-4889-9df0-dc6eaa96813e,0,0.047570574378335236,0
263da658-ec93-439c-b02f-727a5c78378c,0,0.05032212486393435,0
2641da1e-f7d5-4524-b9ac-b72945b8b169,0,0.04977195030365806,0
2647d616-4e03-43fb-89b9-55a1f3288d0a,0,0.043714794900283155,0
2649d088-ef69-4733-b411-20910ade5c28,0,0.04669817380294084,0
264c64cd-e48d-44df-b96e-cc272fc4beca,0,0.05345635288072136,0
264d71da-61fb-47d8-a717-37b492671f85,0,0.052632648313376794,0
265925b9-464d-4238-b857-8bf8848ea039,0,0.04666605923807373,0
2666c4ce-8919-4587-be87-811ae3b058f8,0,0.04239815371183967,0
266791a1-733c-4e35-9362-c28fbd50e8d4,0,0.0459511073336827,0
266dab75-2148-4b58-8943-4279ab1876c3,0,0.09419222232757321,0
26740af0-5ba7-420d-9ae1-e858558e263a,0,0.053315235204484585,0
2680d9b4-d012-438b-9e82-583a183985b3,0,0.04923027377961285,0
268ab01c-c71e-4488-9bf8-3226eceff270,0,0.04191399420260989,0
268ac86e-04ab-467f-9171-27aea2afc473,0,0.0444811657078292,0
268c1270-2350-4f42-94f2-a7791e315ff9,0,0.04640457581464022,0
2691c119-7414-4686-aa9e-f8cd6367b434,0,0.0479088289089842,0
26982f1b-cf12-426d-8fa8-fff7aefaa932,0,0.06694852147886667,0
269b4a84-80f1-449a-8cd1-b92c3bf09d0e,0,0.04748474255292545,0
26a0b8bf-ddb1-4fa1-88a1-0e962f1c449c,0,0.04805379874438803,0
26a8292d-a8c1-4ab6-adbb-3501eba1cb70,0,0.053693979680356024,0
26a927f9-a66f-46e2-9afb-7c852dc09868,0,0.04373074457927491,0
26a9d49e-fd4e-42d5-8c0f-a170f0d267ff,0,0.047763148320496135,0
26aa00b2-56ed-441f-ad60-601b8d70dc31,0,0.10226442191967987,1
26aed725-cd00-484b-950c-5c61bab5e8dc,0,0.04515841292996991,0
26aefc4d-7ace-42bd-ac70-eae5d222bd87,0,0.04577804244741715,0
26afc929-a981-45f1-b8f8-d5f713be27cc,0,0.05703924253828324,0
26b31b4c-b7be-4074-9dec-95b3f73584cf,1,0.8060889695589921,1
26b3e830-46b0-4503-bbad-fcd7556bfc21,0,0.05515155315798704,0
26b8eaa2-168d-48d9-9f38-de6c7358188e,0,0.06119789185361393,0
26bcf820-3f10-4c37-bd2b-522cad7340de,0,0.05200808240835476,0
26beef88-c0bb-474f-aa70-286df94f43a4,0,0.04722542197040407,0
26c0a19d-c537-4dc9-b108-3f9d23f13f88,0,0.04575594051225978,0
26c5f9ee-2334-434a-9dd4-26a17b60ed47,0,0.04375251894031078,0
26cccc88-0785-47d8-8974-6e02712c9aec,0,0.05325850658950231,0
26d36d30-e7bc-48b0-a996-d6f0052ba65b,0,0.044598906183797644,0
26d8ffb1-b351-48a6-b3bb-7a19d88c6a59,1,0.1416664924354742,1
26e5af55-ffc6-4d8e-945c-19abf08d1e54,0,0.042225706339840234,0
26f09c54-2685-4006-8cd4-d771e7b04efd,0,0.05186681378423531,0
2706e735-3e96-4cf0-a7a1-7c66f0cece8e,0,0.07438771232861283,0
270cf9b6-a1b9-40f3-a3e7-e0f658ae9141,0,0.05401268302013577,0
270f3cb1-293b-4a47-b5cb-c20782ff51f4,0,0.045572361528046744,0
2712ca85-6bee-43eb-898b-e170a244f849,1,0.10224699896755383,1
27144aad-6058-4302-aaa0-65aaf30dff60,0,0.04803320771195286,0
272604a5-7678-4896-8e1e-a46283b134c1,0,0.048046693527174826,0
27344595-45c6-443a-a1a6-f9bc30b16d74,0,0.04564166899789416,0
27356f58-261e-4516-9728-2f0c53d010e1,0,0.04972393949679613,0
2736634b-1391-47a6-b724-b3c0ee2444c9,0,0.042768971673142565,0
273823eb-0654-4217-b640-d41138052ac8,0,0.04424235358512308,0
2739d56f-3194-441a-8064-96a4ced7c501,0,0.04258271920288344,0
273d5b22-6f6b-4bcd-9df8-60838dfb2f24,0,0.049293831789266815,0
273d82ff-c1ba-49ae-b708-c4a7d485dcf7,0,0.046612878126823985,0
2742e480-68f4-439a-a91b-a2a9224bb6a7,0,0.04931082314115445,0
27488014-eed9-4604-b254-19cbb5b674d4,0,0.04266634340871573,0
274a6540-c731-47cc-b1f0-734545488552,0,0.05203811797884657,0
274aaab9-b913-4ab7-ab43-71a6039a9129,0,0.05844925145410495,0
27509b33-1dfb-4615-93d0-768dc3692357,1,0.09087061031502008,0
275735ed-cfe5-4808-880a-cf3f49e35a65,0,0.0913468425182668,0
276c85de-d1b4-40e2-8f47-429470318b89,0,0.04351835112277922,0
276eb7a7-8a70-49e6-84c7-6083a9d454c2,0,0.15637449871921846,1
27774518-fc40-4280-a9cb-ad634107ada6,0,0.044072720047002634,0
278249d0-8870-42d8-83ee-733d2d9c6181,0,0.04588839580672132,0
2784ce2f-4acd-41b0-b6b6-d0bd5d75acc7,0,0.04492841868699171,0
278da3a7-296f-4386-a7c7-a1fd0633e47a,0,0.05193332375613229,0
2790a776-be0e-4c49-8406-8ae0e1335de8,0,0.07212947057910866,0
2797cc8c-6866-4001-a217-cec2b277b7bb,0,0.046539732676060534,0
27a254c4-76b9-435a-ac62-c6ff5a72376f,0,0.043657206555703265,0
27ae5d95-91ba-4782-b89d-44a7e3680d6d,0,0.05804109260612962,0
27ae6ae5-6ab6-42c7-be2b-b8faa5e45baf,0,0.05158891042930137,0
27b0e6d6-12f0-41e8-b931-2ddac1a3080d,0,0.050152078557241186,0
27b0faf5-79b3-435b-ab4d-10d43048ed22,0,0.05266028224806011,0
27b5f5b5-62f3-4474-bc35-0ecde6ad0287,0,0.044724093732335164,0
27bd9dcd-5131-44ed-937d-343323fcc6f4,1,0.16694943848583163,1
27cfd902-206b-4c25-b9e8-471c725d3775,0,0.04251589464066149,0
27d3d567-32de-4cab-973b-9698ca86585e,0,0.047209001205846375,0
27d7ea87-fb78-4436-a11a-f52c17115322,0,0.04771057098399841,0
27da7cd0-2fcd-4d03-a257-db1b0bd72bda,0,0.04943640093000943,0
27dadd78-0e67-461b-929c-1eef0e458dca,0,0.05173118777030702,0
27dd1b46-b5c2-4dd7-bcee-410a644db7d6,0,0.042831324624823745,0
27de49ea-c286-40d0-8012-fcf432718e4b,0,0.04673674260596968,0
27e2d6ba-ccd2-460a-9b28-f3531ff57cdc,0,0.04713396810430148,0
27ed554c-592f-4dd4-90c9-462e67136be7,0,0.06874731956910733,0
27f50f26-393b-4ec2-8738-96e30dd783f5,0,0.06198932490517312,0
27f547a9-ca2a-4a4d-bc61-9c4fd8867f3c,0,0.043418897763459675,0
27fe2705-9952-4fff-94d3-f7a026eb2c10,0,0.06942169637188808,0
280c15b0-c22f-4224-8e74-b1f634d95ee7,0,0.046603644038194995,0
281b7b68-13c2-4269-9421-5daae289b625,0,0.04897268423541939,0
2821b157-9efc-420b-b6c4-16524bebb1fd,0,0.04638285952353155,0
28308bd6-6b06-4105-80d6-2f867d3309ec,0,0.060397218732863946,0
2832e7b4-dec8-4d0f-a3cb-8de6fd37db30,0,0.042560813094002954,0
283b0343-833d-4902-9237-33e7a05a926c,0,0.33417215328305944,1
283cbf5f-b989-4222-a2ed-221f8d889156,0,0.05170381961452005,0
283e0bf6-5bcc-4d84-b02d-2dfdae7d6733,0,0.050861550359592216,0
284248b6-0f49-4530-916a-92ead06987b4,0,0.04219933057807374,0
2848dbf9-26b1-4eb0-ad64-6a73cb09752d,0,0.05748833610814837,0
28491f2a-4a53-47ae-b7e5-0080c43e5d3f,1,0.783768808143992,1
285b66df-82b6-4805-9924-48fec153434e,0,0.04423970885411848,0
28602d3f-a7e6-421e-902f-6a024588b5fc,0,0.04820004216491747,0
2866823d-d3ac-4838-846f-40021bcd9304,0,0.04977196747579491,0
286a7b91-edca-4cd6-bef1-2c4e5b54a231,0,0.06273036377903565,0
2875add7-201c-493e-97ae-89e2100fb7ed,0,0.04475559743770154,0
2885756b-57f6-487b-946d-8cac7ddc4b66,1,0.12054965668614494,1
288d3e9d-4891-47db-aae0-48ce7d398b82,0,0.043374530794783005,0
28943208-238c-493c-9dd7-ff39afbcf9a4,1,0.08590890327897707,0
289a22df-4da3-47cc-b1de-2cd1469e454b,0,0.07431306905310986,0
28a5fde0-2f33-47a7-968a-2fd1465923fb,0,0.04571352409790068,0
28a95c60-f492-495a-88cc-10996b0b94c6,0,0.05169812886790889,0
28b3b9f6-513f-463f-bd45-3fab82fab8ee,0,0.11924797308435842,1
28b8b1a4-b756-4b40-af2a-7498eabf4fb9,0,0.04389966935748595,0
28baa79d-8554-4e89-b894-0de10fa8a711,0,0.05209687726280849,0
28bcfac6-f5e5-4ef5-8fd8-860cdd80a466,0,0.04610782526848481,0
28c8229d-c6ca-4cce-a787-1e12edcc39f6,1,0.37248742895618925,1
28cb410c-2634-4c78-9a7c-cee0801c0956,0,0.046515928415942084,0
28cc4b4f-c03a-4e97-b8f0-9efc2149e18e,0,0.059651717174038416,0
28cc6ded-7c00-448a-a358-f47bc47cdd37,0,0.04423540668509366,0
28dbb195-4a50-4ea9-8b8b-2a9c2250ff78,0,0.05946247980078776,0
28e6c9f4-c652-4f79-a540-f173375f3639,0,0.04976741708426219,0
28e9c9dd-ed51-4775-b05a-2709742cc466,0,0.04432178706171037,0
28f1c782-c8a4-4110-baef-2a390c0994c8,0,0.05904036135832209,0
28f20352-513f-4cb3-94ff-774b45f9722f,0,0.09167202070971658,0
28f6d0d1-e083-4735-970a-ce1917254294,0,0.051817837873326625,0
29059c2e-7501-4cbf-8bb4-b55f38999e23,0,0.04303901789395009,0
2909b729-5bd3-4040-be78-3d3486840372,0,0.199411046775637,1
290d9e51-e6da-4ee7-8759-1e0ea879cc80,0,0.05086473823759696,0
29160a61-e6b5-4087-a827-0b3313a2ba09,0,0.05592102594490782,0
2919b4b1-7c2b-4677-9997-fe1925c5df4e,0,0.04421932526900584,0
292d6c37-3efb-4c61-bda5-7021fd635c32,0,0.0517113489850633,0
2935661b-55f3-4b9f-a176-1fac48605026,0,0.04254168111096277,0
293d0269-1642-44c2-a61f-f876923966c0,0,0.049795955177375735,0
294522d1-eeee-40ad-be37-c579a2f73800,1,0.10792429432916736,1
29470bf1-e9fa-4db8-9a17-903636860845,0,0.04215266151027091,0
295f9c82-ba6c-40dc-9136-0c174b583680,0,0.04181906049299261,0
296a69da-f052-41da-b233-c6071edd9528,0,0.043837026431825264,0
2972a6c4-bbca-4a2f-8211-3a0afd2b55e1,0,0.07854458248783937,0
297532fc-c065-4a51-9a68-b667e0091058,0,0.04575637404626994,0
2985f234-a038-499b-90da-17a8db123a26,1,0.08133612347502107,0
299002f8-3e67-44e0-b9a7-2ca8ef14ff18,0,0.04108888791981361,0
29943df4-3779-4f57-954c-23d39c519d54,0,0.04364173219110845,0
29991a34-c628-40b4-8f36-92032dd35bde,1,0.06013864463913116,0
29a0002d-47aa-4747-a970-1bc7d4401d4b,0,0.05843425387939676,0
29a337e8-2a4e-4421-bf3e-bf3aaa40b5c4,0,0.04284967456174751,0
29aa244a-d251-4738-a73c-8b37b58eb6f9,0,0.045486214824872244,0
29ad4f29-153a-4d2b-a537-4d7df6b4abb9,0,0.04495105124297227,0
29b178bd-70d4-495c-a6bb-0bf2862eff76,0,0.04654125611862271,0
29b34dfc-71d1-42df-92a9-3b27706f022f,0,0.0566522168160183,0
29b4a093-dd6f-47b1-8e61-e5ac7a08d85a,0,0.04698521549075945,0
29b81b0a-4a5b-4e22-8022-e8a06cd84b61,0,0.04329146179325539,0
29c41fa4-bf33-45d3-9470-b507e4903b40,0,0.04611328117478615,0
29c51752-a1cd-4fb5-9946-c1395c6d7ef9,0,0.04294813293045463,0
29c9c8d1-f2dd-4074-b86e-3258e5835923,0,0.05548936955287513,0
29cb0b5d-7679-4ec6-9764-38df6a2cec11,1,0.8784375891108198,1
29cf3ca6-aa61-482b-b0c0-ef78d829c19d,0,0.05478498828150881,0
29d63669-3a78-41f8-885b-e3165889c014,0,0.05245994094209118,0
29de89d8-b71d-4eb6-b332-36cf9d45840b,1,0.07372149653564912,0
29e3b442-5f33-4134-893a-bd25f1d45482,0,0.04465170108685864,0
29f3230d-c744-4f2b-898d-64b6416c81b7,0,0.07473807412616904,0
2a00ee54-1d6f-4d5c-a3af-1f0902b385b4,0,0.0772501912201124,0
2a0e8560-2967-4912-b551-af9b780e29f1,0,0.050728961778349416,0
2a0f2ea3-1c84-4e2c-8009-d328ebd40f81,0,0.045548617537309204,0
2a114096-253b-41c7-96d3-2648db2e495d,0,0.043027562064398145,0
2a13649c-28c0-4e1d-95da-d18e718c41a6,0,0.11535995075787016,1
2a16e36c-b0ca-4ec1-87f7-840f73dfbbbf,0,0.045407406096449866,0
2a225fbd-a6eb-46aa-bcd0-1f6d467ddb30,0,0.05275073386977639,0
2a2566d4-ced7-4e58-b0ae-9ac8df321ebf,0,0.05045541229939396,0
2a2b81a3-ccb2-4e8d-b6dc-a000a6cac6be,0,0.05103556380958147,0
2a3664b0-052e-4057-9c6d-cfc3ac01cadf,0,0.054197079594060324,0
2a3e7fea-e9bf-4b5e-82dc-244230100f7d,0,0.055018199394257734,0
2a3ff7d8-bf6d-4312-96dd-2c7e341c87b0,0,0.07874708295979448,0
2a40b005-0503-4c42-b4ff-3446bf68ac45,0,0.06115615306117515,0
2a4700ff-7ff2-4662-ab58-c0c71b817603,0,0.04489371509836586,0
2a4da69b-bcc3-4ffa-a7c8-7cfe9e8f952f,0,0.05313596474474969,0
2a65d612-3d0f-45d2-af84-f51f97c6bb00,0,0.050354738056868985,0
2a67808d-844e-447c-8c1c-6d7d6c55a16f,0,0.05046395674049268,0
2a6eea6c-67c3-4c59-955e-a4aac3131e9a,0,0.04450920162232236,0
2a753ae8-ce6a-458e-beea-6c038c6033d8,0,0.051986995219678554,0
2a775874-c4fb-49a6-a1a3-50e150a2ea34,0,0.04647578020268703,0
2a8bc6ee-f79a-44aa-9c27-2a3d51c6e9bd,0,0.04231329916002918,0
2a8c355a-6373-4427-9e12-3f5927e88e1b,0,0.05123952230870523,0
2a99afb2-fe2f-4347-be5c-100eda9a8bde,1,0.8577307341728069,1
2aac7ee3-68a8-4d19-8571-902ca0b1c617,0,0.0535183826467034,0
2aae3558-a992-426e-8fa6-e4a77c63d129,1,0.05817777621865508,0
2aaec0d5-f446-483f-b090-a32e579c68f0,0,0.051566738256720986,0
2abb030f-0b68-4d60-8615-1356f601c9e6,0,0.05046706738866496,0
2abeb947-1708-47a0-b014-cce7406c0314,0,0.045532492153047645,0
2ac37c27-c815-4d6b-bc88-6caf9537b146,1,0.08751716971580602,0
2ac79d58-37d1-4e41-81b8-5a0de0b9de66,0,0.07594674195338819,0
2accc96c-f4ea-451a-aa27-aa1fad7bfdfe,0,0.05324727578837827,0
2accd31c-c7c4-4817-b651-184c2add64d7,0,0.04497971470810924,0
2ad05d24-c3d7-4668-ac0b-b3c157267b74,0,0.113946969902112,1
2ad66ee4-ea10-4f57-8d7e-ad6025a1de1a,0,0.0505535060899233,0
2ada4042-c7d2-4b4b-9cb3-cfb08a8e469c,0,0.04608915464671093,0
2add06a3-f5ef-4f1f-a401-6dd655266d05,0,0.05729624223359581,0
2ae3c874-5ba3-48ce-b8fc-bff670c18552,0,0.06341384654252703,0
2ae4b180-9771-40dd-941f-e2ba0ee0ac13,0,0.04874528963430568,0
2ae89827-4788-442d-bf3a-eb4f062ed033,0,0.04685992527126717,0
2aec1388-359c-4679-b4d2-99f65d2030b3,1,0.08408177767757677,0
2af07599-271d-4aa7-8bf4-e308ce4885ef,0,0.042445602187443754,0
2afc825e-9f22-48a7-936c-2b8684a55d73,0,0.0549572967177459,0
2b071d0a-02b1-444b-924e-18bb61a80ab4,0,0.042327344572447266,0
2b0dd58a-6dac-4a78-86db-6db8d91de281,0,0.04184420914461318,0
2b14c23b-894d-4e41-a4fb-ad522563894d,0,0.045772941921049505,0
2b19e8a5-5534-4d8c-94d3-988b6ebd73c0,0,0.04479280895615201,0
2b1a229a-fe26-4ccc-b66d-27c804fa91a9,0,0.04949780243245065,0
2b1d530a-2a6c-4715-889a-946c8d62e61d,0,0.05374121351158371,0
2b2b3479-b32c-4bd7-8c87-e114a4edde69,0,0.05030068166690153,0
2b2dbd4d-fff4-4eb9-84fe-5668a9c0436c,1,0.793572595598646,1
2b3a7019-4427-4461-8ab8-af3353f9c017,0,0.061204001263612716,0
2b3df29a-6ae4-42ce-9103-3c0d19c13140,0,0.053647447733439296,0
2b3f6ac3-c86a-4354-9aac-5b4f4c54ea58,0,0.04212334989232834,0
2b40bc62-638b-4d59-bf97-0179773d8ecb,0,0.04454576364271792,0
2b447d46-c9ed-40e5-bd6d-b1bfdcae37a5,0,0.04840241362584556,0
2b47123f-f3cb-42d9-bc05-bf87733e61e5,0,0.04503597398617411,0
2b47e8a4-d67e-4048-a862-a6a3e15ad2b4,0,0.059373280114013396,0
2b49f42a-1f5d-470d-a799-77ba72c9e672,1,0.048632731979987846,0
2b4a49c5-fa4e-4836-bfcb-07f00afc75ac,0,0.04425170354711841,0
2b4cf21d-7a67-45e9-bf42-183fec937392,0,0.05005685021329673,0
2b4ec9a0-5932-490c-af19-a2ae80a9349d,0,0.044226180427770274,0
2b508840-4edb-4967-95cb-3e78cdec2f38,0,0.054234815246788776,0
2b508b80-d1db-068b-79e9-3120b459eaaf,0,0.045884718519833174,0
2b625ff4-a91d-44c9-b53f-cd2abfce4f3c,0,0.05067374035728349,0
2b630331-7178-4d3a-961e-d3601a012ff1,0,0.04125897512405611,0
2b714a2e-50d0-417e-8a6d-63f70b1dbec4,0,0.04323725080416364,0
2b753f7e-ab2c-40fb-a65c-4ffa23f2a99c,0,0.04376325134279399,0
2b79b2ee-267b-4cda-92e3-5bea9ea210d0,0,0.04694038168014429,0
2b7df097-9e40-441a-9b8d-ffb036806e35,0,0.04179034844610645,0
2b8472d6-504c-4570-a7ac-a0b0e89e97fc,0,0.04620970885796528,0
2b8f3a28-5ca3-4038-a48f-021db1c8d1dc,0,0.043294532461019594,0
2b972194-281a-46fc-854b-2ce9e0b1acee,0,0.05265456576071872,0
2b972bea-1dd3-48b4-b397-6a1e9601226f,0,0.04277318491816969,0
2b9e3b4f-6bfb-4e59-bcf6-27ce50df65c0,0,0.04561806175360342,0
2b9f8949-8433-434b-9f28-85bfecd36f70,0,0.044488132901811694,0
2ba13921-d511-4b55-ba2e-f4e6ed1e5221,0,0.19066925688020392,1
2ba9393a-f2e4-4c51-8abb-8b55aef01203,0,0.04425977443371752,0
2bb8e316-9856-441e-a858-5723f916b456,0,0.053786114350521476,0
2bcd96bd-321b-4184-8e76-5636bd8c4d12,0,0.043741785965794276,0
2bd48ec6-8ee3-45b1-93af-1cb49d793fc6,0,0.054057621853247625,0
2bd973f4-d2c0-4c00-9775-c0d2abb617ae,1,0.7586142272799082,1
2be05e36-6916-4598-a99b-710288ed7456,0,0.043554310337281514,0
2be20f18-800f-487c-b0a2-ad715cb25b92,0,0.06571352943837877,0
2be286dc-5745-4606-b0e9-109c8fce6356,0,0.05365004913620499,0
2be6aa2f-818b-433f-a22e-82fa1b4fc358,0,0.048244774432337885,0
2bfb4142-4422-46a5-8a95-df54259d132e,0,0.16046232023452575,1
2c033448-0666-4a22-bd6c-bc393521818a,0,0.04555018353494186,0
2c0607b5-7757-45e4-82c0-0898d49782f2,0,0.04337995255984511,0
2c0894e7-863e-4760-ac71-f4625923f447,0,0.05354068614217138,0
2c0ca613-d2f0-4645-b2d1-b6b82948d0a5,0,0.04261782242939063,0
2c114f73-5a72-4e98-9a1c-2a0ccda20a31,0,0.052422848610031623,0
2c1e2a6a-45ff-4c5f-9cbf-bd00e16022cc,0,0.046529674414504604,0
2c2089de-1141-42bb-a62c-3737121fca15,0,0.04452461094724737,0
2c239cc4-4bb6-47ac-a7c9-130cb40cbda9,0,0.04490861889239962,0
2c2451ad-a3d9-4b11-9bf1-a279ea64cedc,0,0.050398156144347894,0
2c31152b-d3c0-4c0f-a192-1c94315a5b70,0,0.042058535404802935,0
2c35b4ba-0ea3-47c6-ac57-7095bf9963e2,0,0.0447772764153308,0
2c38d00f-c0b8-4304-bb2d-38e2eb8f97ab,0,0.04816495748690621,0
2c488f71-d927-446c-b791-04089648d92d,0,0.04213536264797139,0
2c51f0cf-0148-4d7d-8538-37dff21a2816,0,0.04919631145421739,0
2c53d889-dd25-473b-83f3-28fe1330575e,0,0.058433373314254716,0
2c68ad82-bd86-4cf2-a7a4-aaa708634fd8,0,0.06347307066855963,0
2c714376-2ab2-445c-b41a-99cb119ff778,0,0.0507710297258082,0
2c7ad9f6-5812-4cfc-4ee2-cf9ae1e8e451,0,0.048352100238077574,0
2c7daf45-1d41-4489-a9bb-bb4067976e36,0,0.04636664937118735,0
2c7f2d1b-22c3-4d93-becd-b201aa2f1875,0,0.046652667049817055,0
2c88f966-13f8-4067-9a42-864e2e575501,0,0.05210701348746178,0
2c8a1bd9-f49e-4300-b1bd-7f1636f7f5cf,1,0.6813463521219031,1
2c96b8e7-7794-44e8-9a20-64adaf9b9654,0,0.04361765256203712,0
2c9bd01d-a3ac-48d2-867e-eac8268a7b2d,0,0.049726387256705036,0
2ca251fa-6777-4b35-b04c-ef6d0ab6d71c,0,0.04729763396616196,0
2cc26458-a7e6-4650-98bd-c37f176aabfc,0,0.04861353354813702,0
2ccc9f55-bcce-494f-97f8-02bb4b6efa5e,0,0.04725129965966678,0
2cce1001-1d7a-47e4-974a-e97ade544586,0,0.047102617415219775,0
2cd172f2-46f6-42cd-ba4b-61c99013e132,0,0.04479208241856426,0
2ce117cc-d291-42e1-968b-0c84abe1d85f,0,0.04045037745868099,0
2cef10e7-4493-453e-bdbf-fbef4935c265,0,0.04561308884365006,0
2cf8943a-3ae8-44ee-a268-df5af433e0ef,0,0.04853869592829517,0
2cfe6b38-05e8-40cb-8662-d9f1af32255b,0,0.047362611031650174,0
2d09e45b-23b3-4756-a16f-669e0687afc0,0,0.05272871856319065,0
2d0c5f15-745a-41bd-90b9-6ab11a828405,0,0.23256606944387523,1
2d0ec758-0efe-4a31-be96-8ac8fb9e9a96,0,0.08565737440876783,0
2d14591c-9dc5-44ee-8710-ba79779eda6f,0,0.04761465966670514,0
2d1bb6a0-3aa4-4b59-a470-a36be83524da,0,0.04461579460893617,0
2d214a6d-8077-495b-afd8-836aef6b6155,0,0.04566808977040518,0
2d2fe3f0-b023-480b-9bcf-aa84bd910026,0,0.0455081636952858,0
2d32b1fd-2eec-4c69-a54a-f5754954853b,0,0.04294892528007737,0
2d361cf8-d818-4dff-afec-7c58e9297413,0,0.060236194695565445,0
2d3758e0-cbc4-4a34-9d8d-0293df76300c,0,0.05165984177523949,0
2d4e41aa-301f-4820-b6df-55009ae5f660,0,0.05020074410872576,0
2d4f55d1-d8c8-4994-99c6-26442c6f0d85,0,0.056173238936567366,0
2d518854-189a-4761-8594-1c4aba225a45,0,0.04455947917219874,0
2d584215-d0ec-4b4c-b4e7-8a7f525f1e70,0,0.04551278818098833,0
2d59beff-4a7a-48ff-b795-78602f4dbfa6,0,0.05010204728258641,0
2d6323f9-c96b-469e-8299-71fc05954b8f,0,0.04261657703048196,0
2d647c5f-cded-404b-9b52-5d3e16cd8671,0,0.04781978611575453,0
2d682f61-2c92-4bc0-b769-3841e14bd816,0,0.04856398415691933,0
2d6c700d-8031-45fc-861d-463999eab261,0,0.044684536929380174,0
2d6db6b8-b782-4ab9-9dad-e69dc080bdcf,0,0.04594509280415662,0
2d80c58c-8b5f-431e-983a-7540e09a14bc,0,0.046907402777920666,0
2d82d624-0355-4e19-b8ad-bca6f9bcd484,0,0.0502096914446548,0
2d862214-6707-4672-9f69-d12a2f06710d,0,0.22030441949570456,1
2d8f365a-3d56-47f3-b0f9-6f9a5c3983bf,0,0.043872200822823004,0
2d9b2866-171d-4c06-8163-36a4772d2cc6,1,0.830830951018699,1
2d9b41d5-c96f-4f5c-8c0f-d6916b284330,0,0.04653207718625761,0
2d9e30b4-8c0b-4eed-96b1-5135ba666f9e,0,0.044777528414859394,0
2da836c4-2342-447b-8729-610cdabfe7a0,0,0.047198274919791186,0
2daaba77-34a3-45cb-b3b9-8d176d1e9fbc,0,0.04886942513862496,0
2dad7e1e-fa93-45a6-92cf-50438df0694d,0,0.04991704209251717,0
2daff56d-beb7-4768-acee-8180957d3e64,0,0.04524066999562761,0
2db20b82-7063-4ed8-a0c0-fec49e15f9bf,0,0.12394068883912163,1
2dbe5bc4-e00b-4f49-975c-3bea6f9590d4,0,0.040633358531835764,0
2dd67d39-fe6d-4d6d-a8ba-50c12682cb38,1,0.2510656880026362,1
2de15c81-f8f4-4148-9364-1daa19fa1f07,0,0.05769402781355963,0
2de3a08c-00a4-4606-bb5a-f10f7c8d0321,1,0.10633482671227484,1
2de468da-6f3a-4585-adbe-33ee9432b4cc,0,0.043822802228976575,0
2de7003f-4293-4fac-988e-afc4bd8dfa51,0,0.04881001438297375,0
2ded8d7f-10d8-48c8-b79a-ff7db8112b57,0,0.04684511298410751,0
2df2e041-b4ff-45e8-a148-8382569de6c7,0,0.09877024444959367,0
2df4c944-79c7-4417-8877-fb5596e7178c,0,0.06581685116688392,0
2df6b9c2-07eb-415f-ac42-1e99d5a4f087,0,0.04393015662057083,0
2df8fa36-d992-497d-95ea-2cd97f3d06f4,0,0.35811387353142765,1
2df912eb-0fcc-4cba-ab18-8fd75566fbc4,0,0.0866917247757877,0
2df98377-e9da-46ae-b4e9-98cbf410bcb2,0,0.04874511916134646,0
2e035afb-209e-428b-80c0-d147fbd5fa15,0,0.04416153771110146,0
2e058228-5415-4ffd-8fb0-69bec2ad3569,0,0.0482078362491196,0
2e0a2084-f13d-4293-806e-ced5894e8a15,0,0.0440223981904459,0
2e18df5d-48a7-4678-b14c-93a23e2afbcb,0,0.058979752279429,0
2e18f7e3-b3d5-4b9e-b6ac-36de0c3ca8c0,1,0.06749307825321389,0
2e1d570b-79d8-49b5-bb28-6ec8ee94355c,1,0.7708410208569909,1
2e1e0f38-4e05-40da-b204-305be7e78a42,0,0.09256685229419241,0
2e1f3fae-2093-4a04-8fae-61f863ac4fe1,0,0.04565836724445057,0
2e20efeb-4f5c-4413-977c-d22be8c42e84,0,0.04650126268262424,0
2e23e630-7539-4d69-abf7-2b1696850b9b,0,0.04296511943543751,0
2e242eaa-59ee-4dd6-b7f2-5d58cb56199e,0,0.04487713931086363,0
2e25010f-9d6a-477a-9179-2c392a89dc00,0,0.047986352867755155,0
2e2b09c6-f8fd-47b1-8788-9f3304240aa0,1,0.2865345425367291,1
2e2d3dac-e29d-4492-9a84-f8d2bd789e13,1,0.0707347852982354,0
2e2e99f6-a5a2-4656-afc4-c918dbd9c26e,0,0.04443517302490006,0
2e2f7b18-9024-4204-b627-2b50b6a0c572,0,0.042714815486248496,0
2e3014b3-450a-48c4-8d27-10cfb57c5899,0,0.0430690273203086,0
2e54d767-75bf-4889-8653-d79f65cc671d,0,0.049184632839233945,0
2e5646bf-c964-4ada-9a8d-0cb4360e2e23,0,0.04278370437227362,0
2e596c82-6c1c-40bb-8fbf-0d0a8c1a97b7,0,0.04285945833920386,0
2e5def52-598c-4e87-b0aa-bc537c4562c4,0,0.06527169745215036,0
2e604620-e1e2-426e-9576-f0fe624d2766,0,0.04163769930335579,0
2e686998-4b6b-476f-b432-87122d78b79f,0,0.10844875919801453,1
2e687e76-7bbe-49c1-83d5-2bc8a29988a9,0,0.044621234768237344,0
2e6b6641-0df4-4319-8495-7154182d68f3,0,0.04385460853271934,0
2e73b098-d776-4604-83c8-e83f42c2ea74,0,0.0479842705973333,0
2e7b774c-5af8-4632-bfa7-b50e7cf19a19,0,0.043371685362641965,0
2e8949f9-fac2-426e-a39d-817bec1fe328,0,0.050462050019457146,0
2e89955a-be53-40a5-be6b-be1e754b162d,0,0.04111368487449716,0
2e91398b-f6ba-486a-abdd-d8776b6a30ac,0,0.04340424411050716,0
2e92810a-8c7d-461f-9d07-bb467f67f020,0,0.05513342408293976,0
2e96312a-8710-49a9-8a68-1eb9c7d47480,0,0.10446080248485877,1
2ea0f7a5-1787-43e5-a13e-6ed2db72e01b,0,0.04074395774020121,0
2eb8b24a-3fa2-4f52-aa27-59deba538e7c,0,0.04967110740834184,0
2eb9f5ec-d779-44d0-990b-ede7b6344a6d,0,0.046072907133579824,0
2ec2345c-f992-4cf2-9ccf-0e47fe279337,0,0.04350939896117553,0
2ec30132-da64-49da-ab8e-2e52e66143e3,0,0.0428700936052142,0
2ec3b7f9-31aa-49fe-b5ae-c31c1e30e524,0,0.04561562768491088,0
2ec4086f-6166-4ca8-ab68-ad3f91a44f81,0,0.0631825832291008,0
2ed27f83-5e61-4bec-bc7c-6dc4ef62eaea,0,0.044308322213845855,0
2ed490ca-359a-46c2-add5-afeef5fe794e,0,0.07049884525265299,0
2ed787ee-962e-46e9-bae1-e77a395e5f27,0,0.05294894492012109,0
2ed8a59f-c551-4ca2-86de-8712345fc920,1,0.062138945131413686,0
2ee591ab-6113-4bb0-95b4-ea58009502e4,0,0.04952546343531818,0
2ee62642-03f5-442d-adf0-4502900423a3,0,0.04229139984690895,0
2ee78625-2553-42eb-9f43-dca7ac8943a3,1,0.2326873615018277,1
2ef4761f-c71c-429b-a524-d98173a6dfc0,0,0.083293419528934,0
2ef63cbc-4d37-4bfa-b3b3-ed5ef67b0434,1,0.7742989451796152,1
2f102a56-f257-496c-afd1-496dad748b40,0,0.0739760342578771,0
2f11a1f4-a9a0-442e-85b3-432a9668ddec,0,0.0963086352894902,0
2f12a1ae-baf8-4e36-8abf-2ad60bfb56a8,0,0.062632505110147,0
2f1c6883-1587-4865-be86-3121a52a2333,0,0.04351016572472313,0
2f307613-a966-475e-be7a-736c091df8eb,0,0.04799757738302395,0
2f32443a-82bd-4b88-921d-1f14b5a65437,0,0.041310493566937306,0
2f388ab4-be00-4b9b-821a-7d0a411c2449,0,0.049373782972806715,0
2f3a4986-e5a1-41b7-817f-35a13b2e3f3c,0,0.07739869840685092,0
2f3e4879-1456-405e-a286-7ffbc27c9965,0,0.0522720920251694,0
2f442e3b-f6c5-411c-bdf3-79fcf1254643,0,0.04970942892596178,0
2f4896d6-bbb1-4c45-b76a-97e06fe74395,0,0.062303805467305344,0
2f521baf-09e7-47e5-9f56-269595783406,0,0.048469740743480184,0
2f57e2d6-6245-44a7-99d7-50251e94a574,0,0.051432882934721647,0
2f60777e-a397-4f23-b7a7-f9fea8e02f64,0,0.05487369711595219,0
2f608145-5752-4095-8d42-1baddfbc0948,0,0.18658865924907445,1
2f62cd10-ada9-4f81-9708-c8ef0f9b6caa,0,0.04859902642951972,0
2f64fa62-c882-420a-8db7-d3cef8f5a671,0,0.045241640032320514,0
2f681d8b-d158-4b0a-a301-596d4c2a21d5,0,0.05975703146003269,0
2f69f4e8-ada0-4fa8-95b5-13394f378b13,0,0.052722584912628524,0
2f6be502-8e97-412a-9fe4-9bcf3b682df7,0,0.0440286831994237,0
2f75714c-ff02-469c-9d8d-d4011669a20c,0,0.041705481524686706,0
2f7bda90-bf56-485e-b35e-514678888e84,0,0.053699641722214475,0
2f7c7e0d-0a4c-46c5-b96e-6fde3f98335f,1,0.06042151644072034,0
2f7eccd5-0650-4514-9d7c-a6eb80decb2b,0,0.044974396070080684,0
2f7fd0b5-8a8d-4a30-a3b1-b8698813c379,0,0.045710893028595496,0
2f8076c1-c877-493e-9136-ea5fb027678d,0,0.0461953027100668,0
2f8800d0-7f25-4a81-a56e-7077d839cf47,0,0.05712593267049808,0
2f8c3cd6-2b93-4440-bd72-3c36f4a2fd6c,1,0.7301184967527634,1
2f990d43-f862-4dab-b999-6ae1fcde9a6d,0,0.04673533984025798,0
2f9b37db-74d9-4d19-8ba9-e84eed02eeeb,0,0.0581946650563747,0
2fa2297f-6718-49c0-871d-48e6c00a86e4,1,0.28013362087614846,1
2fabbb94-d6c8-4333-823e-9b8663792dbf,0,0.04376832036030174,0
2fb1f74d-2cf6-4bc9-a9f3-ed55535ab5f8,0,0.04579092287811513,0
2fb89495-fe4b-4a25-ae29-035d43181750,0,0.04152632038559834,0
2fba0226-ae86-4aad-bdf0-e82cdb08c5ff,0,0.0457062219308105,0
2fbe541e-7a24-4159-846a-6a4bc2a87d6b,0,0.05029534309634874,0
2fc0e33c-a581-4a63-a838-af37872a1273,0,0.05326858948040817,0
2fc0e41f-727d-4cbe-935e-78377c42c334,0,0.046880598003245275,0
2fc7c856-8b27-4354-b0fa-9701a1ab2632,1,0.060654006539283815,0
2fc7cbe2-797b-497d-9ee6-fd3c06790c3a,0,0.04905261748941328,0
2fd73852-3386-4b56-b953-127827ec8b6e,0,0.0437089646400011,0
2fd869fa-97f7-4394-b546-2790bf165305,0,0.049038269947401465,0
2fdbdbd5-d497-4050-aa80-b7b07e7609c3,1,0.766483066618786,1
2fe23248-b8f9-4563-8aa0-38c0ace3fffa,0,0.050284041540837696,0
2fe3ead4-ca8f-470e-a976-858152f8cda5,0,0.04347882208471238,0
2fead9fe-df7a-4e32-aef8-5b11b7455370,1,0.7019996470271811,1
2ff30194-6a67-4e1b-9604-0fa7beab8f26,0,0.04333174662970986,0
2ff76e31-e28c-4bbd-b3fe-85acffa3876d,0,0.06603251227427533,0
2ff7bf93-39ef-4904-8c82-7b3a96d3a1bf,0,0.056649397001247194,0
2ffc7892-3581-46f5-84c5-a2eb0bd643f4,0,0.04307263013469459,0
30095129-0ef9-4d57-ba3e-855a862c9c6a,1,0.09735985684358438,0
3009e8de-69c1-495e-91ac-ca7ab424482d,0,0.051635520174994405,0
3019ca2b-80f4-4b6a-b7fb-aa63cdbd0a77,0,0.048033542326667636,0
301ff22c-4442-4418-84b6-89ee1c432a7b,0,0.05534324647049619,0
302109eb-14b9-4524-b106-0fc0161a5381,0,0.044232591075353704,0
30282170-74bb-4087-a5bf-7bbd7c1f6320,0,0.0490013743236488,0
3028914b-cc78-f2c8-9a27-0a1f959f7b2c,0,0.051248839574075986,0
3028a146-b0fa-4ded-b344-f3102be904d4,0,0.04647732915493996,0
302c1490-6140-43d5-ba07-6f74713dad58,0,0.04833295232418185,0
302d79c7-ee2d-438b-ac57-dd71dcf27439,0,0.050365243815163566,0
3037a40b-f45b-4798-9258-bcdb5a4425e5,0,0.04676326749239671,0
3043ec57-06bf-4e62-9c3c-72155778a4bd,0,0.11279215704992704,1
30475328-b751-44e7-a8f8-32671df7847e,0,0.04414814843483853,0
304c3c9e-330f-4180-8597-91ed0bf47496,0,0.10798501337551396,1
3050ab3f-031d-4f28-838f-f8ceff853f57,1,0.04881564519755834,0
30521f5b-0631-4a44-b766-3244ffdd726c,0,0.04364267856003318,0
305576d3-9651-42af-a1d2-c7846f37ecc2,0,0.06175928169059885,0
305773de-0306-44b6-a81e-4e754859d94d,0,0.041993523184797224,0
305afd02-0c5e-400d-bca2-a833fff15bb9,0,0.05972892568703757,0
306eb303-1f93-45d5-99c6-a53a506f3c06,0,0.04626040713738334,0
307328f4-56d0-4259-b62d-b6bfb2d94918,0,0.048104372570939545,0
30796334-3e85-48fe-acb4-f86c101742ad,0,0.04232980486925891,0
30a60fdc-3813-47df-bd43-bfd875bede2b,0,0.04519092308553355,0
30aab052-4d59-4768-bb09-4a5a252ec790,0,0.042179545243588995,0
30b207a8-959f-4cce-96bb-adacf03a0a06,1,0.13661090003762766,1
30b8e05a-a442-4823-b102-a76aa6f464f0,0,0.041980039531594876,0
30c0a2a0-80aa-4f46-a73d-70b4af40e823,0,0.07259112021569726,0
30ccc563-19d9-46b3-aa29-122678edca57,1,0.18385618972474052,1
30d26b0e-d0e8-4572-9174-ea7a1722231c,0,0.043956763861128456,0
30d50398-b651-4853-a9ef-bccdda28feb0,0,0.052391617783690475,0
30dbd2a8-34eb-4206-a50b-71d7c394a37c,0,0.047260467720648375,0
30f68cba-c36b-4ca8-9815-b846f86e47f4,0,0.041906873653474765,0
3100dff3-b38e-4bc8-b326-063baef0486c,0,0.046372369271015554,0
310cf234-b2a4-48e5-b78f-917cfdb2f2c6,1,0.866664927218652,1
311c44cc-0fce-4bd3-b2a8-c9fd4ceac492,0,0.046860187969931646,0
3128f9ef-b041-44bb-b8ba-2a52cb55a51f,0,0.05266927911610468,0
312940e3-6072-4141-979a-61032268eef1,0,0.04221931317434226,0
3135427c-53a9-42e1-a1e3-64ee73168fc0,0,0.04655356908703819,0
3135b43f-df61-455c-b0ec-8d96d7060510,0,0.05244547449029592,0
313c918d-061b-4172-8c93-b091dae7f959,0,0.04881008213567483,0
313d6a38-1935-4e6a-b096-7bd89398e08a,0,0.04704309620521242,0
3150b739-ac57-451e-aab3-3381f9e4633c,0,0.058178828098972506,0
315231ba-85a3-4603-b4e7-f9bebcfedace,0,0.052826499767148316,0
315b8206-8970-4bec-8ca3-6b80b4ec1c45,0,0.04407102551964537,0
316a6cbc-27a1-4175-9973-dd412e2051c0,0,0.046928920646030506,0
3174f49d-aed2-4d44-b1a3-e613292a6d82,0,0.057846982940849064,0
31754ee3-8b03-4930-8557-431bca1dd78e,0,0.051740611830395966,0
317c51e2-fed6-43ed-9975-eba9f38dbec3,1,0.1218996208772548,1
317d732c-4402-45a1-aa66-a0ca577c7e15,0,0.05973053189504704,0
31869b51-44e1-4dd9-907f-7857af0c4d7b,0,0.050819809045800676,0
3187240f-1adc-4a06-83ce-a6d6a1922ac8,0,0.052232075747633236,0
318732f9-ec30-44e5-849d-815608df7650,1,0.7958351326699734,1
319ac0b0-9924-4e89-9e20-cf0bbf40c7b7,0,0.048387350354136605,0
319cb087-193a-4c05-a492-1a4a317b2bfc,1,0.07995685580708287,0
319e28a5-88ce-431e-a96b-e193efbb6bfb,0,0.04240754855084132,0
31b1346c-74ea-447b-af52-51dd7e017959,0,0.044545330788819774,0
31bee1b7-df24-458c-b9e3-26e08ec65458,0,0.11146165606703394,1
31c0f8f4-a8dd-4b15-bacb-9a9efde6f996,0,0.0526964697593269,0
31ccd8a4-9e4a-4591-a5fd-d7a2a151ca78,0,0.0439418776859127,0
31d0eadd-0119-4235-82d6-f05e0ddadcfc,0,0.05064174268976178,0
31d0fd1c-d70f-4941-90e4-a70299aab77e,0,0.04405676798662079,0
31e2b2ce-e4a4-43ff-ba4e-fa9a099f15c6,0,0.04442796304467933,0
31e2ebf6-efee-413a-9974-faf274d12363,0,0.043007049320574746,0
31ebd980-2850-46e7-b220-29a601b219a3,0,0.043903044385329576,0
31ecdc93-581f-4f69-a282-de2aab155cdd,0,0.04545981116237012,0
31f6a7f6-69fc-4c54-8035-b46fcd15ac13,0,0.05584701646832589,0
31f91674-df7b-4bbb-afb4-44537373e44d,0,0.04351338418146088,0
32040aff-7ac2-42bf-b3b9-9ea455204397,0,0.058620411927421484,0
32063969-5cfc-4a34-b445-fe843f838fd2,0,0.05389008949403125,0
320ba022-74d6-443e-ac66-7ad6f29abbc8,0,0.049568870053382556,0
320ba3e4-df55-41af-a111-d6e4c69cd976,0,0.1435705986852838,1
320c0132-4975-41e0-a65a-fe2b699bfee5,0,0.043587939425251916,0
320e835b-0011-486a-b3bf-90402265ffa6,0,0.043770389067254285,0
3212de70-d1c5-4aca-9773-1ef9b5a41520,0,0.051883650659294143,0
3219921a-b6cd-4172-a71e-34367ede0f18,0,0.07465150405040594,0
322f6cc5-7ff9-448b-98a9-b5b2f0fe071e,0,0.053340468020998295,0
3234062e-a8a5-4a2b-b5ce-0de25327bfbc,0,0.0481320157841897,0
3238a2a6-bd10-4165-9f07-12a327ce2b47,0,0.049799054337248114,0
32487b1c-8129-4753-b510-1818c135983a,0,0.0475450146228393,0
324c2e15-4f59-4150-84f0-52554e32a32a,0,0.04829361302039473,0
3251f8e6-249d-48a1-855b-14f42a1557f3,0,0.06446317546830217,0
3253d3b2-0df0-4555-9cbe-7d9eec69c356,1,0.8360686813012558,1
325e67bc-5c0e-415f-a5ef-e0896f519275,0,0.04269306397260401,0
326be833-6b0b-4b1a-aeae-d99b1ce23097,0,0.04154952274989831,0
326d636a-9c1c-4b82-9718-f151893a1ca0,0,0.04908591307073638,0
326eb495-e786-463d-bbdf-8c93ea1f3aff,0,0.07070623126602317,0
32733fe1-1ea3-43a9-b3d9-2ff83aa9dcbe,0,0.04254626122373868,0
32852dbe-87fe-4b14-bfb3-a29b77ed2655,0,0.12190934279904295,1
328879d2-bf0f-4e77-b771-4dfda699583e,0,0.04327275382979223,0
328fa10b-1906-4175-8e7f-bf16bb1f10d9,0,0.06562809825592528,0
32920613-2d49-43c4-b586-ab2b04c45af0,0,0.05241483278013937,0
3296b3a4-9b5a-4725-9e59-05f39df1d59a,0,0.04697102970862978,0
329aa20d-e7a3-4e02-8757-91015cee4bdc,1,0.5450660942116416,1
32aaa106-5419-466c-b877-521e12697588,0,0.046039224526142876,0
32ab243e-fef6-4d80-b6e8-3dfa95b363fe,0,0.046698080802773656,0
32b00a20-2237-4acf-b6af-2e7db0472bcb,0,0.04701067570350613,0
32c3a1c8-7c9e-4c7b-97d6-0691989769c2,0,0.041754520712040985,0
32d58259-7dd4-4037-be4b-ead72df8adb5,0,0.04970750459361263,0
32daa7d0-a3f3-49e3-be47-13c43dc15dd9,0,0.044206978142384966,0
32df3a82-ec9d-4b45-b3c5-fbcfd7ec6444,0,0.04258659090023302,0
32e469dd-6e2f-41cc-94eb-dacfbc864b0d,0,0.04603143892223746,0
32e64e02-a3da-4d06-b1fc-06f5497a9769,0,0.04946257063989348,0
32ec580b-8a40-4b60-b025-2851794fe57f,1,0.09679990526345636,0
32ece633-9648-4155-999e-063db6ab2fb2,1,0.05445502405818444,0
32ee36be-5ee1-474d-a945-a3f7119b5d9d,0,0.05293384968054817,0
32f10ff4-9296-4ea0-b1c5-60d370710b77,0,0.05188170214335083,0
32f67795-a120-4343-8427-c8adebae456e,0,0.05211040194106969,0
32f9d470-c71e-46cf-bd3d-0afd1cd961ed,0,0.0638874380755672,0
32fa1e4f-0f86-475e-94d2-3b59d63bee6a,0,0.04415436787745818,0
32febb59-1ef7-491f-970f-ef002ec42705,0,0.04736210780624388,0
33014407-3fab-4546-b890-a543c6e4ada8,0,0.04732513650627106,0
330a3d97-bc34-4b2b-a79a-5999427ce8fb,0,0.04359248576678223,0
330c0f1f-cfc8-40b5-a0c6-d474c6685d51,0,0.05019539914430022,0
33112a90-e1aa-4dbc-bb50-0b84219893e7,0,0.046304560058922195,0
33120981-82f3-460d-8cd1-c0647fa349a6,0,0.04617032468838624,0
331366e6-c265-4c2f-a71b-b1defc256712,0,0.0455677424012246,0
33147f65-57b8-4018-b7b2-b24de964be82,0,0.057652126629607614,0
3319e426-ca2a-4486-88d7-43fbb688f2ef,0,0.047488065635182916,0
3321d29b-5af1-4233-b1a5-f1fc3926b20b,0,0.046059049758654255,0
3324e923-f84e-46fe-9de8-0e766f8c2e8f,0,0.054102543376333356,0
3328c9e6-d71a-49a4-8cbe-2b77d1afcb88,0,0.045379637747066257,0
332c6ca5-80f1-4aff-a988-2fd38ba34101,0,0.06107760672571369,0
333154c9-4ce0-44c0-86ea-abf53635c529,0,0.049989070650720106,0
3335cbe1-bdd4-4788-bfa7-5496d056e722,0,0.057398661560342575,0
3340c4d2-562c-4864-b252-624c87789ff1,0,0.045826254247900086,0
33434e69-55b8-4d5f-a327-0dbaaa50ae9f,0,0.05554507043750681,0
3344ec83-cf1d-46fc-9803-81bdec7c3fbe,0,0.04924606080414762,0
3345e2e3-32fc-400f-a9ee-7fd82daa0484,0,0.04481221907004593,0
3346105f-b634-4da6-8615-f344c6f0c237,0,0.04506290824349658,0
33482aa5-e43d-4802-bbe3-b5144eca1dfd,0,0.04215988317234624,0
334ab412-c4b0-4e00-8887-29ff217a7e1f,1,0.11847448712915536,1
334b8427-c3c7-4213-a6af-756ff588b10b,0,0.05980907167903471,0
33544745-0c92-4af8-93a1-09693985ef09,0,0.06737300193040352,0
335d682a-8cb9-4ed6-ba16-c57c1635cf60,0,0.6151481522674311,1
335f107d-4ac1-44f1-a21f-c84fc1334d17,0,0.048027674767198776,0
33603558-1d9e-4bbc-936f-0c9be412fe53,0,0.04342400193150626,0
33609e6b-df73-4972-8da0-14deb0d0e973,0,0.08513367366319244,0
3360d48e-d5bb-459b-bef4-6db0e0ed6151,0,0.0462856369828189,0
3361b003-0876-4154-9402-0f5cc181b6ee,0,0.06113271520347528,0
336c328d-de83-4e85-b97f-cb36fff90a6b,0,0.04891603503490879,0
33737afd-3c1a-4d5a-be33-073d336471d1,0,0.04382723580642458,0
337517c6-25b9-40c7-9fc4-40052098b9b4,1,0.05530498369964256,0
339868f3-e476-4993-9d19-37b4e14e4326,0,0.11093903179331467,1
3398c966-7846-4186-89be-323daad735b9,1,0.05281339183752117,0
33a01a31-932e-4639-8e5b-9dbf142382f4,0,0.05969151316927837,0
33abc613-2fde-4acc-9ade-5b225fc4aec4,0,0.06036063561701522,0
33ae65f6-4bd6-45cc-9e25-a94877fc79f9,0,0.05859684097956698,0
33bc2cea-5946-4fdc-9df6-55e6a1527023,0,0.04693818813241345,0
33c3cbe5-d2d3-4080-b6d6-5a4ccc6b659a,0,0.05234492291893269,0
33d20d3a-ead1-49fc-947f-b3382f9a68e4,1,0.049898185997236166,0
33d2e5c2-3c63-4643-bdcc-c3cd0ee8bac2,0,0.05413626094373628,0
33daeb87-4883-4009-bdd1-940acc47e6b2,0,0.05110343864543401,0
33e3a429-4eed-4ea5-a62c-f6ad1f61ea4b,0,0.04634139495555139,0
33e47de0-579e-49e9-aa1b-cc3e16f9c0da,0,0.04583374186666731,0
33eabb4c-7989-4f56-8d8f-a68bf3dc8e4e,0,0.044797500063922246,0
33f3f2a6-0fdb-4030-8bd1-88f27e76ae12,0,0.04286267502217194,0
33fadee7-461a-4e15-9788-8e59c256e995,0,0.04855331456097003,0
33ff0753-ef14-438f-9c70-ec48d1d66553,0,0.04574255469127293,0
340677a7-b1a7-4cdc-9494-4f3bfe1402ef,0,0.05604540338459063,0
341a7dd6-917e-45cd-aa3d-666411e01a21,0,0.04992173010548098,0
34204391-ca92-43d8-8adc-471d9b1b950b,0,0.044296985007302565,0
34253b2e-b8eb-4e0a-b758-f376a41e96df,0,0.0621124179251843,0
34274d06-e371-4abb-8a0a-01f3b4994fc2,0,0.04484677869794696,0
342bdc95-2917-4634-bcb7-1fb7ae7337c7,0,0.04910436740410564,0
3430f4be-ec3f-4739-b0ea-b83f47d4c9b8,0,0.04814879884078381,0
34344290-42b9-4a29-8e0e-c469cd36a8ba,0,0.0615719137501519,0
3434ef17-7292-4c1c-8ca4-acb41980f737,0,0.05951580873172493,0
3436de60-6a25-4572-8490-4c640f1dd811,0,0.2546457774844888,1
343f09d3-14ff-491a-a315-416d322ca06a,0,0.08105526896493839,0
3454202f-7be4-499f-ae6e-3081dba647fb,0,0.7989429955703352,1
34596da3-4844-4693-8fce-2f6b0733900b,0,0.08314172414337358,0
345c735d-0ead-4d9b-b0cb-7dea8cf1f6de,0,0.05798926486196776,0
34643336-d97c-44be-bc69-2a8471f43bec,0,0.04984305572758982,0
3467b281-8a84-4685-acf4-4b07be336efd,0,0.0421850015536153,0
346d98e2-f69a-4eb6-accc-b8f9a8bc16e0,0,0.0439488122027175,0
346f176b-d30e-4a15-b539-8b3c5ecb2a4d,0,0.04210067172663736,0
3471776e-1b0e-4235-99b5-7b8291c39891,0,0.04494184898733252,0
347d6554-fca2-45ea-9681-0a7334b4b819,0,0.043377792230869655,0
348483af-d956-41db-8b5a-55cfbf039d49,1,0.07869264063199113,0
34854ead-8f29-4856-9377-537152aa433b,0,0.043414863087734346,0
34878042-eda7-486b-822a-2f5a4cca4c7b,0,0.04770528348247404,0
3488d13b-c064-47c6-8785-c797f4f9f8b4,1,0.05698891985765459,0
34999993-c65f-491a-915c-b29a96ba8843,0,0.04305376073109659,0
34a1a719-e685-4c23-93d0-439453eb6bc4,0,0.042285070298436804,0
34aa8159-48da-4072-8e26-3b18bcf59e4e,0,0.08532454680769198,0
34b496dc-e81d-4f1e-a0e2-3ba0bc6982e5,0,0.047936890877427425,0
34b56fcd-7671-41af-b03d-7d2384ffd4aa,0,0.0480639131489989,0
34b89a5a-8244-49c1-96dc-87abe3cc5f35,0,0.05818997561402025,0
34b8d6f9-a132-471c-ad51-e8517c9e38fa,0,0.0474608886614443,0
34bb1775-021b-48cb-9ea0-262b636cd147,0,0.05082304427340725,0
34c14034-ed2c-498f-b314-08965475bb74,0,0.050382396001634154,0
34c42854-a58b-4870-b5c0-c15582e4b783,0,0.05094484687598506,0
34c55e56-9128-4198-b0e9-aa685dd46c19,0,0.10112741424621435,1
34cff154-10b1-48d5-b542-5526cdf4c0b1,0,0.04918081847416126,0
34d6c841-18ed-4115-9e10-25faab794fb3,0,0.050442178895219826,0
34db655c-2dd9-4222-aa60-6b2a79baecae,0,0.04216991428596438,0
34e6c06f-c0c4-49a5-9781-221e3ec2c93c,0,0.04238365990156307,0
34ea7a4b-65aa-4b05-bed8-588f9aaf8d2e,0,0.05383708532164366,0
34f451bd-f768-4333-a968-2a6ca158f8e3,0,0.05158086557385113,0
3502922d-d1de-4a0b-bf4b-cff8d70fe519,0,0.04375207035642864,0
35035c43-c2d0-4f33-a03a-faacdaa8a1d7,0,0.049940009206501844,0
3513d94c-1401-45ab-8165-ea7a1543f4b1,0,0.07526529922544303,0
351d5b0d-15e2-44a8-9b5c-cecd072fd461,0,0.043833153982251453,0
351f4d91-3d0d-4b21-82b9-6d73a09d5ced,0,0.05021109809031377,0
351fb767-4652-4b76-bfbe-aa89dc8185bf,0,0.044603559762035144,0
35292171-8f0e-402f-9a99-f074b9bb650b,0,0.04708647994269438,0
352fd15f-a647-4d9f-a5d9-636ce424fbbb,0,0.044390176703504335,0
35356596-e65b-4412-9bd7-b66394f71114,0,0.04676496099378453,0
35358bcc-ff7c-4d3a-bca6-d6dfa2c02993,0,0.06164255556981425,0
35385284-2533-4a5c-aea7-ac2c7c5d1d65,0,0.04756580887270879,0
354abac0-75f6-44dd-9cd7-cdcdb29156fc,0,0.06669908081848251,0
354ac698-63d6-475a-883d-2f8e53293461,0,0.04632222452763114,0
354cc470-ecb8-45bb-81bc-9185d3cc615d,0,0.04961259883680516,0
354d0d02-3d9a-4056-9727-6c29ca66be30,1,0.07835185719405253,0
354eba4e-6b2b-4b87-9d3b-2bf716c4a01e,0,0.04442299658642614,0
35508f0f-6485-4ca0-a88d-eb731f8d7a3e,0,0.043875012212805035,0
35529902-d913-4379-ba3e-1ee6c72a8039,0,0.04308555894770902,0
355b7979-2054-47ca-b5f0-bce262cf07cb,0,0.05138578864067983,0
3574f2dd-c530-6373-96a3-cc0896c9bd0e,0,0.0467005328828075,0
35798fc2-6006-4aec-b4a7-25183f54dd3e,0,0.06396846128503914,0
35850d92-6e8a-4543-857a-96addecfc43a,0,0.04657255863163926,0
35859a68-a552-45e3-b830-a660f278e446,0,0.05041064180328859,0
358699ad-c3eb-4c18-b0bf-4acf200174db,0,0.04659472895169239,0
35878b00-0b4a-4a62-80f6-6dc665048491,0,0.04339665531920224,0
358b7a5d-f456-4930-8743-0cf50cc36517,0,0.07904814715127423,0
35912ad8-da74-44ba-8205-dd1f5456ef35,0,0.04283546367414401,0
3591a683-59b0-41d0-94b7-fbc381401119,1,0.14800307227617848,1
3593a251-254c-49b9-a90d-6eb9b12d3240,0,0.10124140930879669,1
359b9262-64eb-48dd-81b6-173f0506e54a,0,0.04129731748668796,0
35a45a5e-15f8-4a5a-85ee-5f1ff6dd85a0,0,0.3344389361854829,1
35aaf2d7-e977-40e2-b6b3-f413e1454492,0,0.05446398724506938,0
35ac5cff-1fc5-4b28-b4b3-b8d15d05822b,0,0.07140761867413777,0
35b24f88-db91-4dc5-ba23-c23469027474,0,0.051512500373680985,0
35b68c41-a52f-423c-aed9-cb82342497e8,0,0.04307280414596315,0
35b8a31c-11ae-406f-be18-6532db312c55,0,0.05057125584680003,0
35c2b951-cf48-4aed-8190-68f4902bd0ee,0,0.044331840862254855,0
35cd2520-ed63-4847-a6d6-1b17c47394ff,0,0.045836343524467714,0
35cd2bfd-29f5-42aa-a0ec-546eab839683,0,0.041322655610289735,0
35d516d5-4584-44a9-b2ca-93d3ce111bbe,0,0.046051544411901055,0
35e47fea-3bc0-48aa-abe9-43d4d8e74e88,1,0.7880317243797151,1
35fa4fd4-5e4f-4731-a54b-7c8a99630a37,0,0.04749744487351993,0
360164ad-079a-42cf-89d8-1eecfb493a75,0,0.049130413584721616,0
3604d31f-afff-4379-8e86-ba5b5402d0c3,0,0.046571617651227235,0
36069794-30a8-4958-82a7-9ff5b0a03709,0,0.04552778794217121,0
360f7c56-c2b0-4fc6-ba8b-6c9160de3e4f,0,0.0662205054796211,0
361c8983-3324-41ee-a0ef-47209de298f2,0,0.0512354620942011,0
361f80a8-464d-4c3d-a15a-9386e0cff4f4,0,0.10248285694568375,1
362f1acd-0f33-476c-9d4f-efd8f440a4b3,0,0.07389289663615817,0
364a3363-55ab-43ac-8d11-6beb01f7005e,0,0.054563936376722855,0
365fab11-83ee-4f36-bf2b-56645c90a04f,0,0.05300859990885594,0
36613b11-4c09-4171-91dd-0db162d735b0,0,0.046050082300216254,0
3665046d-0583-46f8-9ab7-3c6043fed7c5,0,0.049564417525052626,0
36677c58-96e8-43cb-955d-c2993f423090,0,0.26331216797256524,1
366a4d0d-5541-4e0f-918c-75e0c2f4c5fe,0,0.04451675093283697,0
366be211-001d-43c8-804e-6a7861e72a08,0,0.044078373923388,0
36723c79-d59c-4a08-8062-57bb1aa06720,0,0.061436267700002795,0
36730e1e-c49a-4c3a-9320-aaf2fa8d3ba7,1,0.10295924936666143,1
36731227-b992-4fda-a9a0-2d0572701d13,0,0.04789589179589496,0
367d636b-4e49-4959-b6d4-3fc70d51d251,0,0.04881873713840905,0
367d6647-8d10-42a4-a604-3b79f2410d04,0,0.05748176087677404,0
36817a27-d4b4-472c-8068-b086153f4253,0,0.054078792097924905,0
3688b066-8e94-421a-8141-19a6050af406,0,0.046254024442293096,0
368abde9-65e0-41c2-8471-8d910ea5bec6,0,0.05158958773691415,0
368e143d-62a5-461a-b568-3751efeb78e6,0,0.06018345874995091,0
36920465-c20d-449f-82bd-0efdb60223d8,0,0.047278604948744356,0
369696ca-4fb2-41ca-86ba-f6152e2bd296,0,0.047518858418636484,0
369a08d8-0bb0-40b7-9ad3-c2a7b52e3e32,0,0.06892923399298805,0
36a2759d-dc21-4858-9861-452c2229ab29,0,0.04860453564074128,0
36b97882-876a-4e1e-a5ac-180e67134dac,0,0.051173392267325875,0
36c36d74-311f-4b3a-b554-3ae63824c1ab,0,0.06559251471368346,0
36c5cb78-eb5a-4bdd-9ace-e00987843b32,0,0.05822237940294358,0
36c69873-fe51-49ba-a8b1-01db9e505454,0,0.044183735484582744,0
36c91b40-a9fd-4bc9-8967-253d71e59497,0,0.04347880056100581,0
36cb986a-78c9-43b0-a20a-6e91a2a219d4,0,0.046491062733732894,0
36cfdedb-1fae-4ecc-bfba-b55df4af9d12,0,0.04609796249884062,0
36d24c80-026c-4299-92d1-b980549715a9,0,0.04758020031139417,0
36dcee4b-e07e-437b-a995-b2ea76e6eeb1,0,0.04516112374626284,0
36dd0a48-ed1a-4f40-8ab1-d62d679d4dc2,0,0.046495771507050615,0
36e120a0-d588-4e97-b51e-3bc18f64b126,0,0.05583603328902763,0
36e729cb-02cd-4aa6-a2a8-bbdf22dcb294,0,0.05535598787222583,0
36ea02ef-e654-499f-b1bb-4f4226c6ca46,0,0.0688331900184493,0
36ec156a-61e0-42bb-9d45-72470f761043,0,0.04861717590077637,0
36f65246-c59b-48c3-8914-417a7dfc044f,0,0.05117904416068937,0
36fdc5d1-88ed-4e80-85d3-5bbebbc6fd38,0,0.04429118050437726,0
3720e6a4-34fd-48c0-8701-cef4f9444d50,0,0.06298304178734947,0
37230d93-133e-47bd-b617-43358f57fea9,0,0.04978016289373436,0
3728206f-5ac9-4f14-83e4-adbd77b4a39b,0,0.04224762061265201,0
372925b5-dfcf-4af9-a7eb-9930d5c0b5e4,0,0.04825649424976023,0
372ac94c-2cfc-4b75-a82c-f5feea56aa5c,0,0.04675120548398842,0
372cdb29-723e-439b-8358-e4aabe595f7e,0,0.04584893566179817,0
372dbd38-da6c-49a2-bdba-9f3dab80e24a,0,0.04323637948072503,0
3736684b-39ba-4a7e-b5cd-a4253dc95fc0,0,0.17274305852689,1
3738260d-0b0b-4fdd-9456-1e65b9311990,0,0.05197014475442425,0
37403900-4a1e-4206-8605-e885491059ba,0,0.11179487492670938,1
374aac48-e492-4875-abe8-723e0e5b078c,0,0.07183070285966489,0
374c65da-96d0-4dba-8d23-f5d7b39e46b6,0,0.05453633133112836,0
37501b36-9b80-486d-854b-60d0974536cf,0,0.056031124965097254,0
37509c5b-2e02-45d4-b667-8747eda6d79c,0,0.04344129592864241,0
3761af13-cd5a-4ef2-852b-e4f574ac6f40,0,0.041955000678286405,0
3768bd38-8677-4e30-a922-769b06d38e46,0,0.04722424807887452,0
376de063-7d45-4055-81ea-5c1fe4f87f92,0,0.051524728458594404,0
376e9ed2-c7e0-40cd-99eb-2bb65dcb3e75,0,0.054611989328397934,0
378a5037-7baa-4517-8ab1-504649b97e85,1,0.8908727209812899,1
37901ad7-cd42-43ba-910c-9fc646474249,1,0.7769768536325119,1
37902f7d-1c34-43f2-8258-a5f28ec0fb76,0,0.4021489702213552,1
3795e9aa-4e2e-4884-9240-c485010b6737,0,0.04712217570405305,0
3796f251-d134-4da2-b69c-9091448af665,0,0.05864365943120296,0
379d7f14-52ef-47f5-8fe6-0b5cc9a46a5c,0,0.05347405060515538,0
379e5a38-6eb3-474d-9d85-7e8eeee7e090,0,0.05476438669720666,0
37a20f95-6657-4f01-8d59-e61b9c6cfc61,0,0.04722243480859509,0
37a65c91-4146-4642-93c2-842a5c483f62,0,0.05457383872270465,0
37a91a3c-dde6-47d9-8c50-639c0f03103e,0,0.04281909211415029,0
37ab5c96-4bb9-47b9-b91f-fb82c7a7d806,0,0.042563507910913186,0
37b5a974-e9ab-4029-8d87-e9c30d9e1b68,0,0.06628990681409352,0
37b7b75b-df69-4ed0-8d6d-441033c7d20e,0,0.04772150128236627,0
37bc91ae-9cf7-44b9-97bb-f2280621603d,0,0.05797183636381099,0
37c826fd-a920-42a4-a271-a1c7c8701099,0,0.045093711654872394,0
37ca2205-af36-4a8d-936c-3be4bc137502,0,0.04467030492525669,0
37cf36f8-909c-46f8-9c96-12082be70f0b,0,0.049988416589274186,0
37d8d801-1418-486e-980c-69e1add540c0,0,0.04324282296356693,0
37dcdc15-e6c7-44cc-8fbf-a1949335b2e0,0,0.04357065388742139,0
37de3bbd-d44c-4c3c-afaa-2d295624c146,0,0.04810546982658662,0
37eb4b6b-80e1-4bc3-9bf4-41c2700ccc6a,1,0.07932859147494718,0
37f5c533-c006-42f0-8b3f-6c52fd986fc2,1,0.050804981848614435,0
37f76ebc-2cee-419e-bf64-586a6a1a1864,0,0.06876212021610743,0
37ff2e18-1021-4bf1-b665-96e74f06b4f3,0,0.04276487841873163,0
38028bc8-dd6e-4e87-b719-dd3d60eb09f1,0,0.04464465277922617,0
3807b71b-56c3-4f65-a149-8a0a79d41fc4,0,0.056440716301935735,0
380861a4-fd49-44b4-8de2-2c6880fc1df7,0,0.0441971371147924,0
3808828a-2d6a-4e25-ba6b-0a3fdf9c0f43,0,0.0528362467163585,0
38134923-0d5f-49e6-9b53-e8353ec94599,0,0.04780029790660246,0
3817a157-5796-4890-8b41-bb844aa1c7e9,0,0.04957843013997825,0
381ec9c2-b418-4cf3-9776-ef52cd48bb6d,0,0.061184520347535666,0
381f5a19-601a-427b-907b-1cf5d0d325f4,0,0.049051377997613416,0
383d04a3-754a-4a54-ad66-bdf212de779c,0,0.05029947323801909,0
383d2c94-769c-41a8-9f47-298792b2111f,0,0.04589072720698619,0
38408f79-9eac-481e-a45d-503131b2e8e4,0,0.06951715913694598,0
3843f15d-a361-4033-96c5-86ad4ac8268d,0,0.16694840119026563,1
385eed38-f690-d12d-0548-9134d5a0edab,1,0.06188313672834764,0
38602f01-ec13-475d-8f2a-6dc562d6aa6c,0,0.04485412960537588,0
386fa11f-5c58-4040-8271-53ebbc067353,0,0.05490437977622506,0
387870de-e0c3-48a1-865a-61f68d444b60,0,0.04618025970131334,0
387ba75c-47bb-480a-9f86-b7c5cc57cf6b,0,0.06361613962024805,0
388ae0f3-35a6-4bff-9649-f2c6abbdad86,0,0.07470616538275078,0
388ce9db-2945-4ba6-ab54-76defc79b722,0,0.04524517270322207,0
3895d613-544d-45b9-a2f2-3130869f5506,0,0.04715858436536079,0
38a17267-5bd7-4e85-9940-33034fd4d161,0,0.1727573670473726,1
38a19afb-f3de-423c-b4b0-32d5d604af54,1,0.7105339291726938,1
38a1b84b-cc04-4a68-b15a-2148464277bb,0,0.05385154964528981,0
38a688e1-7a18-4ddd-9066-c88c63d8885b,0,0.06614151476562406,0
38a9da90-c02b-4aeb-9f4c-1513698ca994,0,0.04901240929365234,0
38aebc0c-c078-4873-ba3f-aa370f5d7578,0,0.05931666013216196,0
38b22fed-9ce8-4a9a-8b1c-9418b0f4e948,0,0.043411383272801946,0
38b85d7e-fa74-434d-8a8a-57770c3df027,0,0.046409458514462765,0
38c2a934-3295-4b8e-9531-7cec2d43e988,0,0.04864978293985904,0
38c413af-0c69-4f83-b754-793225bd7d08,0,0.048701966731218356,0
38c6469a-13c8-4309-8ceb-c59d055c294a,0,0.04545871693422411,0
38ca7ed1-b4ba-483e-a9fd-eeb30b86edaa,0,0.041794916595352054,0
38d1cb81-15cb-49c5-baf7-7e50a0c3f5da,0,0.04468491257358163,0
38d606b3-2078-44fa-81a2-a3a2d51b48cc,0,0.05598917545363172,0
38e3185c-3938-41e9-94fc-5465b7953bd9,0,0.04766465090464914,0
38eb525b-bbc2-4a87-9a06-67a04fdc6e9e,0,0.05120506599055218,0
38f39c44-ae13-4702-b596-c79e79c055c2,0,0.06012259195934404,0
38fe5b99-fcc4-4c1b-a87c-2e0f595de771,0,0.046543718828853026,0
390d3c3f-48f0-4c53-ae13-c0887157754b,0,0.04666110549411545,0
39101603-d091-42e6-a028-6437a7c28617,0,0.046105511333110145,0
391b7223-7da1-4dca-bce8-8ff39ed05dac,0,0.042727164766569126,0
391fa80e-6843-447d-ab84-f1b46c53012a,0,0.04886762453775828,0
39240279-1a65-43fe-8897-ee736400bcc1,0,0.045242596266556835,0
39294046-901d-416b-adb8-50e456b4d57e,0,0.044980670478136524,0
3929e314-818a-418c-8934-3ff0db3511fc,0,0.04159939804957096,0
39324938-0b5f-4b0d-ac5f-3c0921a01026,0,0.04215129747417708,0
39380d62-ce62-4eee-8655-c942e6c3047f,0,0.04751468415778919,0
393ef744-55d9-4951-b36f-958ce93a3aaf,0,0.0464814855603264,0
3948c566-6050-4dba-877b-9db4ec90ced8,0,0.06820914712208417,0
394b5698-621e-4d47-b358-a8c9e4c0803d,0,0.0425476140895824,0
396accdd-c26b-4e02-8f74-d5f106c62ab3,0,0.043299023221332396,0
398091fc-86dc-4789-b59a-b88de4fe8eb9,0,0.049632292332647446,0
398b4293-5438-4db5-8400-a30ba7f48b62,0,0.04931497848675444,0
3999a8f9-2b45-421d-be07-9c85772c780f,0,0.05230340930476063,0
39a32793-c29c-461b-a8ec-304968b31b9c,0,0.053687362934612466,0
39a4eacc-50f4-4fc8-8d41-f8e5bf655080,0,0.06466476858887586,0
39a9b3aa-febc-41ca-8cf2-b43bd210a530,0,0.046373772605774084,0
39acbdd1-30a1-487c-aece-48b034aee71d,0,0.057542408855320505,0
39af8e0d-af5a-40ee-8758-fc9472d34655,0,0.051590936676576264,0
39be91a4-19f8-425d-adf5-9a7d39a47aab,0,0.048652529607806624,0
39c1a47a-e082-45d8-8a26-ece4789f15f3,0,0.08364122873579288,0
39c56321-4250-4ba0-abcf-5656a6b1c254,1,0.8416750988497305,1
39ca9511-b8bb-46cb-a302-d3afaf810c5c,0,0.218245638750058,1
39ccb7b3-3508-4ddb-9c1e-3ef93131ddb1,0,0.04542582947088814,0
39db535f-cfba-4412-8774-453645669a0b,1,0.8537642252106354,1
39db63aa-134d-41be-a86b-ed033bad152a,0,0.0564083082094615,0
39eab2a1-2816-4db1-bcff-7d61f78a7a62,0,0.049982819913645664,0
39ec0b6a-95b4-4076-ba5c-91c40cd6d5c0,0,0.07336919355561071,0
39f6b1c2-b0df-4fe9-8d36-4aae484661dc,1,0.5730445990405564,1
39f858f4-fe4d-46be-bad5-28a8e155f3c0,0,0.6745683545379434,1
39fcafdf-aadd-48b5-870a-e24d652ce511,0,0.04465987027340311,0
39fe3baa-cd8b-40a2-8d1d-c9d5be2427e1,0,0.043818053161635014,0
3a065c56-5e16-4ace-9112-90bfea76444d,0,0.04690322715920754,0
3a140635-ba00-41d5-943e-942bb8352c9e,0,0.05077284459472545,0
3a1e2fd2-dc8a-409e-8dc4-eb433edcd640,0,0.04726812678919114,0
3a235840-e261-4705-a392-2f647dfe06fc,0,0.04584666782642188,0
3a23f9d3-bb6c-4d27-895f-f8e6e1fbcd89,0,0.04254311106283106,0
3a2638e6-0e08-492c-922e-fcaf7c291b93,1,0.06936344855717881,0
3a2c4d0d-fe57-4604-9004-230cf937e86b,0,0.04990978951349347,0
3a2cd7bf-55a6-41e3-8ed5-2f541ea870ba,0,0.04903565592890993,0
3a357c06-a9c7-4a37-9f3a-73995d741ca3,0,0.04586986672813231,0
3a362391-a3cb-4d23-87b6-794bdb53af95,1,0.05374631466999274,0
3a3ee428-ecb9-4093-85b9-ae6351bfce79,1,0.22866934634841285,1
3a3f29e7-aa19-464d-a89a-a93aca974a5c,0,0.04472262337945089,0
3a4744c2-78e6-4f56-89ba-aabf36552077,0,0.047175852039033225,0
3a476075-6961-4aae-b714-3b9cee7b2d56,0,0.06297702570154057,0
3a49e55b-bffc-4738-ae96-8d4eb8e2c71a,0,0.04510083870141515,0
3a4fb6c1-a319-4e4d-bc95-e3cd577f14d8,0,0.0440310517154902,0
3a5456d1-ff50-471b-884e-bdcf3161eb24,0,0.04489496201105048,0
3a5467f0-3273-4006-adcf-3cbe5c399d85,0,0.04969659205479928,0
3a59f8e5-5405-4db3-8df2-bf6b9d1b7800,0,0.07924650362652443,0
3a6431c7-e652-4605-96ac-7ee397435489,0,0.04914317108674302,0
3a6d3917-7fa2-491c-8126-08121e91dcfa,0,0.05060500588638265,0
3a73cd3b-6cb7-4879-8848-6df7cb5ed6a4,0,0.05323580277537814,0
3a7fa007-f476-4922-89f4-c79b0ce3acd0,0,0.042209822697495444,0
3a81563a-3885-429c-8c5b-58b1c5458d0d,0,0.04370318661019158,0
3a871839-fb3c-43a4-9313-cc8c2d298637,0,0.05112112017051029,0
3a93830b-b979-4147-aba7-8d4340a6fe63,0,0.045151201133753975,0
3a93a95d-8c27-4d9f-89c8-b2638fbec0ae,0,0.07172672535506368,0
3a9581d8-f648-4597-a05d-d22c4945fa7c,0,0.04554833920611931,0
3a9d65fd-f94b-476f-b1d9-5c47506301c4,0,0.044105978776938046,0
3aa1e2b3-306f-4b40-b94e-1214ae425186,0,0.04129131236215798,0
3aaa3089-f1ed-4c7d-887a-3b845fb99419,0,0.04564560279998306,0
3ac0fb13-62ef-4c94-9e31-d4549fad4225,0,0.04662138786442158,0
3ac1b532-e507-4c55-927b-2efd4185194e,1,0.06079213231126821,0
3ac50667-2315-42ff-be00-013a1557abd8,0,0.05382696164336128,0
3acfe69b-11f3-4709-847c-2171dff8d310,0,0.08823074512865016,0
3ad023ef-d00b-4a53-ab73-412a36c0363f,0,0.04641930247034282,0
3ad1b0f7-17be-4a8a-911e-a4983afbfcda,0,0.04230292543273552,0
3adbc290-4b8f-45f9-8d3f-7f68989343ae,0,0.06258495609523242,0
3add8a13-ac7e-4c1b-b6be-5591183a523f,0,0.04585374562422897,0
3aeb3f6b-2215-4eb4-94fa-af4d1288c581,0,0.047478387086189844,0
3af00165-1439-4fe1-8f55-fed295b81faf,0,0.06191216584006914,0
3b09436c-18d9-4ed6-8ad4-6bbd8fc2b5c7,0,0.046753878319251714,0
3b14e851-41ff-4a69-a10f-920cd564e8d9,0,0.04529577259448772,0
3b15914d-72a3-46da-abf1-bf9240714937,0,0.08629638908633876,0
3b167e49-2d81-48e2-82ec-b43a712d757d,0,0.054791533520881924,0
3b1d1035-7400-486d-b9aa-6f6eda7c5d46,0,0.10142593012657215,1
3b26eeab-da2b-41ae-bfee-acb162a59154,0,0.04558625445866258,0
3b27c3db-6159-4265-b8bb-938c0be7bee5,1,0.2154719109747555,1
3b284632-af1f-4e1e-a9a4-be75c1b87d3c,0,0.07468800715565237,0
3b2a56fa-7d09-4b60-88d4-d08d944577bb,0,0.051893611281972465,0
3b2c2379-70f9-4963-8814-7159bfb841a2,0,0.05322606703105719,0
3b2daa43-e17c-4fee-902d-1fc00db691f0,0,0.04563658948389743,0
3b33b21a-5061-4b42-ba6d-5bcfcd5fd67a,0,0.046639939046599736,0
3b35b4ce-7410-4464-9250-4af62317c7ca,0,0.044403704570867016,0
3b49dd31-8b6b-45ce-92ab-b85883440468,0,0.049753010917529296,0
3b525945-c7b6-4e50-863f-1f32448d0acb,0,0.041889627567687986,0
3b59a3f6-2c81-4d5d-bddb-672431745120,0,0.0443650584501141,0
3b668158-3e8e-4268-8a49-f66d3004a273,0,0.04234396972061458,0
3b676af6-05bc-479c-a92d-31f0dc681aad,0,0.07219692810847728,0
3b6ae327-b822-4e15-b360-c63e0273cfc4,1,0.05624915861075464,0
3b6d0d73-0100-4d05-b0d2-889dcb1bb64d,0,0.04854496101678871,0
3b7146ea-e5c0-4a1d-a321-2c1ed62b28ba,0,0.04865535526331185,0
3b719a5b-018b-4b1a-9d2d-fc9cdcc8bb51,0,0.05295780126341863,0
3b802417-3cf0-4578-ad13-0ceafd4a1921,0,0.046873414248056605,0
3b82137b-dea6-4fe8-af45-e8cbec0a0f59,0,0.04713005747107827,0
3b83e7a7-3bf5-4124-84d3-36948c02aa03,0,0.04716579798184725,0
3b853bea-a02e-43bb-a8e9-523b3c3c4f28,0,0.04653185434016738,0
3b86548e-6865-400a-bf3a-450d15b559fc,0,0.04602233378960156,0
3b8a7a3f-b842-4e35-9c6e-45851f42c5e2,0,0.04519654590292507,0
3b8ca45d-4734-4c1f-8ade-cb63224562ba,0,0.07967359438979135,0
3b8eed51-194d-4c41-91e7-c7012a74edc2,0,0.25834206791990005,1
3b9173b4-4e52-45fa-a491-ad4e01625f3a,0,0.0891291225071813,0
3b925bd7-002d-48e3-acf0-7a483bdd3cd9,0,0.06698857118724648,0
3b97f947-14cb-44c9-9bbb-2e6191b02aaa,0,0.052614921880308675,0
3b9c8853-d5a0-4ef5-b1ec-41b44e686d5d,0,0.07267839452281623,0
3b9d989b-adbe-4ce0-b095-e4787d0ed620,0,0.05843891214326802,0
3ba8948f-43d2-47dd-bd3f-d9d9c36d8ae9,0,0.04715869512376782,0
3ba96e35-f3dd-417f-a1ad-5e749f97745f,0,0.05458211490130075,0
3baca23d-bb1d-4e1f-9ee3-7244203e0dfd,0,0.06507170668960463,0
3bad9696-7719-479f-b8ec-8e2b76e0cd7a,0,0.05156005715576857,0
3bb5760e-d072-4ddf-a67d-5162a8b63328,1,0.06401847183070822,0
3bba73ae-0db9-4d85-a5e6-34d2b3e268df,0,0.06131483062026417,0
3bbd6b74-7a50-468e-bebb-526ee9670ab0,0,0.04383790769869358,0
3bbd7a05-9f9a-44c0-a7fa-e37bc6e2d9b1,1,0.841089602577788,1
3bbefe16-3d4b-41ce-9f1c-62dfc17bb578,0,0.042836307660530905,0
3bbf7d57-7ef7-4fdb-a219-7ec84c2eb2c9,0,0.05382961646238601,0
3bc27feb-07ed-480b-b514-d9d4bfb119ea,0,0.044999186360345056,0
3bc56385-3e5c-49e4-a2d7-0c24322ad964,0,0.14694556580981244,1
3bcc46eb-585e-4718-b6b7-8ed5e6df5981,0,0.049369192307742185,0
3bd27ca9-858b-4e6b-a396-59f97636b24f,0,0.09116537777534153,0
3bd450d6-4aef-4ba5-9c16-824a8b7e28e0,0,0.047976150684580936,0
3bdfd9e4-f907-47ae-8f3c-6cfd0809ba9c,0,0.045511957730312406,0
3be0bd33-59cb-4e09-b8fa-83357e4ecff0,0,0.04435735259240933,0
3be27bc8-f456-44d0-8f59-bed81506412d,0,0.11992019382140462,1
3be2d863-0187-4a3d-9610-190a5547b572,0,0.05685818076152159,0
3be8c011-6570-49f9-a507-380cbfbf335d,0,0.04529143566960786,0
3bec95a1-830f-4d44-917d-32b1fd2ba357,0,0.04691939076836407,0
3bfb4a37-8ba5-4bc9-a2cf-7b3fe49500df,0,0.05186492003144722,0
3c09ebd0-6fe8-4b0e-ae35-cbf9180c56f0,0,0.04577954698437877,0
3c0bc328-3ad2-4cf6-bdd0-287e2bc229ad,0,0.04416182140759063,0
3c0bfa06-6740-4726-9b97-16b6f9c8d98b,0,0.06685166793719144,0
3c0d23ef-065b-418a-b724-7e289b537d68,0,0.0483716100296324,0
3c14e64a-e833-4d0c-92b2-4cfea0ef6f0e,0,0.05228792464699177,0
3c248863-9b7f-493f-a4fa-dce6ebcce994,0,0.045261498776193,0
3c38ef79-c482-4767-9dd1-945d4ee0fa80,0,0.24204960743867826,1
3c3f54db-8f40-4ba8-9753-274209b8875a,0,0.04258875914911244,0
3c4467d4-1ffd-4756-8273-dd3c591590e2,0,0.04688839516704804,0
3c4eccc6-2a15-467a-985e-65f7f9e27623,0,0.04194887473996294,0
3c516143-bc79-46ef-9454-468aa9354da0,0,0.054476605679356874,0
3c569c88-dfe6-48f2-9e25-c8d2beaf2951,0,0.04312351178125505,0
3c5d9907-a1d0-48ac-83a5-3933603e7370,0,0.04467613189145922,0
3c63ed7c-0739-4121-9363-370c3a453a34,0,0.06915708158039756,0
3c640d77-c907-4dce-b0ff-eecc1c3542c2,0,0.04766284584072778,0
3c6e2f24-2d29-4731-a479-c698b7c2b565,0,0.12078806426272909,1
3c7309ad-36f4-4dd1-aa3e-85ed67c2fec3,0,0.3868587964154247,1
3c7737d5-d362-4de6-a8a5-e9b64064de3f,0,0.044102662031523666,0
3c80f0d6-e9ec-4181-8c5c-837a30be2d68,1,0.05840690866071224,0
3c8455b5-1c68-4c27-8690-50ad42ffedf2,0,0.043588907985946466,0
3c8a17f5-8137-4b3b-9ba4-f785c0cc732c,1,0.05341259231704419,0
3ca0750a-c956-454b-9407-faf8ac357ff5,0,0.05279137190122178,0
3ca894d8-510a-484a-93e1-0dd557255695,1,0.06924896973624198,0
3cb523e9-1af7-4b2d-851c-6f246eb33306,0,0.04881800469465661,0
3cbc99e6-c654-41c9-a09b-9b99021b0f09,1,0.8265064109990617,1
3cc5b934-b23a-4710-9178-eb990da3daf6,0,0.043516012104212125,0
3cc7020a-587a-4630-b638-fd3b55608030,0,0.0938898586006554,0
3cc91f77-50b0-4800-81cc-a11dba5d9698,0,0.0527439791922854,0
3cca91b1-a7f5-4833-bd7c-d5fb5cb93d40,0,0.047343728379554764,0
3cd3f86f-63e6-42bc-ac2d-d13d14e9bd6e,1,0.6172429454392921,1
3ce3b786-4613-466f-9468-e409027b173a,0,0.04374031326659403,0
3ced3110-ba31-423e-be87-5e974f1b2d3d,0,0.04939694157693242,0
3cf3292f-60f8-4e47-8aa8-5adb12b6e264,0,0.09461362709851284,0
3cf6368e-1a9c-4eb5-bba3-85b63b7fa8b3,0,0.05560052386725195,0
3cf72069-1db0-44c0-b6e2-13513dc0c3fe,0,0.04794720235286667,0
3cf8ccd7-7332-419e-a82c-9a752dba594f,0,0.04697048894843794,0
3d03ab21-65e9-4d14-9078-60d4dd3d5c70,0,0.04629494860716668,0
3d07fb41-8cac-4e3d-9a3f-6388129e3527,0,0.0807467585076967,0
3d173a91-5122-4715-b367-5d2f4674a275,0,0.04431539448663311,0
3d1a4ce0-2f5f-4c8b-96d8-08553596ac1d,0,0.06262930570703147,0
3d20943b-9a3f-49f1-abee-2e7c8bfd975d,0,0.06112597449484042,0
3d295a8f-349c-4a6d-99cc-8dea2d828ac1,0,0.04308830718805863,0
3d30ccd2-21e7-4468-a40a-a816be49b7ba,0,0.051124298612502596,0
3d3723d6-20a5-4990-818b-3afc084b4410,0,0.04369178898762267,0
3d382eb7-18c1-4412-adeb-7d08a1360e17,0,0.04125740894898655,0
3d3c7bbb-312b-4050-8b4e-07de5397604a,0,0.0577887960851963,0
3d479d17-2f44-4516-9ed6-a0fe7510047e,0,0.04479038220068716,0
3d489dfa-26ba-4052-93ba-349e8743d5be,0,0.05028309409836453,0
3d49cc65-25da-4ab3-9d97-706ef812c8d5,0,0.17763397125912597,1
3d4bdf3f-8d38-4630-8118-cdc20eb7183d,0,0.04667518037105248,0
3d5ca31c-b184-4be5-9708-adf3790a559f,0,0.06353999269250489,0
3d5db4f7-28b8-437a-8dc3-0dbff45dc05b,0,0.046622824635717916,0
3d619991-538b-436e-8222-8ec9ad850107,0,0.059944564083846213,0
3d632053-b0f0-43c6-a54b-ecd248e379e9,0,0.04237241995839577,0
3d655b30-ef4e-4a76-8008-1bec07a523b2,0,0.04322429063411428,0
3d6b6314-703c-49b0-8029-0f1ee0868673,0,0.05380861915076508,0
3d6ba6ee-21fa-4620-8533-b732e8122a01,0,0.04926300048881654,0
3d72c480-7852-42af-886f-7cc5bdf08670,0,0.04184591902978977,0
3d72eb43-8096-4846-b413-78d7cc2cb683,0,0.049716981381965855,0
3d7345ad-9a38-4835-89f6-9951611a52ad,0,0.04608291747643468,0
3d7f3e9c-490a-4b0d-8d91-b21123c1d62e,0,0.054217369922372985,0
3d80072c-38c0-4705-96dd-9f8f760ed85b,0,0.0439388871904925,0
3d80799d-30d3-411d-a53a-58acb5dbd703,0,0.041677046025955726,0
3d85a69c-c54e-4ab9-90fc-52b578c329fc,0,0.047146859188820375,0
3d9034b0-63f2-4b49-b906-97e34f9277bc,0,0.043519057150260367,0
3d931231-272b-4dbd-85ed-648fd02b2697,0,0.05102813850828509,0
3d936483-b810-4eb6-b6ad-5246f0250f20,0,0.049875420413957094,0
3da1ad68-e1db-4929-abc3-9f03f83a2cf8,0,0.04748038609742118,0
3da4bc02-65a2-4c0a-88b7-b38f62f612ec,0,0.0450541327578984,0
3daa2afc-7b2c-4cd1-a85f-83bb505c89de,0,0.046873730363652576,0
3daadcf6-9d83-4403-a469-d5c2f23a1cfd,1,0.43874837187455684,1
3db556f6-552e-46cc-9308-f3c40a779efd,0,0.048454620890423496,0
3dba83d6-99bc-4e6a-a35b-ef0fb08fc52f,0,0.06610306812270035,0
3dbe3824-ba34-4bbe-8dd8-d6245da27930,0,0.053807540778250715,0
3dc57320-2c3d-41f1-b9e6-6feb0c820bc4,0,0.04354131722166587,0
3dc573d5-21cf-4ca1-a1b3-238ea19459e1,0,0.052308853339122774,0
3dc744e0-b816-40b3-ae2d-d0b991fdb392,0,0.04860636054445021,0
3dd45ceb-c1a7-4b49-a28f-1b56c5507a96,0,0.04195832419659706,0
3de6eeb7-1a3c-4150-b860-d71392e80326,0,0.049131632695433476,0
3deaa459-9a23-4486-ac1b-cde73bc19134,0,0.12960298682903285,1
3dff9cd9-ead2-439c-9f14-2144bd62341a,0,0.04491678163739802,0
3e00a2f5-8f12-4225-990f-7964d746db6d,0,0.0551437003084711,0
3e09854b-f618-4170-a12e-96739466a2b1,0,0.21633970061391614,1
3e1c5d43-0ef6-4528-85fa-44bb35619403,1,0.08236185274091426,0
3e1de48d-04ac-4d86-a611-9b3817f35bbc,0,0.07361570309068721,0
3e2992a1-af18-4189-980a-21519add4995,0,0.043986583520102436,0
3e2c26f1-020a-4ec1-949c-3a620f62742f,0,0.04271395452688231,0
3e2fe530-575c-4aef-bcb9-5117cd5ccd04,0,0.0429287887661764,0
3e390cc4-394d-439b-8129-3af720e9eeec,0,0.06050717892705855,0
3e3999df-fb55-46b3-ac1f-43dcaa5aaa62,0,0.05291026425769551,0
3e44c3e9-e4af-445e-8c92-0fc0c4b24829,1,0.8221381725913385,1
3e52570a-5567-409d-8f60-6aad572dae62,0,0.04936961948953388,0
3e5800c5-fcfa-45eb-b11f-3bb4c3f82ea0,0,0.05267633590867261,0
3e73fe9a-80e4-46d0-9a98-f6b30b39db82,0,0.043045292854256394,0
3e7d1626-98f9-43be-a734-0a1f9d9d2f31,0,0.047793935146376636,0
3e857dbc-6383-40ff-aa0c-e625479dc70d,0,0.06137419728434359,0
3e945a43-61a3-4fce-b811-ff1413ca6611,0,0.0449907772242556,0
3e963ee4-034b-469b-b693-ea4c88886cfe,0,0.04632214049856119,0
3e9885f8-a77f-4289-8692-c7a65fb0087c,0,0.04348741894653142,0
3ea35580-52ba-467c-9b42-42e4d8f60015,0,0.04638091506084868,0
3ea3a169-7265-44a6-b07d-e58bcecaeceb,0,0.04503253815047612,0
3eb7b0ce-523c-4e9a-b174-aae58ce492b2,0,0.10883792414557444,1
3ebb4d8a-3f49-4a9f-b963-de4cfab83423,0,0.04186467307339717,0
3ebfa2ba-0e05-4ea9-af06-8d166d716b41,0,0.046856036938094335,0
3ec3e92b-7847-45d7-b9fb-6f42ee9b3dc7,0,0.1110858368618978,1
3ec4fe69-4651-4d12-8a35-6fe009b4170f,0,0.1272166578235097,1
3ec7f0cb-5c29-4847-877b-f80eefac3e5d,0,0.05618548008944146,0
3ed08f91-3600-4c66-a384-4ea089c9b2c8,0,0.06825869881329193,0
3ed11172-8dc6-4d49-b4b1-11689916da3c,1,0.7666906950280086,1
3ed95b1d-8fd8-47d5-9070-5548f89d10fd,0,0.04346982215909011,0
3eda220f-78b3-4661-b8b3-543dba7557ea,0,0.04946668080528157,0
3edad5e6-f566-499d-b38b-2b6a029ccda1,0,0.04197730981069586,0
3edfb056-a99a-4bf1-9ade-741a46bf7331,0,0.05260890225413632,0
3ee47cfc-d6d8-47c8-b5ce-ed79a5fd99d8,0,0.042820832724201216,0
3ee4a96a-ef88-4d71-b20a-a74b10f01ce2,0,0.04701805762213675,0
3ee52c71-ebaa-4705-b7b7-1d0391770028,0,0.047314064343999124,0
3ee74fd5-86ad-4c7d-974d-15de7ea42521,0,0.04536642449569798,0
3ef9e93a-9613-455c-9161-16a09663ac31,0,0.05217028536743858,0
3efc7ae7-ba20-4111-8630-f137368b4dba,0,0.043765550113652914,0
3f075861-8979-42d9-bd8b-009e1afa6215,0,0.044552579456308444,0
3f12971b-90e7-43c2-b6c6-3b2329fbf853,0,0.04443423684667068,0
3f16ce33-d29b-4fd0-a874-18ec9da85c17,0,0.046925060993330485,0
3f1781ba-a228-4873-940c-086185279106,0,0.04463462239876483,0
3f18e015-1f9a-4851-81a4-62e9892da50f,0,0.04232366044729342,0
3f1dc3b7-72f4-4733-864a-fb6e61ca067c,0,0.07031551449432995,0
3f2ba520-c767-4e62-b3d0-a7bcd8199817,0,0.0767708797135209,0
3f312e76-4798-4431-b0e4-a20c66f873cc,0,0.04419382494089923,0
3f319a63-b768-4bba-8d3b-5be5fac3be59,0,0.05480162155525427,0
3f3397aa-f26d-42a6-a6e4-8281542f81bf,0,0.04265042518631496,0
3f3940ea-40f4-4f30-8527-e4cd8de57099,0,0.04653036333270735,0
3f457961-e875-4a02-a433-45007d49640f,0,0.04679911485730512,0
3f4d6204-f3c3-45f5-9213-6a41cca136a6,0,0.045178195396675315,0
3f4f75b4-7211-4dfb-9524-c2e440652573,0,0.04870796861164004,0
3f61b85a-06c8-449b-a6be-3ad328bfa732,0,0.042249042418704176,0
3f6825e8-8566-4815-a53e-6c0a316391ab,0,0.07915617280437248,0
3f68a873-4706-456d-a8e1-dc8325f3e56b,0,0.042876382169510924,0
3f6aef88-1f5d-4352-8879-8929529093a5,0,0.05052061790729922,0
3f72ab89-ce88-45da-9135-308923c664fb,0,0.04261040719526406,0
3f76118c-054d-4658-9340-aaeaf9be314d,0,0.04446761133919816,0
3f8966d7-459a-4ae4-a708-aed99ca944a5,1,0.06157753226863246,0
3f9e11e5-b4b9-41e1-8093-8a4c987c30bd,0,0.04107159073782464,0
3fa32cc1-893b-41e9-9190-e96f5b98d060,0,0.09503751034065898,0
3fb0f73c-7bfc-4293-8d21-b88b9b5335e9,0,0.07744332169150708,0
3fb32302-2f41-4117-88e7-4686ab1f7c75,0,0.04362122518907976,0
3fb4704b-a70d-4958-94eb-aa8c664ad554,0,0.04188992620712303,0
3fbad1f0-4205-4508-8bb8-2340df540585,0,0.043934976919041274,0
3fbb31d0-6569-4794-b7ea-d98e7f215575,0,0.046600642486909226,0
3fbbc8a4-0ce1-4716-8ad5-c3f5cbce6450,0,0.045125425390952184,0
3fbe888a-a54e-43b7-9e35-d6803fd74d2d,0,0.05280373503327828,0
3fc10b67-490d-4d1c-b35c-6bd45b99eb3c,0,0.13411797915403129,1
3fcabfec-0edb-45a9-8771-6df95c239577,0,0.05571079387844638,0
3fd5f8cc-1ea4-4eee-8d74-867077c75eef,0,0.051787870091279026,0
3fef6421-ed28-4f2a-99a3-fe1ac060e4d3,0,0.044722119969209925,0
3ff092d8-9277-4783-866c-55e906dbf537,0,0.050924472419513686,0
3ff63f20-14dc-49f3-96ad-34710c6ab543,0,0.04507918451572715,0
40045f1a-3501-4c52-a32f-ea7d5fa2fbc6,0,0.060493083737976405,0
400489b1-7acc-4805-b232-422bc5b82cbd,0,0.04565581279719939,0
4008cfb7-6fa8-4ad5-ae26-8b75e77b6b79,0,0.06666481798620327,0
400ee464-a172-4b7d-abd0-4cf86b47aa46,0,0.058186033427072986,0
4025233d-37f8-4ff7-8fae-6d0648136523,0,0.060676117191264284,0
40268376-3f27-4530-b361-9acd971c044b,0,0.044914172580538696,0
4030d328-5b27-4ae4-ba3b-03515294d993,0,0.05477271869124978,0
40392179-a0da-46fe-96bf-ab7bace06745,0,0.04610988152529212,0
40398d43-4b06-4e18-9939-8ddf3035f1b6,0,0.043650112555738155,0
403a2a8f-8e53-4002-bb08-ff64a526c282,0,0.058886002645310805,0
403d3545-0e32-4d7d-a6ef-eb75efc7be38,1,0.08078510229362658,0
404a4a56-3aac-4082-963a-839c60ed02ce,0,0.04786631381006326,0
404d07f6-0435-4303-9717-ab51c7b11ac7,1,0.14175179625014225,1
404d208f-83e2-4dd7-a21d-b957e9c949b3,0,0.04383454570480385,0
404e5b57-9e71-463a-922f-63c7f8a4f38f,0,0.04561363061144077,0
405e24c7-3f38-4d93-90b5-652f95585b93,0,0.5083229619979273,1
40667d67-8b41-4b21-a8a7-a9c129b00b8e,0,0.044533851616050196,0
406c46ed-90a4-4787-a43b-59a410c1a5fb,0,0.042807558915666455,0
406eb7c9-1c96-4d97-92c5-e231868ad111,0,0.050812424510696265,0
40850354-7d4d-49f2-a597-20a6088712d1,0,0.04497258369406845,0
4089ec9f-9d88-41be-9950-806cc3c50cf9,0,0.048925405227695916,0
409ca419-adc1-43f5-8df0-5207da90a132,0,0.053902555435343974,0
409f14ab-2d72-4d7a-a511-b162441613e1,0,0.4146303182488535,1
40abe856-9ba5-4b34-a1e4-0127dfdbf9a6,0,0.04861562916076455,0
40b08b77-a66b-426e-b04d-5408a81832bf,0,0.053307416365276424,0
40beba0e-e81f-410b-bb1d-cafc75802fb7,0,0.044248389426525876,0
40c8a691-1b62-45d0-ae18-a53ea474e929,0,0.05295705707494577,0
40cb886c-73ca-48d1-bcf4-41bbba3c2af1,0,0.04630882665094295,0
40dbbdb9-5a71-44f8-ad09-3d0fad1b3f56,0,0.05472214747663813,0
40e259bc-422c-4d11-9249-1bf013c7df87,0,0.07370367359651149,0
40ee45bc-7961-4012-8897-67bdae317cef,0,0.045348516977922644,0
40f05136-6539-42f5-90d0-3ef1996d19dc,0,0.06780235466863764,0
4100bf3f-34a7-40f6-bfa2-33180ab1f707,0,0.06198384854340968,0
410373a7-dc2b-4796-b357-1346e6d1efd5,0,0.119123049569143,1
4107604f-6359-49de-ac12-774d6fd1b601,0,0.0744848135010552,0
4107e3ab-7382-479f-8103-d1fdaf13d247,0,0.04609743199569798,0
4117ad0e-7ced-478f-96f7-eb641e7c53fd,0,0.05501147041724437,0
411a5e3d-d299-4f13-8844-e2be54c9435f,0,0.044648431586617764,0
411fdaa3-416d-47e0-acad-d2d73f7eaece,1,0.7697452309250113,1
41229e06-e1a3-4f6f-aaa1-cbcd1fa563f1,0,0.04337462163818619,0
412a7b9f-9aae-4b91-8bd4-ebdeedadf46c,0,0.04465329880021599,0
412c9215-3c77-469d-b51d-60696cb52c39,0,0.04552626293654351,0
413024f3-f3a5-407b-b2d6-05d5949f95e3,0,0.044676671843632366,0
413bf1ea-e7e0-4313-8d6e-6774fb8b9c87,0,0.05232966508645575,0
413ce704-bc54-4bb6-beb8-99492c11b8f4,0,0.05209481380722837,0
413cfe54-5168-4e8d-a2b8-e808a43fa179,0,0.046552092642337645,0
413e012d-0ac6-4e0d-b5eb-06af00967ae8,0,0.059217778461349777,0
414877e9-1af6-43df-82cd-b00b65c2fb38,0,0.04820748763140387,0
414a349a-74e9-41cf-a3d5-2881c832ef41,0,0.054877957484631396,0
414cbb7a-0ff2-4a45-816c-496010913ce8,0,0.04827517454949861,0
4150caf9-4f11-4b32-a4f2-66b35d6ec032,0,0.0469949052511985,0
4151b507-bec1-4113-9085-d5e76e6b5eab,0,0.06798160558547747,0
41539686-5ef9-432d-ae34-c1847857b3b4,0,0.04845609230416433,0
4158c952-a724-41a8-bfa5-52f615c043b1,1,0.08856416616667381,0
416e9794-c37d-412f-a363-c4e694b764de,0,0.054426625569485985,0
418116f8-52b5-4b52-9b12-afb6c0a7e73e,0,0.047678738221851716,0
4181e1ec-15b8-4f13-98b7-4dcdc3503886,0,0.056200999656144,0
41848c61-d5be-4cd0-a027-a4f3009da457,0,0.04503777048005533,0
4185243e-c658-40ed-936e-1b8f9fb5b531,0,0.04231924685459083,0
41999477-3ec5-4bc1-ae3c-3ca531846f85,0,0.053721956858813126,0
419d3109-5400-4f83-99b2-56948f3b105d,0,0.04401068682346057,0
419d3bdf-088c-4f1e-814e-b855440043bc,1,0.07869924766487281,0
419eb89c-d9a1-4407-acf1-06542656879e,0,0.04361739376958171,0
41a2e185-ce0e-4e20-8b50-05d5a0584199,0,0.046978582106072725,0
41a2ff77-d90e-4474-be0a-32b3cb0c6c2a,0,0.13885084037343687,1
41a5fa34-bd12-473d-8a32-b03507ea6b81,1,0.06284697828379804,0
41aee9e7-db04-4a83-91db-e49e141b85d7,0,0.04299312097071557,0
41b87e9d-75a5-4e5d-adcf-bf3e1f94862e,0,0.04567764064685695,0
41b9d9a0-80a8-4065-ab99-06cf12e75fd3,0,0.0451309297079981,0
41c728dd-bdf5-46a5-ae6c-6ac72c014578,0,0.053192781663231235,0
41c971a4-f852-48a0-ab61-2fa62d764b2d,0,0.04989830869869279,0
41e1096a-2922-42e3-b1bb-0117e57ddddb,0,0.3092694882572912,1
41e13206-7783-4cea-9b6a-e11908c0860b,1,0.07640442920166746,0
41edcbe8-22cd-4649-b24a-0809b08413ce,0,0.04838230068934587,0
41f0386e-634f-4d31-99a1-d2d5de37595f,0,0.0652404252669642,0
41fa11cb-fb3b-4ee2-a626-34a9b669adf8,0,0.04318870881602638,0
41fbb210-93e8-4823-bb78-d6dee4340d45,0,0.08043170802909266,0
420c47e6-ea24-485f-9b28-45a215502587,0,0.046127234808947815,0
420f1dc9-812f-4ddc-a9fa-9fbbf1128bd0,0,0.044747246277006235,0
4224fa1f-16e9-4711-af44-3f77800ac47e,0,0.04547186789791906,0
422b3d3e-f525-4d1e-8af9-b275187eedf2,0,0.04794493778972972,0
422db868-46ab-4951-8c66-db4f5974c988,0,0.055658789119125335,0
42343cc1-4a5a-4c16-846a-1d4983b98d9c,0,0.054682074636276695,0
423cbf34-b4d4-4e9f-b55f-c2af1f8926d5,0,0.04297400537990791,0
4240f703-14ec-4bd5-9584-c5d555d0cd37,0,0.046507293509875626,0
424556be-401a-4f37-9126-13c56eda1b5d,0,0.0448348859571161,0
424c948e-3d59-4265-806b-a7bb0f1dd49c,0,0.04263893873589122,0
424dbf9f-4407-4570-b620-f0d4b9645096,0,0.06681212555693472,0
4250fea3-2c25-4ec5-8199-315b72562f8e,1,0.05522698477947722,0
4253b521-b20f-4f27-ad93-b6f7a9008728,1,0.9009957597617654,1
42545121-18bc-4aec-bc92-abb592dfb217,0,0.05035654958780842,0
4263d574-0b40-416e-a53b-5203bb09a47c,0,0.04628793694728067,0
42651939-7a18-4c5e-8557-be1f20e3c7ec,0,0.04168370486535117,0
4274f67b-fa5b-408f-8787-91c430ed0a01,0,0.044285036515226285,0
4277b9f2-7e7d-40db-b0b8-2d56a4d8099f,0,0.046547464389533826,0
42813800-e9a1-414f-a9af-1880ccc612ee,0,0.044743115074604926,0
42838203-461a-417b-932b-0d76568c2292,0,0.05417823729895861,0
4284ecf6-9477-475f-953a-e10841748119,0,0.04579434097017099,0
4289af24-bde7-44d9-acc7-671d5213d093,0,0.07107492466030273,0
428aac10-91bf-49be-ae75-600d3daa8582,0,0.06392421185601588,0
42912d72-d9e6-4373-8268-06da033cb3fb,0,0.04552974425415185,0
42934145-e2c6-4500-8ed3-34b9e9ef7119,0,0.0430637178006181,0
4293bc37-27d2-422a-8851-ce002b4d93fd,1,0.845398899470272,1
429bfede-7fdb-4a6c-822d-269e6168c01c,0,0.04919941003813235,0
42ae575d-3316-4b2d-98cd-ae60756542c3,0,0.04494891820912918,0
42af620c-92f1-44a1-a7ac-e6da18c1b6d3,0,0.04442474696958138,0
42b00054-02d2-47b2-9b15-a067736b23df,0,0.046307324650352394,0
42b157e6-f562-4aa3-8569-87a17296f089,0,0.04515062252960052,0
42c37d74-4e41-4ec9-aa85-2687f12475b7,0,0.043851879964295196,0
42daeb40-9ccd-4ffd-99ef-85af823f6390,1,0.05763774237698341,0
42ecd87f-50c8-4d00-9b52-5b7bdbd05f37,0,0.3095108759484079,1
42fa036d-bb0d-4c0b-bde4-3e6509d7b91c,0,0.05020023349195998,0
431110a9-6a05-4933-865f-c468a6937204,0,0.14909978836516172,1
43113b0d-e056-4b12-8d0d-804ae1a3851a,0,0.06513805156724715,0
4312ec52-14bf-4478-a9cf-32801fe327f7,0,0.04654383190438555,0
431ff96d-0282-4ba5-b97d-f075c56d650b,0,0.04339018796508137,0
43282ba6-831b-49e8-8c7e-c3ce451d8b76,0,0.055653688888825374,0
43319b05-ba65-4ec7-b6c1-1079cb8156fc,0,0.04202117795200181,0
433308eb-cefe-48f0-b4c3-84afd7ada83c,0,0.04516040762842336,0
43389278-38cf-4f8c-9771-febc20afb592,0,0.04326856035509135,0
433908eb-84db-4e65-9aa4-cc35e24dc95c,0,0.0483055011010959,0
433a5c51-3bb4-4745-a760-675bd8a34e5b,0,0.04298964504732078,0
434141a1-bd9e-413a-8a89-bf3c3ddcc271,0,0.05033470401540602,0
43478adf-fa99-4630-8677-08701d8b8778,0,0.07144205265837358,0
434adb8f-38b4-403c-8409-5971c9ab4eb9,0,0.048157121651121584,0
434e48bb-0ab8-451f-a4f3-ca4a8e9539c4,0,0.05012374805941826,0
434f148f-e292-4023-80d6-f9629566efe2,1,0.24506013227968207,1
435458cb-bc62-48a3-b24c-db83173fe555,0,0.06166652934805027,0
435b60e3-f618-4b58-9aa9-7b73127f8232,0,0.0437507978768739,0
43726d81-142c-42aa-84cf-90c3282441f9,0,0.046065057551978164,0
437511f7-ecb4-4e0e-ba1f-17413eb7e4f9,0,0.047676855274993026,0
437630ad-8728-4fd7-9179-5131947724e8,0,0.043081151613482804,0
438bc1c0-97a7-4f89-95a3-e27b808558af,0,0.05655503490669373,0
438e8c1c-a2b4-4888-affe-78a89bdf69f7,1,0.8833362548920564,1
4392d10d-699c-403e-a70a-b7bd95c064e1,0,0.04135945094728427,0
43971586-6659-4726-ab29-1c8c0dc52cca,0,0.04766980278091632,0
43acdbcf-0ff9-4b79-a6bb-9b9a267b4482,1,0.07161852364516194,0
43ad6a7f-6fec-4dd2-ba94-f7062ee3830c,0,0.04550701543303347,0
43b24647-4791-4675-a03a-5373afeeb345,0,0.04731439756760072,0
43c4abd6-c0ba-4417-85fa-375e3764a070,0,0.054624479420177605,0
43ca5d06-b402-4450-b84c-6315f6a1d6c4,0,0.04666283889931148,0
43cda3d9-5fbf-4846-8369-ab000fc47c2f,1,0.7306122540682712,1
43d248bc-6651-4c8f-83f3-ded4900b9113,0,0.05177255314344193,0
43dd0369-0606-44b5-90c9-ea92ee5de385,0,0.0527359426134592,0
43dd40ca-2d6d-43b1-a38a-b479c27dc979,0,0.05303659198540204,0
43dfa83b-40e4-4d37-8a3f-a230f899af8a,0,0.045199380944502765,0
43e4a827-e205-4e33-9e8f-2cb073422cb3,0,0.04521713034687936,0
43ea07ac-85a6-46cc-b3fc-a213c52a8752,0,0.05123418142399173,0
43fc352c-7549-43d1-8367-8a6dbd5378eb,1,0.06610034297453443,0
43fd0142-fe4f-4b7b-9eb4-bbafeb3da1bd,0,0.055037491640140115,0
4405023d-fcda-48cb-a845-e6196bd55e94,0,0.04927119869558608,0
44116ef9-ef52-4615-99f5-584327f8688c,0,0.052002858377810164,0
4417e87a-cc0b-45cf-aeb2-2229ade98e85,0,0.048373408494219755,0
44251e60-d41e-4779-aeec-06d46c00ce63,0,0.15279620861604704,1
44253ccf-f9f9-4668-8eaf-0daffd05ccc4,0,0.06847943304755959,0
44330bc6-4d56-40ea-a821-80010639b770,0,0.0504612726568028,0
44353949-692e-44ad-95c5-cad7bfadd6a3,0,0.051816349292248286,0
4442d076-8581-4de6-9ff4-ddf2b7b194d9,0,0.10011155975922961,1
4446bd85-ea01-45af-8e0e-2c31193f098f,0,0.06152360610956547,0
44473d1d-833b-4368-9318-a595876fc6d6,0,0.04700830723766754,0
4449bc68-d6a2-407b-91ae-b21014b8b1db,0,0.04507092082327029,0
4449c2e6-c70d-4dc2-a26c-0ec361021ce1,0,0.04510267376943465,0
444f70b0-709e-4e79-bdfd-27c6997e232e,0,0.04690800500163365,0
4450e545-8814-4def-addd-7e4ab199a289,0,0.049489493497359344,0
4455de20-7043-4937-b909-d41cbdbd8caf,0,0.05307476814772052,0
44588fb3-ea09-49d0-98f4-0cafd779aafe,0,0.0606063278582005,0
4459ff6c-758c-49cf-a410-92ac8bc332ab,0,0.053616279728868864,0
445de39e-7173-4d8a-b348-6343d31f250d,0,0.04252497563560802,0
44611ffd-c3cc-40f8-8bb1-149cedbaa9a2,0,0.06351594081231261,0
4462385d-e313-4510-9c14-57e8d01b5290,0,0.044904721120008,0
4464a214-524e-4357-8663-13faa6f9ef1d,0,0.05631522210377938,0
4467a3f4-3161-4231-8e85-3482b5482e02,0,0.048752865866481324,0
44730239-3dc1-4878-a0d0-b8f31053d673,0,0.05197015032334092,0
447e95d9-b66d-40e4-ac20-db3801f2bbc7,0,0.043908257916777826,0
44800795-20e6-4588-8628-dd25a24fc7f6,0,0.04275425141436784,0
44838ca7-963d-442f-a25b-a0cc948a5415,0,0.04470953638258131,0
4486a51d-9ae8-4d94-bae8-ff4392e190d8,1,0.8532191217834584,1
4486a9e0-a3ca-4464-9713-9eac5992a4c3,0,0.06199261865389099,0
44978cb0-0694-4c2a-9b40-c8c2baf61995,0,0.05949710479895795,0
44a61008-80ca-457c-abc8-f0a837b5b5ad,0,0.05218811424573068,0
44c0a5f1-6cec-4eb7-866e-87bbad74d4e1,0,0.04273063128605111,0
44c56a95-07b2-4168-b46a-ee86b2982f3f,0,0.04676798296935396,0
44cbf69f-aa61-4c97-b9b0-d0a6327dde06,0,0.04908342733008635,0
44d06ba0-d79d-485e-9cc0-0643ef8471ad,0,0.0656354983029482,0
44d7e76c-1e40-41a2-9a38-bbe3e42cbd96,0,0.06959675640040955,0
44d988a4-fb4d-4e46-b718-1336c6a08381,0,0.04971470138339017,0
44da220e-052a-4eb7-9a4b-fd3379f0c486,0,0.04229150882282801,0
44db0afa-3e32-448d-a372-5664374799fd,1,0.1261603242146164,1
44dd8d4a-5fa0-44a8-9729-4720cb8cc98f,0,0.05839958593322309,0
44df86c3-74f2-415e-b674-2db5a4f7e9a7,0,0.04524572606579533,0
44e4bb30-03d9-4ac9-9961-4d6070645230,0,0.05109327029186319,0
44e4de05-336e-4893-b2fd-88ac3d17af1b,0,0.043932782186883304,0
44e55c18-e346-47c2-9fef-7c15793a3053,0,0.24543331572165472,1
44e74892-9d7c-47d5-b3d5-141f7a68f75c,0,0.05199130219793472,0
44ee9f42-bf0a-4c0c-b12c-ddcf911fa9e5,0,0.04739404546144055,0
44f2da1f-40cb-43d6-86a7-aade26e22476,0,0.0483996715406155,0
44fb352b-f2ed-4b36-adf6-83aee4feae2d,0,0.041854292494313466,0
44fb3764-af38-4490-84af-23f5584fa69e,1,0.6636167334538586,1
4512ad74-76d5-4cd6-8832-8bbb17dd01f7,0,0.04506578290093647,0
452323bb-cca7-4ac0-bc00-d3300d349313,0,0.049902997493102896,0
45241031-822a-4b7c-83a7-0c4d808b10e0,0,0.04222552535366811,0
45263c74-9125-41e6-9420-da1f58ffc917,1,0.15692022891285703,1
452afb4b-dcdd-4c06-94a8-61f215518a6c,0,0.051963180041615466,0
452c0cbc-7da7-4646-a516-08d216a1351c,0,0.05466773404969031,0
453258f3-dbde-49e2-b8b1-4bcaddaff489,0,0.04278690650987699,0
45335983-0abd-467a-9342-67bd684b8630,0,0.050196950234895434,0
4536b42e-ddfb-4a7b-8800-f24da44e498b,0,0.04274083441731827,0
453fc8ee-375c-4fab-b2a3-0e6428e56978,0,0.043796102335470856,0
45402b30-1d74-43b7-9590-b36c5556e125,0,0.06079811786129734,0
45441915-32c7-403d-9a80-b782a7594cc7,0,0.051577104039135256,0
454499e8-84d3-4f30-86a7-fc1a1f3cf4a6,1,0.06731607667296981,0
45487121-c6b6-4ad6-948d-f5ce0d78009c,0,0.05583387648596432,0
45490cce-4dc3-43f3-b91b-6f218cdce462,0,0.043096378322357326,0
454a1db0-ef21-430b-a91c-2fd5263787fd,0,0.04470067537033536,0
454e2670-e05c-4b35-8ad5-18b0715c76aa,0,0.04515898120273484,0
4556a1d4-d890-4546-aa66-4ba0a6962633,0,0.048903206850000415,0
455d9252-691e-471e-a1dc-3c0eedb61e71,0,0.046887695732736,0
455e4410-e6f7-4d91-9809-2b25a1d29980,0,0.052396506971532836,0
455f225e-325a-4dff-9bae-874972b97e4c,0,0.05392082997753887,0
4562ee40-3588-44eb-b0cb-322845ccd088,0,0.048250551157029,0
45674244-6b95-44cb-a4ad-ccd7f90199de,0,0.04777303782278553,0
456a01b0-3f2e-4112-81da-9019d3581175,0,0.045258970032227466,0
456a228d-0d63-4230-9b1d-9e197e31aa59,1,0.058601226665914476,0
456b95b8-2297-47a8-9632-e9e8338f0a01,0,0.04304899615258932,0
456d48fa-b2c2-4759-b7f3-cdc0b32a152d,0,0.04733904257298807,0
456e2633-0585-4367-b3f4-778084c3cafa,0,0.042981011823435854,0
45734c83-3a4e-4223-b1d3-050895c115bd,0,0.04307012949270034,0
457c3af5-2939-4520-a7db-bd5abb2a4f32,0,0.04368903882627692,0
457ec27a-3a9a-42be-84ae-9a611a25438b,0,0.051535140912940654,0
457f289f-5316-4549-9ab7-5996497d8ce8,0,0.054194819292025145,0
457fc944-fb3d-4a34-bdb6-6ac036d4bec4,0,0.044463180679620296,0
45811781-fe6f-403d-be95-7c4535c29137,0,0.04463372192448949,0
459ad787-528e-4b14-b91e-972d3e1b4804,0,0.05579088550957559,0
45a47280-934f-4e97-ad53-4405ca4bfa03,0,0.06819109734623913,0
45a7d27a-66c9-4b17-b8b9-e9a446096a55,0,0.051152965520929565,0
45a8b9df-2c65-4ef5-a27b-2d828dbdcb54,0,0.10442636426812062,1
45a9cb16-5ccc-4044-b26e-a5541c28508d,0,0.04208575623430318,0
45b6c47b-68bf-4ec0-8474-976cd5d68758,0,0.060349443283586775,0
45bc5594-989f-4f89-9b63-cb7c81d3856d,0,0.07887332000991108,0
45c2ae44-79b2-4c5a-b366-6518542d56c0,0,0.09806474913751738,0
45c3980e-a99e-4dcc-a9ac-c01de3defe02,0,0.12401777034047068,1
45c4e4d6-0706-4a78-9368-1457a3a98fa8,0,0.04304905806803157,0
45c85d72-90ae-4e31-a7e8-59658636d9cc,1,0.06654433508755314,0
45dca995-1fe2-4232-a555-7b892a88529a,1,0.0702944606187808,0
45dd9e6b-28cd-4a3a-bc98-bfb79927fc04,0,0.05586979833983751,0
45e1e224-4688-45ff-8564-ecd9fa82ba29,0,0.04418525026665413,0
45e565d8-c33e-4329-9b5f-16df81b8a0ec,0,0.04795549489561264,0
45ecee88-94a7-4e41-92ec-99a0720d1fea,0,0.04599954713748511,0
45f2597d-dfa4-42d3-89b5-5601412369f1,0,0.08513944610365486,0
45f3212b-9b0b-4b13-b7c8-1f9303921e67,0,0.044818540905368985,0
45f48f9d-c7ef-4c67-8460-704d45d8b4f4,0,0.04401335990010209,0
45fb07ad-e659-42d0-a1d5-3793ae6faf90,0,0.05086839069135123,0
4602a429-69e6-4fc9-8c33-bb8c23c9a941,0,0.05907160188064898,0
46040f83-7996-4581-ada2-63e09c9b6563,0,0.3474256936835237,1
4608e0db-20fa-436e-b7c6-e46cc81d879d,0,0.042640205868984773,0
460a3954-87c8-4192-a671-37500ad9728a,0,0.04343180368194177,0
460e7052-2732-4c1f-9e4a-458cd6676110,0,0.044876551852955755,0
4612fe56-5293-479f-bdbc-2fca957533d7,1,0.6135913633313903,1
461403a8-5358-44ed-926a-9db127e73376,0,0.044672594100121525,0
46238f3b-a2d3-469b-9dcc-432970aa138b,0,0.045788630826869216,0
4626a49f-d890-414e-b482-902667a2bdad,0,0.04964688822372455,0
462730c6-7ba8-4cda-9e60-98f3865416f8,0,0.05785715644343269,0
462e8b9c-71fb-4823-8283-bd08c4218fd3,0,0.04647632457780123,0
462fffc1-0ccc-4d68-b3fa-dbc933c3d2ac,0,0.05470702304780931,0
46337f55-4e2a-4cf0-a9ee-f97f088d25e8,0,0.04537521747248101,0
463ae020-20a4-4634-8f31-3b8b4e5ac24e,0,0.04875142576553387,0
4652dea0-b6a0-4dd7-8a0d-8c1323e4d461,1,0.07047242539058153,0
46572f2a-3cda-4cb8-a9d8-df6664a2048f,0,0.05625773331498142,0
465d543d-8011-4cdb-a213-9953a4ec31ad,0,0.06299999257042403,0
465eef57-37b2-4ab1-b8ed-0f5315d55fb6,1,0.049830386594823216,0
466044c6-e462-466c-9136-cf87376dfad6,0,0.05467284652029391,0
46609bf0-fa8b-4c1a-bda7-eb317bcef67a,0,0.05996233572979252,0
4665ec92-5c30-4a34-bb51-0438419d24ba,0,0.05868601939589013,0
46698aca-4b21-4ceb-816e-3305afbfc8e3,0,0.044842270734799655,0
466d0ac6-fdff-485c-9e52-81bfa30dbdab,0,0.06589107469246004,0
46712a13-11df-4528-b314-584c28aadf89,0,0.04856911565669829,0
4687f3b1-6edb-415b-a6f6-f5727e04435b,0,0.07209728872230582,0
468fe4fc-715c-4e19-9ffc-8acaa5aa005c,0,0.046273359242976486,0
4691c261-095a-4a37-abef-4779a5e1fb2f,0,0.5625174042989898,1
4691d4c6-4ca2-47a5-a5e5-4e2aa5d5cb03,0,0.09462954557800682,0
4696e556-8c8d-45aa-93a8-74d2fee26fa8,0,0.049289357614742645,0
46a4e77b-c6af-4dce-9651-30fa61a9fbfb,0,0.04459768263122125,0
46a51387-f844-42ec-a9cf-d784cdef2ad4,0,0.04529729507081075,0
46ad5294-f6b7-4ba0-a76c-dc45772457ee,0,0.043279891541605615,0
46b92e45-4627-48b1-9ac8-1d0946d7076e,0,0.04271465095592267,0
46cbcb9d-8261-4c4b-a7e2-b5c6c2122e4b,0,0.044275566638144845,0
46ce6fc3-465c-45ea-95f5-645a54cf6c89,0,0.05647229639538814,0
46d09600-75ee-42d9-ade9-5eed46c44036,1,0.06605203552580743,0
46d9f640-f15e-4091-b94f-67d630987665,0,0.04587600167363929,0
46dc494f-a7a6-4164-aa84-fbe9ff614c0b,0,0.04491242224455976,0
46ef7abb-6073-4275-b8a9-81071ab61f4a,0,0.050183092656258,0
46f44ee6-654b-473d-a49a-75721d07c6ef,0,0.06693558728252899,0
46f58469-0fa3-44fb-aafe-c7c815ec0759,0,0.2805801806159242,1
4707bf96-9d69-46f9-9597-e7abe11a7adb,0,0.30196096570677505,1
47138670-6c8b-4e6e-940f-c3defb78b41e,0,0.04754975588926695,0
47160cc4-1935-4807-9e48-dbb6d05b43dc,0,0.04312094992061712,0
4718c88d-1892-4a5f-931a-f61ad7a20459,0,0.05343643072503618,0
471c3052-f5c6-44a9-80f1-b649d016f91a,0,0.04506195144032348,0
471de1c5-16a2-4f1b-a448-a1e96095f5ca,0,0.10003417700278046,1
4733db20-8db9-466d-9900-f297e1665ce1,0,0.09858381519511632,0
4737b7aa-83f7-4899-86e0-2d53b2ddbffc,0,0.06623579718289924,0
4737ec64-8c87-4c3b-bd02-a1df36c28829,0,0.05226847055376887,0
4744180a-0c8e-44cd-bce3-930e01bb61c2,0,0.0935673334534118,0
4744c1ab-a8df-4291-8849-bab3737c88ed,0,0.04824103342688854,0
4746db6a-5d6f-4f5e-8fe3-bdf8286b3fb4,0,0.05767207840954105,0
474b401b-d0e0-4690-98c2-beae607499e7,1,0.08828517274751406,0
474d16f7-57cb-41d0-a7f7-a4504d35a6fd,0,0.04692845689737873,0
474d181c-bdb3-4cce-8c83-fabc9604612d,0,0.042074871650764484,0
474f6173-99c6-41b0-a6f4-0779d9f81727,0,0.043913400762000065,0
4752d505-ca8d-4257-a2e7-8a490914b1c4,0,0.11349788538287006,1
4754b7c1-4dde-470c-9346-803315b46278,0,0.042374577068407054,0
4754e4ab-813a-44ea-94b4-5760e449dc8d,0,0.041221882757862746,0
47557eee-719b-432f-979c-c2ff3bf1d991,0,0.0471783922670811,0
4758b7a9-a43d-4fd8-b9c0-6f9f703d09c7,0,0.04392726444915996,0
475b92be-81cc-447a-a9fa-d99070a43587,0,0.04833282288129592,0
475ca1eb-78aa-4ee3-91a0-168c3fa0fc90,0,0.05097285997495905,0
4760094e-e94c-4846-8516-44aacfdc43e3,0,0.05153796355057623,0
47650c16-4650-48d4-8483-7ea4f77dc868,0,0.3080018956901549,1
476c585a-969d-4f5f-8c24-138bd7121dcb,0,0.04603438672905674,0
47873c34-5cd6-4bcf-ac1d-6e5228f8eee0,0,0.05233199161316168,0
47935c14-013d-4810-bd26-7243f26f2a17,0,0.05048183907535065,0
479f5a9f-a6df-4ce4-b663-b4df86cd0fd3,0,0.043953600584483714,0
47a19004-4ca2-4ce1-920d-40e3e061c48a,0,0.04478587629576436,0
47bdcd56-2d1d-49ae-9735-881b4e2ff103,0,0.06216629818473736,0
47bef1f1-6e49-4251-8989-28481639d7e0,0,0.05284389196938566,0
47c2dc23-d0fe-41f2-a088-b1606ccacfa1,1,0.07956324546068451,0
47d4f274-8373-401f-8954-9f571e4b9ae5,0,0.0462184424227654,0
47d519a8-102e-47b7-80db-df049ac57a2b,0,0.044902576166900146,0
47d56883-ba42-41fc-9abf-0812310945bf,0,0.05019894115360937,0
47e23ce0-5f6e-41c3-81d1-23d12adc676b,0,0.044495277860574244,0
47e4f051-669a-4d80-b00e-b56be0269d35,0,0.043026565140135475,0
47e5f25d-6226-4c35-b069-b1a3ad1ad307,0,0.047325665501896014,0
47fa7c49-c0a7-4c29-9023-1f5cb82f1c9a,0,0.05490097034323288,0
47fab76d-66b0-488c-994a-50bfd3aeb5b2,0,0.04345066768099076,0
47fe08fc-c3da-4436-a58f-dd53d4b6b68e,0,0.054882455578500924,0
48002eec-0b90-4219-a98d-cfc3d0241a92,0,0.05020577211609972,0
480d1773-cbd8-4abb-ba83-0e85231910a1,0,0.05533479930809444,0
481e84ca-e73e-461e-ba20-f4b15ef59812,0,0.042349702371695656,0
4827b46f-255a-44af-b708-1a67ef268159,0,0.052022284587480004,0
482f32db-98b8-436c-8c0e-ce39d2cc7105,0,0.04178670432180855,0
4831a648-bae1-4aaf-84fa-749244e75119,0,0.058302913817475675,0
4836356f-4db1-4c92-8e83-8606c7e68b91,0,0.05374640936766358,0
483ce99a-a13c-4945-9e1e-2fa0a41d9b54,0,0.05215367160316853,0
4849192b-c0d3-4b3f-8d76-21f0908a5222,0,0.055213077041105875,0
484fd7a6-26f1-4c66-87a7-052758b1f2a2,0,0.04288975812950112,0
4851bf9f-cd28-4a16-ae07-9ec77bdc7ba5,0,0.054110572236987016,0
485a0e53-f3bc-4bfc-a5f7-cf197ab389f6,0,0.06749145886440223,0
48607bb6-afee-4d75-9440-931a1b998f51,0,0.05566280965395949,0
486519e3-be96-4a69-8dff-fe6cb2887a69,1,0.8498502665290352,1
486c9c9c-2064-4593-821d-6c780b154cfc,0,0.054913779388221534,0
486da53b-c412-4032-9f26-461c7f13c60d,0,0.04220080099572485,0
486f6a6e-3b2e-4a5b-80ac-735a8e9c0b39,0,0.05519668195210138,0
48737173-0674-48be-8c82-0ee8e4860179,0,0.05091631304759088,0
48770bec-d509-4321-8e7d-753ddc8bf7c4,0,0.046828491145676214,0
487a8b3a-ac0d-4ac9-b22d-9e9e3c7fb9f0,0,0.05807280384032696,0
487b5ba5-ef6b-42d9-bfc1-6aa6b25193ab,0,0.05356005482959329,0
487b8b84-f8b0-418d-b320-ef3f61ecf19a,0,0.052799156234096735,0
4880967e-0e1f-456c-b261-39236c2fda7d,0,0.07210967240081104,0
48840d3e-02cb-4567-ac11-76382cb4315d,0,0.05092413871261498,0
48885852-636e-41cc-a04e-81ddbc401422,1,0.10572147439315395,1
488dee6e-26a3-4486-a580-4251197474af,1,0.10206344492636317,1
4892ba40-139d-45e5-a80d-ef4bf7fa4361,0,0.04467891915339258,0
489b21b7-1bd0-4abc-b6e9-32c785c2ca23,0,0.042466031344346705,0
489dee43-fb74-4326-b640-d5537f670a2e,0,0.2158041961594041,1
48a122be-55c6-439d-8d03-641c4d8c9ff0,0,0.05110224190325847,0
48a24f65-b8e9-40c2-b8d5-65630ce4444f,0,0.20035027247707948,1
48a5cef6-3bf1-4c7c-86a0-ab3c8b336914,0,0.042570236643012134,0
48aa54e1-4c2c-4efb-a1d4-f8b085ca9361,0,0.043254916014170655,0
48b06880-9540-41a2-a697-c0b9b25fb905,1,0.06376903700190802,0
48b20b94-54d4-4fae-b03d-8c52497acf6e,0,0.05034721192221781,0
48b81149-dc35-4aa4-8a3f-4ada9835a99a,0,0.06151622464398291,0
48b82ebf-9456-4a96-8c97-4ed095b77ca6,0,0.10414264600806859,1
48ba9ad2-bec1-4432-8ad7-5cebcd1f7692,0,0.04433527879787243,0
48bb8805-9f27-42ea-a776-1b05ab3ba401,0,0.0475010196244149,0
48c1a59d-f785-450a-9799-969a9e9950fe,0,0.042576136598087434,0
48c7d6fe-eeba-4fdf-8b5a-9c3a302031ac,0,0.04663363255529976,0
48ced8c2-5a50-4177-af3d-ee4ed925c0a0,0,0.054481250132899534,0
48d1a7ce-e14e-4401-99d3-d0609ddef13e,1,0.07075101430068462,0
48d5759f-8850-4ce1-912f-f4ed8fdfe912,0,0.046669301111287864,0
48ec9562-c928-4833-bb77-dcf7f84581da,0,0.0427926571598842,0
48ef5b8a-dd86-4918-85df-6ef76ff29def,0,0.34244645476289287,1
48f2080e-a9ba-41fc-a336-7e47b043e622,0,0.11776170062968484,1
48f4536f-e8ba-4eb3-a0e5-2a3597ecfd1f,1,0.7584816860786772,1
48f45d23-0d38-4089-922a-1a01552526a3,0,0.06076027783729561,0
48f52864-2de3-4670-94b8-87346ff1c30f,0,0.05127195452182234,0
48fd3c86-0a38-4357-af50-8682ce4e34ac,0,0.04697595636318167,0
48fe15c5-cf78-4c2c-a349-021c561c94df,0,0.0466323233545258,0
4903b841-0514-4bef-a980-062338da0b0b,0,0.04661464364580068,0
49166e4b-eb88-4fbe-905f-461a8bea5a9a,0,0.042944183754712525,0
49240f43-63cc-470f-a3fe-0cd32fbd218f,0,0.04976948948176873,0
49243227-34cc-4c75-bdb4-45e5454df2fd,0,0.041229870301265334,0
49297809-911f-4866-a4c1-39083702489d,0,0.04705798301985146,0
492e799d-1c76-44f0-ab28-629735e5ed0b,1,0.6352774133405105,1
493122bb-2fa5-4d8d-9a18-9fe0268bdfa4,0,0.0487533798193111,0
493bfd65-4b1c-45d2-9789-2fd374bfe05a,0,0.0531490343798274,0
49461b1f-fc05-4fa0-8225-d4a4abb5d22a,0,0.18700865544133238,1
49470c03-66d9-4770-b523-abfb387d5b7a,1,0.8149794176815722,1
4949941b-6e6d-425e-8d36-25e05de5f575,1,0.04923835015215318,0
494d5a85-9e61-da16-5b08-80ac61612226,0,0.04611167795475953,0
4967ee76-14a5-4c28-b2d5-ca105225b853,0,0.045602072499725005,0
49680725-19a5-4d49-84a9-e76040a70790,0,0.04525640493092604,0
496bfe49-8b00-45fe-89cf-a25691330ff2,0,0.04283685748338955,0
496dd3cd-df37-46e9-b921-71da78a4c21e,1,0.0756151966225675,0
4971f845-866f-456a-9bb2-725e60efc1d2,0,0.046694030425140566,0
49744b9b-279e-4687-8e09-1e18e01cb3ce,0,0.043680317220985,0
4975e293-e3bb-4cb4-9263-642a9a7e430c,0,0.048769731436836404,0
49785328-f987-4677-9cd8-b30565f8fe62,0,0.052502620347191796,0
497b2ad5-64da-416c-916e-23e703a322ac,0,0.044000378420409866,0
497c966a-0d2d-480c-8c01-c4f52c3c5238,0,0.043327675839482854,0
49934d10-7927-42b5-a47b-14f8b26fb6fe,0,0.043693065261115716,0
49a3101a-3a9c-4017-abf8-017660bb7df8,0,0.11309898144278656,1
49aa902e-91d8-4654-ae20-f1e4ef068515,0,0.05220581536339019,0
49ad61e6-2fa7-4911-a930-c8285fa753fe,0,0.05302284695736869,0
49aec0f2-4ffe-450d-8983-23ae3eef8663,0,0.056738508715832435,0
49b1075e-a669-4a6d-ae61-c0371d6ef413,0,0.04411737191874828,0
49b622e1-66a5-4db1-9b1c-bfc24b0f3a43,0,0.05072041839381452,0
49ccffb3-f2a2-4635-98ee-c7e858007697,0,0.05076439653323098,0
49d1433c-e096-4582-8104-a29fb8ca3dcb,0,0.08060137615931383,0
49f0480f-c7b8-4ffc-a80c-d6974f4f08db,0,0.09092631594620605,0
49f58957-14b7-4d36-be7d-2b3ff2666c65,0,0.04522800390178778,0
49f8bde7-71ea-4d7a-9e05-f0b7b8fde572,0,0.0425250877578484,0
49ff4b1a-705e-41ad-a8f4-6f905ff2f40f,0,0.043728101841823894,0
4a081f54-f9f4-463f-81da-3aec3541e21c,0,0.046779340516340494,0
4a0c59da-7cb6-493d-a213-9060d1565bfc,1,0.15767962073237243,1
4a1009c4-dd47-4dab-aaea-b0da1215761e,0,0.04991773283196444,0
4a10c507-21ca-4f26-8414-ec364770607b,0,0.09359233924171391,0
4a2d473c-506c-44a1-8547-365a71d1e238,0,0.049403265443516725,0
4a35be70-22fe-4602-8f3b-98bb163dca03,0,0.04849782999068527,0
4a37eff7-0c0c-4c32-9ac0-4466ec84adb3,0,0.0548221424562448,0
4a386e20-8980-4535-b201-439b962d7286,0,0.04497238852985349,0
4a3b66cb-b925-446f-b3e0-ce3724c858e1,0,0.0678477170687214,0
4a4231bf-2ed6-4b5a-82eb-b0a53c9f8187,0,0.05012374849485231,0
4a4cb00e-a1a5-4647-b1b5-a6fc43513ed9,0,0.04485087846417654,0
4a50b3b4-c54f-4da0-84c6-06453ab9743a,0,0.05040140302066996,0
4a517d19-afef-4d2b-90fd-bb6e8bd26248,0,0.047780924825595275,0
4a52a36c-11d2-424a-80c9-84da1ca959c2,0,0.04770431043233216,0
4a56c8e4-2c41-430e-882f-7837f062b658,0,0.045301706052146985,0
4a6241b2-ae63-47af-9a73-0fece5292e20,0,0.09191267944357631,0
4a650e0e-2ddf-4a3e-813c-4676f9638057,0,0.051991960242047754,0
4a730b8e-23c5-4a70-b9c7-39b5e580f0f8,0,0.04455021090470877,0
4a757f40-aa99-4ddf-85c1-d59323a6da7d,0,0.05301330726465861,0
4a759a39-46c3-438c-bf4f-b09a58e2ccfa,0,0.04639264283682188,0
4a7e4ff0-f6ed-47e3-92e5-1105e1bc8e9e,0,0.04494455574431436,0
4a82fd33-816d-4e7c-b652-b1bf91cf6fbb,0,0.04246191821812704,0
4a86b7ee-576f-4196-a892-5978dceeff68,0,0.1317185150089387,1
4a8a9757-273b-4f70-bf5d-1c5edd706c17,0,0.06574444486672165,0
4a8d6a35-24f0-4a49-bcfe-c57fe1f3ce7a,0,0.06258008076890172,0
4a8f4fc7-9c8f-4beb-a348-0b69093c6d2d,0,0.05833554228676527,0
4a901964-934c-4f96-8339-3ba0fe59b30d,0,0.04197743698311592,0
4a936ce3-9fa9-486d-84fe-8fb7bc3594c3,0,0.05125499448259221,0
4a94a403-4e6a-4b5d-b96b-c387a12c5139,0,0.041699060761447186,0
4a964e3a-e3c4-4181-8ff9-5b5ae6393f67,0,0.053541691604181756,0
4a9b8352-a629-43eb-ac33-9c05b06aa8a0,0,0.10814504499791293,1
4a9d4299-d8fe-476e-98e9-826bd3d8875a,0,0.05144484960884232,0
4aa96b78-3cf1-4672-887b-cb75311efb5d,0,0.05632828571873364,0
4ab08ce9-b342-4c5b-a6e1-44bb03181678,0,0.04407592186129697,0
4ab098d5-015a-4906-a452-210e2290c5ac,0,0.04616326203967478,0
4ab62bd2-5558-4f13-82a7-35fe5e7b8a22,0,0.44455656964048174,1
4ac45651-f194-48df-a546-b01c697d2437,0,0.56530023433611,1
4ac81620-e3cf-4c82-9f9e-f33ee9ab4930,0,0.04602630565795118,0
4aca507a-4da9-4b85-804d-7c78cb5f1282,0,0.09268644591397812,0
4ad487db-e94a-4806-96c0-e81e595586a0,1,0.8028062331176282,1
4adbf59b-f0b6-4951-8829-12ad5a3f683a,1,0.07940705237145357,0
4ae2c5df-95cc-4753-b7cf-4762fe903628,0,0.10299443521636399,1
4ae6bc0f-d61f-40dd-b68f-c4d39413fd20,0,0.04796782249587346,0
4aecef08-4a50-4685-b04e-ba60e3641d3b,0,0.04911583415937201,0
4af1ef95-424c-40de-bc39-2c62fc0ed02c,0,0.049897610406563195,0
4afd670f-8897-4918-b708-d31caa271706,1,0.7293137640348055,1
4afe0e24-ab77-48b7-8a09-d1c3fd1b9369,1,0.05367092569500613,0
4b023f74-9fe5-4503-97cf-0ca3731f6e8e,0,0.042000282336023154,0
4b148649-6aac-49d6-acbf-7ae6763ccfd1,0,0.052036647313306185,0
4b170f8e-3d2e-4541-bc12-bc0b0f10020c,0,0.04507404112271966,0
4b1a8bb4-9b97-4a38-8673-cda0c3600ea4,0,0.04453257543318414,0
4b22654f-5242-41ab-8581-441ff6369b0e,0,0.06957358735582457,0
4b257ae9-7565-45ff-b5ef-df7a15dfaf1e,0,0.04710814570240017,0
4b2ea886-a9ed-44b1-847b-196ee3354f3d,0,0.05140126015092974,0
4b32a684-e5f6-489f-b195-938b898fcbd5,0,0.04075891749594691,0
4b355538-030d-4d6b-b746-da6a850aa02c,0,0.04345886922200687,0
4b3c0abd-c56c-4c52-8924-84d79441c6d5,0,0.057024871718987846,0
4b439c5b-770b-48cf-8298-86b2b9b54afc,0,0.04629589422277192,0
4b44780e-0375-43e2-bf6f-61144108a279,0,0.12417987883754719,1
4b4affa3-6dd4-4972-9107-8414b4ab26c8,0,0.043768259905767846,0
4b4d6578-da43-4fa0-99c2-5f53a4e38608,0,0.04770501503185555,0
4b53beda-05df-469d-a54a-cbc7c135ce99,0,0.06841158714408918,0
4b5c76b7-47f9-4d3e-a5f8-9c86e2b10580,0,0.044027655622256384,0
4b5d87d1-828a-45ab-a7a2-7d579f6ad984,0,0.04412085563518745,0
4b6b8130-0631-41ea-a745-422c2e27a95a,0,0.04781882859127402,0
4b72e13d-489c-4081-bac3-d636b93ba87b,0,0.054647018077357216,0
4b74e829-defd-4486-8fcf-277623641840,0,0.07071377871095434,0
4b7a15f6-7116-4e8b-aa29-73cb621af33a,1,0.5718432031986059,1
4b7f8580-98b2-4f66-aa6a-f5a1e083cf3a,0,0.05446368478192865,0
4b82e435-f067-43af-9552-167383391f0a,0,0.04862501754124027,0
4b8d103f-4fac-45d6-90c0-97253eea8fdc,0,0.04320224665401064,0
4b8d4e71-e5de-408c-b710-480ffe3897f6,0,0.05267317702365928,0
4baa6aaa-cc6e-4c1d-a8af-f3fdf204e1b0,0,0.04655816830975331,0
4bac9989-5198-4a10-831e-7d55fc260e60,0,0.043856315776447045,0
4badbdbe-8d94-4f73-8225-5f3627029b54,0,0.04227183806627573,0
4bb35b6e-42df-402e-b55f-9baf1c363509,0,0.04960891803097431,0
4bb6c1a0-65c5-4dc7-9bf9-1b71eaab911e,0,0.05361694655084674,0
4bbf5a09-cc7e-436b-8048-b00044566093,0,0.045235399627021604,0
4bc7f429-e3ba-aafd-db4a-f17f19e13a9c,0,0.05021655234094573,0
4bcbddfc-2223-46cd-9b24-8ada00121e03,0,0.04934245561360103,0
4bcf37b5-7419-4334-a888-df013ca1ed81,0,0.046727253105508584,0
4bd23ac0-bc18-4c8a-9838-a1f935ec879e,0,0.04280367796652762,0
4bd4c9d5-f54a-4430-bd16-658a7895b41a,0,0.04367469727114631,0
4bd689a1-d939-4059-8c99-ac54d158dd74,0,0.04828376055961341,0
4be05b12-b605-42c5-b142-05aa155e7652,0,0.06171968519065484,0
4be482ab-137c-4335-9c0b-ac7472253c9f,0,0.04532990904072464,0
4be58bf6-c2cc-4672-855e-372d719899e7,0,0.046074372713419486,0
4bf34644-4f08-4e1e-8bf5-1a8fb21e045a,0,0.05105650361675761,0
4bf99215-6bd6-49fc-8e32-95afd36a6044,0,0.04267413092397555,0
4c0346c7-5386-49ad-8be9-5bab33e1e778,0,0.058507779155569144,0
4c05107c-b801-448d-abad-be4b81c90078,0,0.06206526694832617,0
4c0850e1-2841-4832-8e99-a6f1dc39c6af,0,0.05822813183382299,0
4c090495-5b25-4462-82f9-b9ba13d3bc9e,0,0.042555096117004074,0
4c1135e9-0222-47b9-bcd4-18a183b59104,0,0.06054671749842807,0
4c22676d-471d-4aa2-a8d9-0ff70155af48,0,0.051160237779568116,0
4c22d162-c061-4e4d-ab44-f85a2907d95f,0,0.6641529630660009,1
4c24b856-061f-4858-914c-22d2a3f5852a,0,0.04223061050637916,0
4c2e6eff-7b2d-4190-b49f-ee3192a7c8c7,0,0.04975441385175587,0
4c3f8846-d917-46d6-a612-fdab14a472b3,0,0.04889035983892691,0
4c47dda7-bcc6-4189-ae35-19d6a06f9312,0,0.093504111186834,0
4c4981cb-9d81-4d21-9abe-064faa4dd323,0,0.044482005053713906,0
4c50ae61-dbca-483f-a621-7f5b8f081f46,0,0.055784005724508326,0
4c5be7f6-7064-4f40-8ad4-4570b3dc8bf8,0,0.04558431545770789,0
4c60cd4d-7f6f-4037-a611-9b20619b31e3,1,0.7802940868480316,1
4c6d0a9f-b830-4e0f-9dae-01586359c991,0,0.04299935774554823,0
4c6ed813-65d1-4623-9f96-22037c4e7b06,0,0.04227395462539925,0
4c6fb5a0-3b68-496b-a894-975c57bb0700,0,0.05429256304551328,0
4c75c30c-11d8-422c-aa67-3b35b4fe2ef8,0,0.05772862752032979,0
4c7b2ddf-f41a-474d-9045-b986cf6d9b7d,0,0.08206938289366027,0
4c7b52ff-7b88-4945-bfe2-80e7a9d8b91f,0,0.04634870277691174,0
4c82dfa8-70e0-4ba9-9291-d88d047e44d8,0,0.05834395037355789,0
4c856dcc-2068-4577-adda-b978c7eec476,0,0.040657573386517536,0
4c980d57-1bd8-4195-91c4-97045214a2ab,0,0.04738100279189716,0
4c9ac5b5-87f9-4793-9d9e-bb1f75c9712d,0,0.04643067728310347,0
4c9b3b0d-9511-481a-ba0b-b5350a7cf0b4,1,0.8223906484224838,1
4c9cdba6-326a-4343-a2e8-dca0fa5d6b66,0,0.053300943833567774,0
4ca224a8-0839-4758-b9b7-bead72291d4a,0,0.042759923098717546,0
4ca2b2bf-7614-4ab4-bb3d-cdd7806681cc,0,0.046672735064727126,0
4ca2e0d8-92a2-4c1f-a0e3-7a44e72581c2,0,0.053052623081695595,0
4ca5e38a-cfcd-48ad-90bc-26ed7276d65f,0,0.06179368613369423,0
4cac9df3-3bc9-4ff7-ad8e-73563cd277b5,0,0.10509973190804942,1
4cb20f89-81f3-4649-8df8-d8d6d32f5161,0,0.04256647447899645,0
4cb21e05-4e1c-4648-a5f2-9dd53a42b5a0,0,0.052577372039977664,0
4cb5c574-77f6-4c87-bcd8-bf36d566b204,0,0.043311363383751564,0
4cb9988f-67c3-41ac-8ae5-807151c4ee0a,0,0.04987871712413189,0
4cbbaa65-a456-4d49-ba7e-de1087c277d1,0,0.047631256977123136,0
4cbf56bd-c9da-46f7-bd98-c8bcca21c6b5,0,0.061870149014836395,0
4cc53a55-2309-4268-b011-da1a07e130b8,0,0.05017218502729843,0
4cd1406d-b993-4d37-be4e-fd5a28619fae,0,0.05068324902876479,0
4cdde22e-e55c-417f-ab6b-6521f3b0507f,0,0.0644609654412097,0
4ce8346c-ea81-432b-9dac-3ada270bc496,0,0.044957113561741056,0
4cecb648-c742-4a80-83d6-30fc06ad2d48,0,0.05156948567537921,0
4ceccfe0-894d-40b2-b605-907c3c4974eb,0,0.04357139571029149,0
4cf24258-30fc-4bbd-adaa-ccd6b909a5bf,0,0.05295901778972805,0
4cfdfee9-c749-4c92-8dfe-a94519987b77,0,0.04530398153574896,0
4d046399-00c1-4155-a057-1c0b43d634c3,0,0.04422820994813617,0
4d069f0f-7727-4b97-b650-10380adc4a69,0,0.045162415494399796,0
4d1cd451-97ec-471a-a48d-898ec1033ba7,0,0.06451480535647243,0
4d1f9f6e-259f-4711-8978-615b4d31b630,0,0.05601855916899453,0
4d3f0621-5e5a-4e55-8758-93c4175943c3,0,0.048804881363146535,0
4d516561-7151-45d8-9c8d-abcc7d8e773e,1,0.08215723676941261,0
4d5a18f8-01d8-4c2e-85fb-a387d65fa725,0,0.046928636590826384,0
4d67e369-4536-48f6-8773-32e40c441284,0,0.044762307298720425,0
4d7aa779-965a-48f2-be4f-3afa304adf99,0,0.05694453632413285,0
4d7d06bd-c9b2-448c-a4f7-f42d236bf5ef,0,0.05762645212100168,0
4d8366d9-cf9f-4dbc-8c97-7da2446ecad9,0,0.04435960272912324,0
4d8759fd-3a32-4a6c-b5a5-cc2a622b7dac,0,0.043433528000109266,0
4d8a8ace-ec10-42fd-bd7c-d3cc68cba9c1,1,0.049986037189995176,0
4d914390-d9c9-46f7-a147-2b3ba63758a3,0,0.04674374460227013,0
4d94f921-6e55-443d-aa6d-5ecbb5fc8613,0,0.04544143223189522,0
4d97eb18-1c6b-4a5f-bb4a-043758f07612,0,0.05038196005271685,0
4d9a456e-825e-41fb-b2f6-e7fa825727cd,0,0.0908461511369442,0
4d9aef03-6a7b-45f3-bfdc-327d923409f3,0,0.0534941436216113,0
4d9c23a5-828d-40d7-8386-8f2f4b0f5067,0,0.04342086768785303,0
4d9e8ee8-358f-4c39-939f-2668908df31f,0,0.04981071733034156,0
4da4fe68-70ce-4895-b294-8dfa7c44c7bc,0,0.08070622161850331,0
4db0c908-fe25-43b7-9486-24f7426cb0e5,0,0.04682471244151516,0
4db2b0c3-1bf1-415e-8749-409c3ba7f32b,0,0.045265938218283674,0
4db50cec-39e5-4922-960d-0844a576fb21,0,0.04955422990616805,0
4dbfb742-3ab6-4783-b86a-3a6273c53fbc,0,0.042311850770227095,0
4dc107dd-445e-4c09-adaa-c1a3d7f10f29,0,0.043829589988887974,0
4dc30f61-c8c4-4827-87c5-198b67da8685,0,0.04655968106740763,0
4dcd2447-8f3f-4acf-8642-0afbbb3dc5cb,0,0.052718885927006645,0
4dcf3c6c-fc73-4fc0-a7e9-6d5148f33bbd,0,0.04282876087322067,0
4dd21b5a-d137-4546-a442-b547c640804c,0,0.042092717236215854,0
4dd3b117-4e27-49b9-a646-cf47b5ff200e,0,0.04459043111988922,0
4ddb479f-559d-47fe-89ee-2ccb4f08831c,0,0.044122598186757775,0
4ddd5224-9208-4cd8-a682-16bfcc58dd56,0,0.04324571584625512,0
4de5fbce-50b6-4d26-b302-b195d8fa711a,0,0.04600142154360124,0
4dfb8d28-14a2-4d3d-a412-1cdad787ee2d,0,0.060988793527809095,0
4dfdde3a-827d-4577-b4b2-c3cdf77ba788,0,0.20625897065928767,1
4e0065ef-f174-40cf-9681-57227740e23b,0,0.04395671830020382,0
4e0468b4-a789-48d7-9915-bcbd38d93e8b,0,0.04629201247672832,0
4e060923-455a-499e-a517-d21c0b90112c,0,0.05054452703776084,0
4e08fc9a-dc8c-44b5-8c6f-569a72a90af8,0,0.042861306780570076,0
4e105510-e7de-40b9-93c3-1cc2de4a4ce9,0,0.04788404035626139,0
4e1ec7b7-8517-48ca-ba89-824e14ae7ef3,0,0.043224437184588814,0
4e2b430d-aa1a-498b-b9b8-583328c890ca,0,0.04987033429185885,0
4e327df5-5912-4615-ae44-a8e437b47625,0,0.0472807049402196,0
4e41cbd3-3399-4752-89d9-100e2f2eff50,0,0.1039231026271352,1
4e4485fb-21f8-4d67-b796-93e93bbefd83,0,0.04781012901971342,0
4e4889c9-4c86-40ec-a21d-8b03ab065426,0,0.10568185840082561,1
4e4aae7d-737d-400c-8d63-7e827366c4fc,0,0.07712190112747555,0
4e583a59-8de0-43c6-b4d1-af765e87845f,0,0.05124660672289631,0
4e5c0724-9fd6-4e97-82a6-6efce616a243,0,0.0471024734980627,0
4e636d21-f04e-4839-b154-e09114ebd304,0,0.05222618971145417,0
4e65a578-8acc-4e77-b400-ccea51467988,0,0.05413471843518668,0
4e6cbf15-ef16-4273-a5bb-b172621fcedf,0,0.04314443750828138,0
4e74eae3-1740-4f91-a47b-9d14f95b7505,0,0.04295826520470636,0
4e753b5e-199d-4c71-9657-93f2ea4b5dc4,0,0.04324048553876025,0
4e7bb2e7-2c8c-491d-9a9b-07c1658f119d,0,0.045363326590380545,0
4e8007f5-be44-4388-9a3e-bbbd853a83cb,1,0.07044104537601624,0
4e80818d-33e3-44ab-b222-085a7165afca,0,0.05329973606384889,0
4e88ecb9-f38d-42ea-9c33-c9479463af1b,0,0.05290187711372036,0
4e8ae918-e406-499e-b2aa-5fda6fbdc135,0,0.05141351327221467,0
4e8dad0b-25de-4d68-9359-9dd37af4a210,0,0.22854946532784665,1
4e913f39-0958-4fa4-8692-44c4cdf62fbc,0,0.05060556883697535,0
4e92b881-15bb-445e-bfe1-7037209f5fb6,1,0.05608418271840163,0
4eac8e8e-b24e-4218-94cf-6c3511da5429,0,0.04393578311565652,0
4eafb37b-76ee-4d5e-b385-cbc957103e9c,0,0.04427378459858223,0
4eb54277-2072-4b17-a275-dced7c3ae7ee,1,0.1224733020581721,1
4eb64057-7255-4f4b-8bc7-5736dceb5249,0,0.04152757978357239,0
4eb8d23d-5253-4908-bda5-2e5cc1130275,0,0.05641204386910594,0
4ebb4cd0-26ba-443d-af09-fba174389796,0,0.05540194703063425,0
4ec7ee27-26ce-4b46-b7e6-7976b5bb54b9,0,0.04816250433637613,0
4ec8adaa-06e3-4319-ac3e-920190e58d5a,1,0.6313600431536771,1
4ec90e33-f3dd-4404-9941-f2f05ac63331,0,0.05314818096105145,0
4eccd72c-0215-480a-8c1e-7f4010ff49e9,0,0.06047773542724946,0
4ed0f4ca-d96d-4da9-8bcf-081e96fe6a87,0,0.043499493305696094,0
4ed132dc-a304-47dd-9b8e-383679c48cd3,0,0.06402548299953462,0
4ed1fcab-5f9e-4644-883c-c17e172ae4f0,0,0.10692781817896929,1
4ed2e88d-6cf5-4f70-a694-2dfbfb520dab,0,0.05363021575036099,0
4ee03ab1-1ba2-4342-9ef5-2e0d942a3f2f,0,0.043165911361407086,0
4eea8f70-6da7-48ba-84c5-c017960528ec,0,0.04437638057566934,0
4eec2c2a-e53f-4c21-beb9-95feccc06b7b,0,0.04396645930644154,0
4eeccd0c-e055-4ff2-8550-bb6b8e1cac48,0,0.04642657652525707,0
4eef9200-ed81-4e72-84c9-5f08b74e237a,0,0.04309130518830974,0
4f00bb00-c130-479e-8b9c-37a9c4390156,0,0.04467826992616766,0
4f1b1ac3-2c63-4b21-b6b9-9d5bc4a1a0ff,1,0.0598509952287264,0
4f26a9ee-f1f5-4423-9952-3cfcf5415ab7,0,0.04851909825898282,0
4f2a5505-580d-4332-bfde-e76f27c60452,0,0.042014203805353305,0
4f2f08e3-b1cb-481a-b2ba-0d88db156159,0,0.04857937258199677,0
4f3650ec-a49c-4212-8152-550739da5df2,0,0.04265654395872071,0
4f3cd218-d517-40c9-8834-e7ad0569189c,0,0.04690995369828947,0
4f40d843-81ce-4102-915f-4fcfced3fa8e,0,0.04681896891722139,0
4f56c49f-0220-45b7-84fd-e7bdc2865c80,0,0.04559504407661317,0
4f64c26f-f653-4e93-a19f-42c93512a56d,0,0.05069078838997864,0
4f7db0a4-6cf4-43c7-ac5a-8d19ecc89d89,0,0.05945925521985726,0
4f885f6f-df02-40a1-b640-bd6c44861709,1,0.11919499890245086,1
4f88863f-bd62-413e-bda8-c75082c879d6,0,0.04868458803653542,0
4f8c6fc3-787e-4864-9816-3c89b0fa15e8,0,0.04998217143437065,0
4f9caea6-a54f-4d7b-a64f-057d98cb580d,0,0.05719729125309076,0
4fa0bde9-b14b-45c8-9d96-fd621473a5b7,0,0.04691146283798965,0
4fa3e88f-bb86-49cf-8018-882fa8c45f2a,0,0.049933900285030586,0
4fa91c96-4558-4070-8f27-5ede96b72af0,0,0.06690355331920816,0
4faab14a-67da-47ce-b3ea-336b4972a5b1,1,0.8469773691167468,1
4fb1c1b3-ec46-4df4-b11e-b28fd31c51b8,0,0.06427057749805007,0
4fb1c7a3-e082-4ce2-a710-d1236affc7e2,0,0.04399210487945116,0
4fb27d66-691a-4a18-a9ff-e3f43b1748b3,1,0.624225564994385,1
4fb8a248-debe-4600-886c-19b77d381bb0,0,0.04301733664637537,0
4fbd9e15-f0a8-40f5-90dd-e3f8ffab60bb,0,0.05308622664526799,0
4fc17f63-30ca-4057-bbba-f7045ec8bb2c,0,0.0527819800376257,0
4fc1e7d3-88d1-4651-9ced-99d0e4b488ba,0,0.046486688472546556,0
4fcd135e-da47-46d2-a170-152e96803e36,0,0.2793220996142949,1
4fcdda1f-1979-4210-a5ca-74c4a9f91096,0,0.0417650958591211,0
4fd35599-e3aa-4cb1-943e-0a103b84826f,1,0.13359495824966683,1
4fd80b17-137d-45ba-b86a-6283ee4d6a6d,0,0.04221663933126981,0
4ff974f1-28d5-4fa3-89d3-3dd3f9f1ab17,0,0.0483961722567115,0
50033113-1ace-4c66-a378-97d6b0b38581,0,0.05364312490914296,0
50050f9f-8ffa-4057-b4e3-80dd26055836,1,0.7481115683095153,1
5007f3d5-8a12-47d9-bb26-139e95ee0143,0,0.06422118698577244,0
500c83fe-1377-4996-9b62-06ee6da8e6ec,1,0.2722063611681745,1
500dab35-f629-48c9-b5cf-a06677001111,0,0.05173567472767702,0
501905a0-8065-45bb-8b0e-f60e82f4711c,0,0.04334592101084118,0
501c0098-9b4f-48d4-98f3-e287d6505434,0,0.042142017188469875,0
50253ae5-5b0f-4196-9922-70cb68bf2baf,1,0.8223725909508891,1
502a3b88-71c5-467f-963d-3559c03890cb,0,0.047087090406801264,0
502af599-fe55-49c0-a268-bd5449bf588b,0,0.04573007678060733,0
502e0f5a-d1e3-4975-967a-d404361a5b25,1,0.8226013656854203,1
502e6d4d-f729-4282-bfbe-22dbc255e4aa,0,0.04235942130532463,0
5036e2c1-1e5b-4500-a8e3-333e9a02266a,0,0.07444242217745622,0
503bf2e3-2754-4b08-a79f-108e4500727a,0,0.05363550239890334,0
503c18b0-a0df-4446-8d33-88b315dc9754,0,0.04305272065736589,0
503e6784-6fa4-4e96-955f-ff7674b23aae,0,0.043569629246358335,0
5045ce2d-4f08-4d71-abd7-20b01ada0dd3,0,0.04438849481413795,0
5055e547-6d83-4484-8b53-259bab8c8b32,0,0.05000223656784339,0
5056e50b-8337-454e-bc52-86ba81fff714,0,0.06446326477858677,0
505e3686-5506-4fa2-8cd2-852c56dcce0e,0,0.048242973235046206,0
506616d1-910b-44d0-9764-4d7c5b80141e,0,0.14062966600933408,1
50703f71-6781-4a84-a7df-dbf11e77e3b0,1,0.1921515548222029,1
507f14fb-3d6e-467a-9031-3b3f60d1a8e7,0,0.053911895532302356,0
508bbeff-adc6-41f8-a09c-c63330da887b,0,0.05191925330164455,0
509d710e-7a34-4989-993d-a1a969e48965,0,0.0648661727514487,0
509f4712-8b7a-4cea-a906-098c54df7972,0,0.04763989254520687,0
50a09c8a-aa16-41d4-88c3-16808721ce13,0,0.047177711980604685,0
50ac52d8-0cf4-4bfa-9d45-89f735f2c2d3,0,0.0525418409134628,0
50b74e0f-83a4-4114-aaaf-e083225665f6,0,0.11331284054689238,1
50be3d84-03fa-4ea3-ae09-0851e9d9d7d7,0,0.12762895866545904,1
50c049d7-b4ec-4432-b7cd-09c720ff4d83,0,0.05176527154940661,0
50c51152-895b-4fb0-a101-4585f8e008c2,0,0.0548735785256791,0
50ca0f50-f2cf-497b-84cc-20c2b5c8962e,0,0.044547779265714155,0
50ca3af8-15ca-4726-9a5f-dbce48738b7c,0,0.04560727059878774,0
50d48863-d54b-48cf-8915-c4cd4738f731,0,0.04577648650250322,0
50de816c-5b3f-45c1-8098-5071b4cfb256,0,0.05174166070912686,0
50f9b5bc-8f71-40c2-8f04-10959c3b3366,0,0.06043878506558606,0
510447fa-8dee-4027-a80a-a17dab9260af,1,0.7861614605990698,1
51062724-a8b6-4cee-bba5-6e6c738b4c6c,1,0.22135719836111042,1
51065904-7fe9-418e-aa33-e080539e272c,0,0.047618233378199634,0
51195317-7627-4fe6-b832-3fb5a85448a9,0,0.05636871954730881,0
511a0fd7-4a03-40ea-bcb6-ef5f8f8fb074,0,0.14100442963076937,1
5129eea8-316a-43c6-ae88-84d5cd955fd6,0,0.040976872985242295,0
512ed772-519b-40fe-85e0-f7f9ed1916b7,0,0.048350157682775986,0
5132a662-ca1b-417f-929f-c40d8123886c,0,0.05412383595267687,0
51373ba0-98b2-4079-9541-2b005142e68d,0,0.07329512182408814,0
513804e8-cd4f-4a20-8a69-0e006b313b36,0,0.051187527498875424,0
5139ec10-8184-40c5-9aa2-d6752940a44c,0,0.05318871139060099,0
5147838a-444b-4c93-8e03-223fb910956b,0,0.048524588452901946,0
5151af93-16c0-4c00-93bf-3fb4304ce213,0,0.04851846085025118,0
515f54a2-b91f-4e2b-ae5a-14572f30b883,0,0.05184641257420821,0
5166c883-e8f0-49e4-8134-11ab86a081a8,0,0.07862481085708911,0
516a2b7d-817c-4568-9165-93cd63149aa2,0,0.04287411846801682,0
518b9d1a-7761-4aa8-b28f-b89aad849b30,0,0.043066252526298025,0
518e67ce-7b05-4d99-9e8c-1e1129267ced,0,0.047572567299284774,0
5197d75e-62d4-4d52-9077-ea590a76d686,0,0.18777474473632677,1
51991a37-7233-4910-a0c4-deabac4fab46,0,0.04133293979980962,0
51a03cf5-ac03-4888-a172-3b8960609f84,0,0.04301682186867977,0
51a09e93-f46a-468a-8469-b2ae1e895252,1,0.4068530287760036,1
51a7669b-c1ae-40bd-b30b-18d527405b68,0,0.0417335726448297,0
51a94bee-f2a1-49e2-ad60-9b5a476f5353,0,0.14062441891900762,1
51a95abc-6b79-4470-ac57-44bd46b668d5,0,0.04476113792707396,0
51afc308-4787-46b9-8cdd-52b75a04fca7,0,0.04266285710820158,0
51b5a4a2-3893-439e-8790-b99250957ee6,0,0.05359178847584824,0
51bc2db7-8ad7-4f77-aedf-9c9a5abf573e,0,0.048004382115955424,0
51bc4c4c-1199-468f-8404-76695b7e8e0f,0,0.06394766278371329,0
51ca4398-51f0-44a7-9e91-efbaae6fae30,0,0.05796312453707461,0
51d49b65-7002-4aca-87f4-faa7054bbb67,0,0.04894540229270721,0
51dafda8-ad4b-4154-8195-6f71d6c5b0e4,0,0.046072588395044585,0
51db093a-776a-4b1b-a32e-93eab972fc28,1,0.11067467434151632,1
51e40a1b-a5b5-4eec-a84b-b3721fad7bf5,0,0.047828332649739874,0
51e821e7-907d-43a9-8bed-6f322e9074ed,0,0.04904925270755033,0
520000d1-93d6-4cdb-87fe-6dd70f01e772,1,0.05139255560519425,0
52033edf-db58-44e3-82ab-6d267155135b,1,0.2613903449518083,1
520c22e2-736e-4d81-864c-f1919e0bb0f0,0,0.050269618634864816,0
521d874f-cc47-41a6-936a-fd9bc4bdbb45,0,0.04706080284709488,0
521e7934-57af-49c6-a96f-b1b4676b7d39,1,0.717477648625811,1
52236fee-8f1c-4eb5-974f-ea231d2f1b89,0,0.04417016513857176,0
5229086e-97e5-4858-ac78-d706128c9c47,0,0.045552787754297705,0
52438bd6-8549-4429-9819-2690bb891e57,0,0.04241922157744865,0
52448d20-bab5-42a7-baa2-2731a9558ef3,0,0.04585400723513338,0
52458662-b1cd-4a10-95eb-d5c4ce50a9f0,0,0.04490401269734798,0
52459eed-0852-4e7c-b658-46faf5005275,0,0.04980174239082909,0
52462b15-3194-4507-aa43-75a0f63d72d9,0,0.06265125275206489,0
5264f0b2-f496-46f7-82df-a0cdc6712a47,1,0.04858249455585174,0
527bb28a-5795-4d7c-a033-24130e5a97e3,1,0.7592212204992925,1
5282f124-e62b-462c-b03a-5fb6aa3ac568,0,0.2565662210039208,1
52832f4a-7fda-4727-9034-e418ffcd1fa3,0,0.05761846173284063,0
528419c7-8f8d-427d-b5cf-5a0778cc29c7,0,0.30813909495629777,1
5286cd9c-b332-408d-90a5-b29ab2aa3f7c,0,0.04576909334002928,0
528759b3-eb4a-4832-b0c6-31ea3503c1c0,0,0.05403675426777795,0
528d8c7d-beb9-4e3b-9639-08bc2990dec5,0,0.042143918037118415,0
52948724-d7c4-4950-b0a3-6f530a45cddd,0,0.0420578445029601,0
5297323b-ab03-44f2-9d4d-0e628b2831e8,0,0.0459496896716047,0
529b7428-c48d-4624-bb0c-511e0f891c4e,0,0.04802012669337302,0
529cd5aa-9f76-4349-aa38-0b7a9f21136c,0,0.12607943133372854,1
52a7c322-cfa8-4fde-8342-600807237ba7,0,0.06385755957720102,0
52b612a7-07fc-4441-be20-ef86d5ba3f24,0,0.045296620780949544,0
52bba783-d45a-4b67-9772-fff0a33875c7,0,0.042520720505114726,0
52bbd984-6a9b-460f-a1fe-0c7fc0180aca,0,0.0451274742295499,0
52bc6de7-67cb-4140-a3e4-e0eb0398a365,0,0.05012407566968434,0
52bf84ac-a925-41d1-b384-667f5d259541,0,0.07192063869797406,0
52c55fe6-22e0-4f76-9494-f3cc3f172969,0,0.04207840084320321,0
52c62e0d-bcdf-4b3d-a393-6ad7bce0816c,0,0.04371135291080525,0
52c76fce-4db4-4b50-a826-1b6e7709a1ee,0,0.05076772919365836,0
52ca2a47-291a-46d0-aa51-beafb3ef5a72,1,0.7727328006384347,1
52dfbc7a-b570-41b9-9fdc-96e2fe3fba56,0,0.059479708846349545,0
52f64243-3cba-4420-bcc5-8a1e55051ad3,1,0.21522887172585378,1
52fad75b-1e60-4dec-bc22-a51d3d5680ae,1,0.13900137541489382,1
52fe1c28-ab4c-4d73-bdc0-a7a5dd6f8e4a,0,0.05381322238077099,0
52fede0c-63eb-4c55-b124-73a94dc90810,0,0.046727483960640435,0
5300a24c-1c26-49e3-99a9-5d8fb37ef461,0,0.06622707365393951,0
5304a573-5c57-4212-abb6-93f4652cf912,0,0.042662384870198806,0
53075bce-8ed9-4f99-8c3a-9d00a386d168,0,0.0536613171567851,0
530d003a-a78d-4837-93b2-2f0e1fd8267f,0,0.045154189974254286,0
5311f548-ba3d-4fc1-b58b-a42fbd14905b,0,0.04849199342308128,0
531930e2-72b6-4fa7-9321-d927ccef810c,0,0.05367847591983676,0
5327379d-2061-441e-998e-569e9fe92fc7,0,0.050220916830597144,0
5327d365-1cb2-4906-ae61-e53b2d539fa9,1,0.061294519210304335,0
533e0f09-4e2e-48de-8880-acfa990f8991,0,0.06361063956648483,0
53495fe9-38c7-4fe3-b767-f151f9e805c7,1,0.11981810198514654,1
534acf0a-eb69-40a4-992d-90dcfa44ed8f,0,0.05268784777951931,0
534cabcc-8fd4-4afa-be40-de0490a0a957,0,0.052457130484048764,0
535944bb-0201-4a9c-a575-243eadb044fb,0,0.0521572671718628,0
535ca6a8-626e-4b73-afc7-7f127614646a,0,0.04198865171589131,0
53602720-623e-4154-96e0-24fcf566f069,0,0.048217910948318586,0
5366b4ab-77c9-4a6e-b031-325873a10802,0,0.05108021774598216,0
536a17ab-4478-4a35-bdad-63d2b58839d3,0,0.055582466658247426,0
53709a55-f378-44a9-bd5f-0639ff4b94ac,0,0.060273316054172646,0
537389c4-b054-42ff-8650-4e7d862ee22a,0,0.04474980146761152,0
53744267-0629-4bb6-b7ed-e4418e58b761,0,0.06811737715556958,0
538b6390-ee1a-4177-b0f5-688cd4c9f50e,0,0.04851735920433886,0
538d4c55-7688-4b5c-aef4-3dfd93eec41b,0,0.04629307339305641,0
5394b7ea-167c-40b9-9d42-6b1f21498ba9,0,0.056470537408942666,0
53964059-7e0c-49a4-bf27-26552381bf2f,0,0.060174619102561486,0
539e692f-0793-4fac-ac82-5ae4175c8b3e,0,0.04235596600758173,0
539ea3d2-8e86-4082-98f9-de056c4b12e0,0,0.04101178900789763,0
53a0caf7-154a-4ebe-9413-cb52ccaacab8,0,0.043178680778876946,0
53c15754-8b53-46c1-b6e6-4a12f286a12e,0,0.04340725404616465,0
53c75940-5dcb-4591-bcd4-15ea7c9c92f3,0,0.05717884428761855,0
53dc8392-c7dc-4ccf-9849-b4ab077d9f09,0,0.0509984831424336,0
53dfcddc-d616-471b-9845-96aa7e416265,0,0.043501676606896154,0
53dff9d5-3107-4d97-8fe4-ede98312f3be,0,0.04518471580739809,0
53e14753-3d5f-4797-b729-a279e962c401,0,0.0709666066955291,0
53e73f48-e472-4e3e-979f-486e2b2a2f27,0,0.04226155779740238,0
53ec14eb-d78b-48bb-9723-da638ac26b5b,0,0.04763209788722616,0
53fc2891-b358-4e10-9d52-60a410e33369,0,0.044901634454098734,0
53ffd075-3a4c-483c-adf8-b573fa0c8b72,0,0.046901645105705124,0
540232dd-c4e4-4b06-b03c-5d8995130d4e,0,0.046498055770616845,0
540485cd-da0b-4fc7-8ef8-9ebd274f3a3d,0,0.04225445117496738,0
54075ff0-2a12-484e-b39c-68b5c49fceb7,0,0.04649595930413654,0
54098f1b-a4da-4581-9d7c-a2d4d4f050dd,0,0.042352567762431945,0
540de800-d52c-42c8-88eb-4171fe02163a,1,0.25273467589522103,1
54161330-4065-4eb9-acf6-6c31e9d0875f,0,0.06399030471378392,0
541949bd-ca58-4e38-ba5b-783480c4e6b7,0,0.046483230434447166,0
541bcc60-6579-40dc-bb3e-2ea4df013da6,0,0.05596485077188923,0
54202293-d7a0-410c-9fcf-c944000ccc99,1,0.06371580096981022,0
54243b1c-14aa-4c29-9ddd-6607865700a1,1,0.1602869571739108,1
542b1751-dedf-446d-8c7e-264d3b25cb24,1,0.19632148845992142,1
5434753e-9718-4f27-b210-19888a47dcff,0,0.2241755054963391,1
5440aade-0d91-4628-a069-ceac4d268dff,1,0.44666620889892533,1
544382ad-9e66-45cd-9b4b-0f93e907cf98,0,0.48470935166114126,1
5444313b-8f81-4437-830b-4307f2b07069,0,0.04582994175300067,0
54490107-fc47-41ef-991a-2277174d077f,0,0.05472938604287635,0
544fdcdb-6c77-4035-9919-12023a49ef0f,0,0.05123352005213754,0
5459447b-bea1-42b7-b222-dc1123d3bfa6,0,0.08191578678348846,0
546a717b-95f3-4fbb-8c50-bac22d32ff60,0,0.04946569492845143,0
546b0d7d-813a-420b-96a1-cbaa9f97886e,0,0.04866489838138929,0
546d22bc-efa5-47ee-9946-fb5a9786a2d2,0,0.059611803254276355,0
546d3342-4205-49d6-b9fd-cca801dca689,0,0.045421279821476375,0
54734733-023d-457f-98ee-a16fc109dc6c,0,0.05827711391401361,0
54788724-dd9f-46de-b2a2-f54c96f8ccce,0,0.08504545132367958,0
547ed012-4c21-4490-b9c5-80778b6d4780,0,0.04607923497492939,0
54870a11-4846-48a3-a361-6a7fa254810e,0,0.044369346041245504,0
54936191-925e-4f72-b2b2-a375debb71a7,0,0.044960015581248916,0
549a54ed-1e89-4b74-a9b2-49b68f680972,0,0.044237213754250757,0
549ecd0b-b904-4f69-8631-b05a914fa752,1,0.12268796379343995,1
54a13ee6-7815-4ad6-a76b-3cf82e4670d3,0,0.04661656910102988,0
54a2e1f8-c882-4510-b5d7-e49c219f0c60,0,0.044391990465629076,0
54b4de85-ce5a-483a-a3cc-057e3adf629e,0,0.04494559871491823,0
54b6207b-6d64-4909-864d-4f532f0fb312,0,0.04529055615013644,0
54bb22c7-afad-4dc1-9b22-532fbbc16cc2,0,0.0485238755329378,0
54c1f298-9e0f-46d8-9f2e-b7b29a49b956,0,0.04494195397373982,0
54c27342-08ae-4f97-8ba1-2f54d2769e76,0,0.047400177536353845,0
54d7d8b0-7053-4561-9347-2b8049d00488,0,0.048953973249815465,0
54dafa08-613d-4ff7-9b6b-4b6337e3bc72,0,0.09225452543811075,0
54dce5bd-b3f8-45c9-bb56-08a4bff33602,0,0.08069211237159844,0
54e321d6-1d60-4d13-93fb-b192ffc6d87e,0,0.07363124443829926,0
54ec75d3-c7b1-48ee-8c3b-88ac09426f1e,0,0.05079908006525747,0
54ee0d1c-d8f7-4ef2-adc6-82353e8c651d,0,0.04738087539719371,0
54f311b0-19e2-4fdf-8dd8-2590b593b43b,0,0.05470421975189111,0
54f7f18f-a775-4e4a-824a-716d4e2cea65,1,0.8713381220901657,1
54f9aff0-8e91-404b-ba15-7797b6b716f4,0,0.0514440412074342,0
54fd1b89-fe3c-4a93-834c-d8fbdbd88257,0,0.0500212719823601,0
55011e8d-11ae-461e-8f77-59f857e2ddb7,0,0.0777863452390874,0
5501f101-a11d-42c3-b0d6-844ddef663f7,0,0.1183356110925228,1
550323ea-d743-476f-a205-10a0c3ec94bd,0,0.046475741926804384,0
55091fba-4884-4f29-839a-af6f8b691099,1,0.05833844854259617,0
550e3f91-3053-4fb0-ae1f-20a712d67255,0,0.044798279022349,0
55103cb0-8b2a-4ea6-8c1b-22de95f9aee7,0,0.053565508368056666,0
551b95d4-e8be-4129-8628-32527ee2f5a7,0,0.0474583928499349,0
55436647-0374-452b-873d-042e210ed68a,1,0.16262843015831072,1
55437e52-b178-4146-bf68-38ef1410d42f,0,0.04154936637150328,0
554b6a0f-82aa-41f1-a0d4-131472b6ebf9,0,0.04336553622753706,0
5558c973-7b06-4943-a13f-37fc5e6e4212,0,0.06454723459168624,0
555c0ba2-fd50-4493-8b80-8bd7a5912511,0,0.04177370272767001,0
555efe25-160d-497b-86fe-e56005e1b33a,0,0.06121931841007269,0
556a602d-a66c-4cd3-966c-04a56d3212a7,0,0.05821817760720262,0
556eda3f-6029-4a4d-88ee-c056164a1022,0,0.043614488702012524,0
556fbf96-85ee-44e8-a04f-5edaea472003,0,0.042797315527240434,0
557ce000-26cc-412c-a2be-3830a0b455c3,0,0.04142609786268532,0
55836926-0f8b-4007-81f7-bc562bde7245,0,0.05256120816626568,0
55866621-2645-409d-bde6-ebfefe222f55,0,0.04541140549801767,0
5589b2e9-658f-4a85-9d23-bd19e34b1c48,0,0.046060679008645106,0
558b58ff-9144-48f6-a949-de521b915935,0,0.04625942205916972,0
5595a16b-4471-45bf-8d18-1932de3415d5,0,0.059221342039531576,0
55a499a7-8c38-4d7c-8599-e59a875bccc0,0,0.23232703534111765,1
55a7e6f2-658b-2208-03d0-5ca201bce492,0,0.044444651687366415,0
55a8c4d2-4e2d-45ac-a7bc-3988064225f4,0,0.04613090540424717,0
55b11a84-4508-4318-8cea-d0796647e1f8,0,0.05481186482323406,0
55b579eb-d0c9-468b-9820-92117da0faa7,1,0.23567828651553063,1
55b61cac-f657-4980-bf74-723dc9108a87,0,0.04160767009070669,0
55ba1eaa-5107-4201-bf83-72a3d9ce7ce2,0,0.044818109166834645,0
55c54aa2-8227-4d27-8bf5-2826f1edcab2,0,0.0419379674810213,0
55d0c774-1534-44ef-8041-a193e7845e88,0,0.04562803313141848,0
55dad7b4-3ffa-4d4e-8ce8-9ab4355e3118,0,0.04904533977967449,0
55e6a7e0-11c0-448c-bd2b-c3d7551bf1b8,0,0.34444028661726706,1
55e872eb-84d1-4e5c-9b65-60ab13cc97da,0,0.06903112406960021,0
55e99679-f315-4a67-8e05-81a241083167,0,0.04404385468040561,0
55ee6ba8-2c04-4af7-86d8-7c8718bd68df,0,0.042953519194937714,0
55ff738f-8755-45e3-af8a-e21562b27675,0,0.05106446299873587,0
56023ad2-8ccd-4e37-89df-c68873e32106,0,0.044843065161083565,0
560d76e3-fd25-46f8-99b5-bab92f5b5989,0,0.04757104441012797,0
5610b40c-9657-4477-94f3-20210714dedd,0,0.07519451170871742,0
561148fb-ed9a-4f9d-b22c-0a8a16aa0d75,0,0.04566570796574021,0
5617b3ae-69b3-44d2-9e43-9485018194b5,0,0.07149718213617286,0
561b9174-14e0-456a-9b11-b72fe8b4e9e4,0,0.04433143864842261,0
5621f944-1cd1-423a-b7bd-9b047ef88899,0,0.100754292111159,1
5622db13-66d1-4167-8bfa-b4f184aed29a,1,0.0643465460777125,0
56249d2d-7496-483e-8d03-55628f351023,0,0.041684177666091116,0
5626dc4a-3383-4447-a4a4-ccac0c567f21,0,0.043806299197397085,0
56272bb8-9f35-4412-9f15-624c8ecda0f1,1,0.05366028360315849,0
56359a4f-c907-4507-8eb0-6ef8a6341343,0,0.04414012757242416,0
563fc6c3-0314-4f96-bb1f-439ca53fd13d,0,0.05134764005233391,0
56418626-8ba0-43c8-b226-6f0829fb7eb9,0,0.04234918014865347,0
5643ab1a-3425-4f6d-8124-1a9664da39d5,0,0.07314030033284714,0
56451c25-f9c3-4727-88ff-9a1d2b1f505a,0,0.04909666696998737,0
566511c2-e2e3-422b-b695-cf8e6e792ca8,0,0.04253137265756349,0
56693e98-63bb-429d-9b5a-39b6e41e00e2,0,0.04308242537131924,0
566dc772-7314-488d-917c-90549caf333e,0,0.04160460279895676,0
568d5110-116a-4541-87f6-4899d6268d11,0,0.04375658458503474,0
56917648-c417-47c7-8c89-4b6ee2435831,0,0.05859977753471734,0
5694fcd9-9370-4380-897e-e9e7a12b513f,0,0.04355307003477101,0
56a1928a-375b-4377-9116-d95691649eb6,0,0.043676873573164375,0
56a673a4-003c-4b0f-ac9f-7ad1f8d76df3,0,0.04881411968782069,0
56aa6ddf-f3d7-4e9e-97ea-4c43798e7091,0,0.04889414974716859,0
56b24fad-b6d2-4fc5-9889-a178f9d1cb62,0,0.04341865982495138,0
56cfb1fc-5d06-407e-a548-fab8cd034037,0,0.04866016503933285,0
56d35807-bce6-483c-b965-c299b5bb12d2,0,0.050582539646250466,0
56dfc2dc-de48-4034-93df-f454b2f2de88,0,0.050487238321972015,0
56e3e012-c494-4fef-b740-531301d95fce,0,0.04034846403204922,0
56ef2661-a8c0-4aea-b8cf-fb27143fea97,0,0.04529568967937063,0
56fec241-14ac-4390-88e7-43d9a7c68aca,0,0.04106908928491095,0
5701dcaf-e503-4ca9-91b3-9e17e8136728,0,0.0529777215944875,0
57066649-3101-4c84-8d4c-5e6c0c746cd4,0,0.04779844123168561,0
57080b78-ed24-4175-b21f-c3f48924ed6f,0,0.04543622730371559,0
570f5e22-1262-4acc-a5dd-989479b09794,0,0.04414504489825957,0
57102732-a6eb-4119-afc3-998a97658ac2,0,0.0474203288853376,0
5710a9dd-64ab-45fa-934f-735ecf282d00,0,0.057921249090942616,0
57144a05-e1d9-4274-acd1-b4194b293a2c,0,0.04622864803895452,0
571e54f5-7a80-4bb0-a64c-841d3aeefb1b,0,0.04502786518420093,0
5722c8fb-9c19-424b-92b5-3a9e0cbe8ae3,0,0.05360955098518453,0
57243edc-86a3-4abd-a95c-9d57c5aba19e,0,0.04200363314936734,0
5725c279-4512-465b-bfa9-9c59f59be24f,0,0.05158817566864218,0
5726e7f8-8a6e-432a-9229-f4fdf8a5a9a4,0,0.04875626133136555,0
572f718a-b691-4614-9ad7-c05c3c845197,1,0.5347937806878121,1
5730de63-ad27-4cbd-bc04-cb0d35321cc8,0,0.04446548748911833,0
57328b70-e4f0-41bc-a182-c175c52224ae,1,0.061491036413659,0
5736c7bc-c400-48e9-a17e-2a5b6e3727c0,0,0.060651473677061855,0
57413e96-fc6a-4471-8fad-cb8d60f5b378,0,0.07026009841284907,0
574fdf09-1f95-431a-92c9-501728a45655,0,0.059915665475204466,0
57565281-87ed-42f6-b967-4488d130dffd,0,0.0750204439766097,0
5769387f-8d12-4dc4-97e6-2adb213f7efe,0,0.05191543728152501,0
576e84aa-f6c0-41f4-9c5a-3d3c19f3a216,0,0.06317842391706395,0
5771a4dc-017e-4ea9-ac6b-ea609ed6185d,0,0.04567973947333333,0
5776a828-a16b-4393-a294-635468419473,0,0.04207276405006667,0
57775175-a6a6-4da9-814a-628d7f15119e,0,0.05777643938234432,0
5777b0ee-74af-474c-928f-cb2dc22295dc,0,0.047708978066408045,0
577c85a4-97e9-4020-976e-a215a3a3e8bd,0,0.04618679103795518,0
577e4b30-b823-4819-9d66-838b03999c46,0,0.05173430237215068,0
578031d4-2531-42cc-8107-b49b76827150,0,0.058242960962545005,0
5782d054-e465-4d85-99c6-ae6db69cefb0,0,0.05168340974545948,0
5787d88e-acc4-40d9-959b-26bc43135aca,0,0.04422010417498502,0
5790d97e-967f-4694-a11a-732f5a4fe381,0,0.04682801105590008,0
5797f36e-29ea-4788-9490-3850d99130ab,0,0.06188753812621671,0
579ec77d-6d06-477c-bdf4-bb21500a3ced,0,0.04394820985237635,0
57a48ff2-db93-4646-bc76-a93ead256bad,0,0.04618147977752852,0
57a70b73-4bd9-495e-8618-9c10750c2e47,1,0.05592949919575606,0
57b78dec-8b8c-4cb9-b824-a27bb00eb98f,0,0.042264408717826475,0
57ba279c-286d-4aad-9815-3f4efdf1153a,1,0.11905186753807326,1
57bb44e3-c186-451e-809f-9039d836c8f6,0,0.15046815660140012,1
57c8f3d8-d6ef-42e3-aa7f-01eaa058bc26,0,0.04625479396632834,0
57ce764d-1b8e-4282-95dc-297f5507d584,0,0.04502811876477506,0
57d3d4ff-8e6e-458f-926f-7b636981fd51,0,0.04634420205723287,0
57d4dc19-e613-421e-85c6-eda305e3e48c,0,0.041915931977945034,0
57e27bfc-2d58-4f07-90eb-e2d7af365581,0,0.04261273763860526,0
57e6b517-8085-4bb2-b60e-22cbca25f4e6,0,0.05061315224090343,0
57f31e76-85db-426b-a54e-fb8b9f8e5e13,0,0.05935235170343229,0
57f3b7bb-21c2-4a86-adbe-692ccaeeb43a,0,0.04235208643338436,0
57f99924-25d5-4d5b-bbdb-ebc568fa6491,1,0.6401056363828166,1
580a992d-82cc-4f37-805d-7463521f9422,0,0.04285342351312951,0
5810453a-f805-41d7-ae45-22e70da1b8cd,0,0.0447100951805996,0
581337b3-9376-4e23-8825-4bafd027ef34,0,0.04324566617286057,0
581786d5-245d-4679-8033-a70d369d8011,0,0.0512616747858732,0
5835e586-838d-4557-9972-270351f7d4c8,0,0.04744970416047174,0
5838c9a4-8e99-4373-b7b8-8646a163c37d,0,0.04978740523674508,0
583a1d95-ab39-46cd-9b69-a41f1af11c85,0,0.05546309813049917,0
583dddf1-9343-4ce4-863f-4ef1de56db76,0,0.0459903477854367,0
58555742-80e1-4ace-a3e4-5361ffc0a047,0,0.3453278162969467,1
58565249-1010-4439-96c5-7a28db17381b,0,0.04997679168724167,0
58629e41-d0df-4617-925f-d686b4b69272,1,0.06385970511184966,0
5863b07b-7e68-47f7-a875-feed0c2de7d4,0,0.04219266035362298,0
587513b1-a6ad-481b-9716-33b42ab89a88,0,0.046854411527677,0
587b0ff1-d5d7-49b8-8a91-7367b1bd3bac,0,0.04430189089505126,0
587bee78-8495-43be-b547-d3be47c4df6d,0,0.04669620269698885,0
58923618-d6a4-48b2-9c9f-134780df9c92,0,0.059638416510701155,0
589b5da2-5bb8-486c-a8b6-9908d31b66a1,0,0.049328356918802906,0
589febeb-ead3-433b-ab22-1c53b7bc28cd,0,0.05475355106795769,0
58a4bcbd-e164-48fb-af0b-d5fdcbe81ae7,0,0.053900358653054155,0
58a601d3-cb81-4293-a097-39ba3c77eeb0,0,0.2947919945980447,1
58b06340-a1a6-4dee-bc39-b1ae1000ee29,0,0.0448998813578848,0
58bafeb8-e79f-428f-8835-cc509f4bca61,0,0.04452970057187108,0
58cd0eec-40e3-48dd-b220-6a101029f3ec,0,0.04478137984638569,0
58da0a33-f999-481b-9239-fca79698d3ae,1,0.05702483945902501,0
58e66025-7480-4c39-a0ff-2e35e822555c,1,0.0665752960252116,0
58e6fee8-5ab7-4027-8864-6698c2edaefc,0,0.044437840616713645,0
58e9ca1c-b6ce-4ae0-916e-796cb61f35a4,0,0.042800132922871326,0
58eaebc5-3e6f-4964-be93-99a393589971,1,0.8822302593601634,1
58f322ed-addc-4b09-bc17-3d19f07966b8,0,0.045306220524945096,0
58f5cdb0-2a08-40bd-a3dc-7241cbce2a64,0,0.04564288617692018,0
58faa0dd-33c4-481a-9e90-7074e05dc0b8,0,0.04443509559793335,0
58fecfc0-7d0f-45cd-af5b-26145bd58266,0,0.04418886217039853,0
59013dc7-86f8-44b4-b814-8421aff220c8,0,0.04807198011950395,0
59056edf-d0ff-42b4-ad94-354fb4c42af7,0,0.05072422655411716,0
5910c72e-4e80-47b0-8f74-1ff332b6c494,0,0.04473146481742105,0
591e6f78-5ed9-4c2b-8335-1b45c10867e8,0,0.0511843741430599,0
592660e9-75f9-4bb7-99c4-d5315777ce6e,0,0.06074248233699589,0
5927403e-ae97-4b5b-973f-73dc2a608233,0,0.04710494583943945,0
59287e8d-8099-4fca-9533-978d00b09631,0,0.08713131895026954,0
592db0bf-80f7-4357-910c-07a6683ee8ef,0,0.1959351037522702,1
5934023f-35d7-4a53-8603-a020060879dc,0,0.04709787548828624,0
593424d7-2d8a-4bba-893e-950b3de02c94,0,0.048448790330682806,0
59346be3-949e-4a85-a948-a23b2da34d6e,0,0.04661797143676022,0
59358dfd-c71e-4320-b561-0cc99fcdd53f,0,0.04790138377207646,0
59396c51-3a18-405d-8988-c009311899b0,1,0.8115833581240741,1
593d3394-f022-4940-b33c-de703a110500,0,0.07345429112110897,0
5946978c-2fed-4d25-9e3b-1f56edf060fa,0,0.04334047603959142,0
594ef1f3-cffd-4aba-8943-789a4a34497e,0,0.05109067557151003,0
5952df24-05ac-4952-88f0-7a9ad89ad810,0,0.04837651729060467,0
5954add4-b63d-41c0-877d-f4cefaf233e1,1,0.08635594208119324,0
5958f4b6-83ba-4f54-80b2-39d1f66c1f49,0,0.06364250234705313,0
595b7f2f-aa64-42cd-9eb1-fe229e3081e6,0,0.04733377222237228,0
5962a0ff-a20f-4e00-9ffe-af7f7177d2ec,0,0.044265856897003214,0
5962efdd-a2a3-4810-8353-11ebf675fac9,0,0.04706720640156739,0
596d1810-a418-468a-b422-bf3f20062d5d,0,0.04246928638803478,0
59730895-c80b-4c73-9f66-9ce0f7e5cf4b,0,0.04670609165517005,0
5984a7f7-e56d-4f87-98d6-9e9e175082ac,0,0.04181052551395131,0
5986d0aa-b6f5-41f1-9297-c6672cdb9598,0,0.04272144022422467,0
598d04f6-1349-4c46-9d99-1f64ae9c20cc,1,0.15510654584407207,1
598d607d-c9aa-4b39-afc1-9a4264d15382,0,0.061111114560281884,0
598e68a7-2ea1-4f8d-8c54-120e8114854a,0,0.057887645720712796,0
59928de6-ef8c-4e0e-a732-457f9dc83d56,0,0.045629078863288444,0
5994e533-16e9-44d0-ac07-d266e611046d,0,0.047799168728398955,0
599b8e5a-8638-4a53-9fc7-a455a594d598,0,0.10905274224224372,1
59a711c6-bec8-4a24-8d0f-33eeac12b309,0,0.04377838377403897,0
59aa7828-0f0f-4e1f-adf8-135771cf8ba7,1,0.1086593769073733,1
59ad0433-057a-4222-9257-793de83a155a,0,0.04479404033755967,0
59b58d42-2097-4836-9f9f-bf4082a6ecb2,0,0.049080888711764574,0
59b7d052-43a8-46d8-bbd4-b0aa6740ec85,0,0.047926720563714414,0
59ba9eb6-8770-45a5-ac9c-08cc0295329b,1,0.8600001887531699,1
59bc117b-e3f4-4dce-9314-d89d5bd49230,0,0.04298343690658425,0
59bf64f8-00f3-4057-930f-dd64d29ef3be,0,0.05403786278110984,0
59bfcbaf-d716-43ca-a87e-28bde121f5ab,0,0.05814798441468916,0
59cf86ee-7246-49d1-9d5e-1fd0db250ac7,0,0.062310465566183866,0
59d0fbdd-4b29-4531-bb34-dad699e771d6,0,0.6177972916130563,1
59d78684-38d9-4c8d-8cf2-8b2da79ad36d,0,0.2897073755150808,1
59e00cc9-6204-4fd4-af29-91dd7d4f29dc,0,0.06526927268646744,0
59e17b03-9474-48c2-ba89-325cacdb700e,0,0.05437724085932065,0
59e5a34b-786c-4b1e-abb5-a4ac3371e14a,0,0.04369015736133828,0
59e7ce6c-2d02-4522-88eb-45e89f300cac,0,0.05973946397412983,0
59e923a3-aad5-4a9b-bdc2-f79e7df43d98,0,0.041779384100068824,0
59ec204e-fd72-431c-9592-ee35a03b4464,0,0.06650051690210246,0
59f3128b-c22b-4b94-9927-c4e673504d53,0,0.05365524513090843,0
59fd0a2c-aca8-4e13-a144-de9eb26fe513,0,0.05829978977663395,0
5a030034-badb-4db5-8b0f-725f5cfa3afc,0,0.07221036592615891,0
5a060d95-36a8-40d5-b719-24a3deaeaa23,0,0.04366232872142488,0
5a0a8106-fcef-4847-ad69-f38ca2d7fcee,0,0.05437501760155504,0
5a217e20-058b-4d01-a34b-fa073f252216,0,0.05225936530666413,0
5a2281df-213d-4446-b317-a385bc87a923,0,0.04232391965563915,0
5a261e7f-4e8e-4554-97fb-6f9c424f195c,0,0.080786950577247,0
5a29c401-c05b-4dcf-b9e6-78324875dfd4,1,0.07788003996577712,0
5a2d843d-17a5-4b6f-bc38-4310143c10e3,0,0.05193750033758431,0
5a3186bc-1dc2-4394-bf1d-347f774747e6,0,0.05635878910369142,0
5a357c51-b817-4e34-b55d-d446206163ac,0,0.04322933473050227,0
5a391d11-7f0c-4746-a59e-acc4586f717c,0,0.14620641852696978,1
5a42b2e1-202a-42f5-8049-0d0d76232500,0,0.04468390021635358,0
5a46832a-c2ff-47f9-9195-0d50885b3a7a,0,0.047380334601954385,0
5a4bb2dd-b391-4b87-abde-482764ca4928,0,0.044862910379893844,0
5a5350f2-c5d7-4230-8fec-3ac32c134ab3,0,0.052775870485567145,0
5a53e9ab-08b1-4ca2-b7f1-1301ceb26d5e,0,0.12264596923818853,1
5a5610b3-fa55-4407-b691-2de5f33a6c6e,0,0.05286268842091796,0
5a6d438a-796d-4561-b7e7-f6d444e69499,0,0.046531689738507326,0
5a6e730b-1a38-4991-9ed2-f369515f9d5b,0,0.04558074536063451,0
5a700958-7dde-4e75-a77f-98fed0bc601e,0,0.04142245499325624,0
5a73ee7b-7cb2-49ab-ab7c-b4fabca0008a,0,0.05260979111110891,0
5a75d1d8-a121-4a16-b74a-e3bde2e3560e,0,0.0497497983560029,0
5a8163d0-a714-4368-818c-1a94c6a9a942,1,0.8069976802295332,1
5a86042d-4493-4573-8a87-43b0fdeac491,0,0.04158062230356873,0
5a88d69f-573a-4184-9901-3e31a51e857a,0,0.047743303483231206,0
5a9241d3-d901-4136-b905-b2c96a828e43,0,0.050057173789270215,0
5a968167-f645-42ec-b1ed-09166df68e57,0,0.07965643397634438,0
5a990476-3752-4781-9d43-22d1f0a2831b,0,0.10793537274993882,1
5aa83a50-68b4-42af-b459-e4c62083de7a,0,0.04913735610480512,0
5ac6ba14-7670-49d9-914d-813bf6daf556,0,0.05921529221616582,0
5ace67ca-e29f-4794-b80a-3a73e168620d,0,0.04397135427966971,0
5ad27fd6-2f45-4d1d-a165-eb2a4d0f3589,0,0.08823074512865016,0
5adc373a-455b-4c41-94f0-941a2043a3a4,0,0.10123292100134383,1
5ae42c3a-2db1-4552-9ed1-bb100df2a31c,0,0.10194729048662192,1
5af436be-77d4-44eb-be4d-0d91865a8668,0,0.25191786882921013,1
5af59203-821a-4129-be0e-654b2e6169e5,0,0.050689954496155785,0
5b11448d-c033-4a30-96c6-b8a3d83ed218,0,0.04961388436115757,0
5b1149a1-0563-469b-803f-815161b0f597,0,0.13801565212558267,1
5b1171d5-8637-4c11-9ed0-e9f7a9fa9079,0,0.04487252702032751,0
5b11f9ce-e784-4888-8dd4-adbd3d7058df,0,0.049418220253357806,0
5b146d88-ab8d-4bf1-8046-dec3a745c4c0,0,0.04568884757319026,0
5b203159-c8e7-4d89-959c-9821d0f9ea94,0,0.05601723296522649,0
5b23a98e-05a1-4229-8362-52d3e8501e68,0,0.05481719198365297,0
5b3035dc-15cc-41b0-979b-120435022761,0,0.0429065068399577,0
5b377224-2d8e-4bc4-85e0-fcbb9e7d806a,0,0.05140881015609337,0
5b384db1-3846-48e3-a99a-ff50f4c7b812,0,0.04140316209866099,0
5b38a957-e31b-4c08-8182-1b25ceb50e13,0,0.044729260285989565,0
5b3e56a6-3336-4007-97ac-9d084531e9da,0,0.04253139204960493,0
5b4b29ad-9d93-8fa1-e99f-a6794e2092e1,0,0.04461738038903023,0
5b5462eb-532a-468c-8945-d304200dfbfc,1,0.07814222304161111,0
5b5c9f36-5331-4d65-b194-8b5685084024,0,0.04369322191763268,0
5b60fb1d-9eff-4c88-a338-6b5ea0d0dbc3,0,0.04991423015887195,0
5b65f324-6b36-4f06-abea-af7250bd641c,0,0.054364151130246056,0
5b660e36-1c48-4390-b9af-1bba017925aa,0,0.043052348758398536,0
5b690745-bcef-474d-95d3-d3babe7bff6c,0,0.0462397128011216,0
5b6e3cfb-7354-47aa-b0b4-efeda6c632b0,0,0.043049536926845385,0
5b7c5da1-9a61-425a-9b57-2d6063a72983,0,0.04172761075110937,0
5b80a920-3163-4dc1-bcd0-7a36abe79628,0,0.046857643039910225,0
5b8cf18c-24eb-4600-8eb5-be1ec4658dd9,0,0.04810153188208954,0
5b906dc4-1796-4b33-90bf-d7b8b6e29154,0,0.04237534331193756,0
5b93142c-289c-4389-971b-1ca51ccff7a2,0,0.04366469660919699,0
5b9710ca-473c-4803-a1d3-d3245322e247,1,0.8547112302424504,1
5b9fa934-c7fa-4474-9233-709fe025a2f2,1,0.6643591141438593,1
5ba31c89-1a2a-40bd-a8fa-f5ea3bad8b74,0,0.046164881333515186,0
5ba86cdf-1da9-405d-823b-47bac6db607a,0,0.04062615637236421,0
5bb981a4-39e0-463a-ae59-35a07a44a7b4,1,0.6586197776539602,1
5bbab309-39ad-4640-88a0-3edb6a66e9b1,0,0.04780655053286123,0
5bc360cd-14ab-49af-a0a0-1be3c01a2d44,0,0.04519309519732024,0
5bc7c6f3-6752-44cb-8025-9fa451847535,0,0.050803833342688516,0
5bd24d4c-a834-42bb-8441-46397892fcd9,0,0.044165971493898865,0
5bd9b0f4-d26f-4b20-b010-e3e82be92185,0,0.05295271956535039,0
5bdd4c18-ddd1-4f8c-9d40-d4cdae8e485c,0,0.059129662690823336,0
5be307a8-7ee1-4513-a3cc-948ae5d3d8ba,0,0.0441329624539162,0
5be54d6b-2544-4735-9dad-114f2c695e35,0,0.044567804566941586,0
5bf116c1-703f-46d3-955f-dbe04bf4dc64,0,0.059891413437424525,0
5bf464a1-eb78-4170-bc8f-1a4725fad932,0,0.04917413120588379,0
5bf4c4bc-fa36-4220-9805-08f4cb067e86,0,0.04362988376815491,0
5bf5c572-67e0-463d-be13-05ca254f9176,0,0.1334601106836355,1
5bfc5c2e-ffcf-4481-9f31-1568aa06a0eb,0,0.04346968266042298,0
5c0315c3-7ace-4f9f-96d2-e1283b2e8aa1,0,0.04404020441495128,0
5c05248d-3a06-4801-93e6-6f2e1b360134,0,0.05009655604108615,0
5c069538-dada-444d-9f52-5a4931c7106c,0,0.049159291089261314,0
5c0d4e68-95d7-4336-b644-c6b174315dbd,0,0.04583696059640423,0
5c10d203-1c5e-4733-a852-5bc3b9c983d5,0,0.04849806782882038,0
5c1644db-7c74-4a1d-842c-e005d3ed6378,0,0.04641949956230406,0
5c29a05d-1279-4f53-a377-e6d5e98a8781,1,0.7979300626535782,1
5c2ae490-9f98-4e21-abb5-4fb2511cbae5,0,0.0526208714873366,0
5c30d1d1-808b-479d-afea-66f4424e4b4b,1,0.11231665863697593,1
5c31d727-de76-41d1-ba60-7dd40c506f4a,0,0.04882064211801192,0
5c353b4b-b327-4a7b-b1dc-e9b40a600243,0,0.042976369213212906,0
5c3ec63e-3e4b-4708-97bc-a00072793d35,0,0.04611305763856054,0
5c4455b0-24e2-40ae-ae3e-e0a094edba80,0,0.0627214988456018,0
5c51c7fc-822f-41bb-9dd0-a8e2d9aad2c0,0,0.043422833970726125,0
5c5da569-99d6-4887-bbd7-6e0b2bfd7fa3,0,0.04252530656158602,0
5c5f07e4-d4ea-4439-b5bf-38e77362031b,0,0.043300331857352416,0
5c63a2e2-1ae3-4228-9104-808f922e324e,0,0.04646980036995532,0
5c7a3131-cda1-47cb-9b8d-874ae19717cd,0,0.047389186721607024,0
5c85eee4-669b-4c73-b86a-59e1f2fbb8a5,0,0.111047051149093,1
5c8873ec-a313-4b7c-abeb-b89a7e9f6ab5,0,0.058608639200022655,0
5c8a97e9-bd2a-41b7-b470-589fb654bdc8,0,0.04543465342452373,0
5c8c208d-9d12-4579-aae8-3fa8c02c7ae6,0,0.05387625023482713,0
5c9af205-aefd-4a91-8961-64cec84c9c50,0,0.049950141628345955,0
5c9fe8bf-5a6d-4aaa-a7ce-d3644745c9d1,0,0.14482424952624776,1
5ca8d2a2-b1f6-43dc-a1ce-28e5a758158d,0,0.049189462640752975,0
5ca97800-265b-4f7b-a84e-9819732924f3,0,0.2655717838723771,1
5cad3f5d-4887-43d5-8360-627b73435f24,0,0.04459279716379836,0
5cb254f6-07ea-484b-96f2-ca2502864b80,0,0.05686085642096588,0
5cbddedd-5cc7-4c25-8464-0adb233bebe6,0,0.04938106703287754,0
5cbe5319-5d67-48c2-a3b7-480259d0ea11,0,0.04909754384062383,0
5cc38831-573b-256e-caf0-5fc8de09ac3e,0,0.23721193310062952,1
5cc9412a-af83-46a5-896a-e325a9f86392,0,0.04426774938168841,0
5ccda8a8-2752-4ade-b8c9-ed6cf7694236,0,0.04890141827524057,0
5cd84ac0-0de5-40e0-b0ed-f00548c7c895,0,0.046524695832016336,0
5ce15f27-38a1-4363-a802-0fdb905196fa,0,0.0490144262518604,0
5ce8748a-2b2f-452a-8947-fd15776352c3,0,0.04464073784402561,0
5ced0188-5b0e-4491-b02f-89de27a5d65e,0,0.050929160435560505,0
5cee5f20-271f-41a6-8a84-6f8dd838aaf2,0,0.044116854565997184,0
5cfc63aa-6e0e-493a-af82-862a0676caad,0,0.05316101547857763,0
5d031ec5-e185-447c-a701-aa4481c4317d,0,0.3815091849577444,1
5d079afb-7ad2-4667-ab5a-76584cf4be6c,0,0.0419912970994597,0
5d099096-8291-4ac1-a2ae-b5a40c420b77,0,0.10080377726337768,1
5d0d44dd-caaa-4694-a92e-d055153fdd8c,0,0.050270211256093836,0
5d0fb126-cb3d-4ca5-b358-fbb7a3710123,0,0.04735495088676328,0
5d0fec5a-4c34-4b78-b924-b17b1335d181,0,0.05066733572476895,0
5d0fed67-3267-4323-90c9-a8460dfba9ab,0,0.04524930277211252,0
5d12e099-b532-4d56-b4cd-526b30c83f35,0,0.052985461324249715,0
5d14259f-dcc2-44ab-8b2d-3ca44826dc67,1,0.057141302731649336,0
5d14e4ac-d6b9-406d-8375-00de67bbc0cc,0,0.04639077932940395,0
5d192102-19c3-4867-8b32-d1da487e36b5,0,0.05473824783378782,0
5d21225b-c16a-414b-a5ac-178e0a34d516,0,0.05077882351743052,0
5d290470-16ae-4708-945c-628c1282fa72,0,0.04240514466413146,0
5d297c73-2051-4806-83bd-07452c5a9bdd,0,0.04638410508260849,0
5d30cb9e-1104-4b2a-a0cc-0a592335234c,0,0.06702475289264569,0
5d34b766-2555-4cb9-bd41-cf6ab527a2c1,0,0.04213897242276354,0
5d3dfa34-01b6-446d-b7ab-b695547c35a1,0,0.049645668496782494,0
5d43bf79-7efb-4dd0-977f-0b8bb6d2f081,0,0.05494537382273567,0
5d451a8f-7f31-40c4-922a-ca4dc0901946,0,0.0461136264202201,0
5d47a33b-1ca8-462d-aeb9-c1cd01925eda,0,0.0438326294982421,0
5d4c317c-daef-4f76-bfc4-e79463ba3623,0,0.059675896146845375,0
5d50361d-e910-4c85-8b6a-9746424b9574,0,0.04697456151087316,0
5d51286d-87d1-4d5a-864e-a92a8337d813,0,0.04099695014645139,0
5d6097cb-6d4e-4e99-991d-f680c2a6b47c,0,0.0664466241770342,0
5d6abbc2-f2a8-4aa0-9e08-00f436e5e36d,0,0.10351769782324172,1
5d6d97c2-19e0-4a37-8f1e-d3541952fa41,0,0.07600868097236957,0
5d79b78e-1b52-4ef4-8d9c-2ba4dfaec85f,0,0.041537366531330965,0
5d7cc889-8de7-47fd-814b-5ac790ef9085,0,0.04886568785615829,0
5d82bd07-2750-470c-8d33-38eea713d6f1,0,0.042839080855626564,0
5d877604-a6b2-47a5-935e-cc0aa6089b33,0,0.04570556542629432,0
5d937f81-898f-4498-a0d2-64d635dd9c9d,0,0.04579561001885885,0
5d98e385-0024-48a0-acd9-9b0c90fd964b,0,0.04980494435370507,0
5da9bdb9-c56b-46c7-a551-2576a072f34b,0,0.0513528589819979,0
5db40c7e-9298-4aae-a344-829ba6905a5a,0,0.04336850252065174,0
5dba650b-5032-4458-9773-43ff7908d898,0,0.0436707192352921,0
5dc1816e-d8e1-4462-9226-1259ce48ef4a,0,0.046470739025359226,0
5dcb3899-5429-4e1b-bb85-261651e84dcb,0,0.07233814354827912,0
5dd42d0b-1e21-4bf2-b6bf-42a4f54efaa7,1,0.06544690720950279,0
5dd8634c-dd3f-4c7c-a1e9-52e79342fe3f,1,0.08545654344917603,0
5de43fbb-ab57-46e4-b9c3-2e3894c0f168,0,0.05063876641100933,0
5debb416-22fa-438b-ac1d-749498b0dac6,0,0.054445672769115265,0
5df2160d-bb83-4268-a3c2-6805725b7abc,0,0.05037652465694376,0
5df96f8c-9ad2-46e6-9a34-daa22f977c07,0,0.044045843745139916,0
5dfa936d-efa1-4939-acf6-7dece7cc6791,1,0.8469634459904614,1
5dfb0440-50c3-4707-b38e-8b4ee8f8392b,0,0.050807189562519686,0
5dfbfb82-0d2f-4d39-b7fd-9e3d1b2cd2fe,0,0.05261554025907882,0
5e0d23fb-edf4-4eb6-92d3-bf4b4d12b618,0,0.0472964663124255,0
5e1673a3-db95-45bc-aa0e-cbb3f2cce039,0,0.04348993606253398,0
5e18c74d-bfc0-4e4c-a282-477b79f5e694,0,0.06922096988102991,0
5e250535-6f38-4055-b7fe-6c62fef1a033,0,0.06319798905152585,0
5e2a15cb-406c-4640-afce-0b374f0c4c61,0,0.10838767408312379,1
5e372be0-2590-42a1-8e24-f016167158cd,0,0.042015296860849455,0
5e409017-a0d2-4f43-b926-04e1a235e6e3,0,0.055536828357612485,0
5e4588cd-2b82-4a56-a0a9-5c82b06bb20d,1,0.17316887969177797,1
5e46db56-2f35-480f-af96-7194808b56ab,0,0.04724722052794323,0
5e4a8c7f-0a57-4509-bcbc-6bb91fd60a54,0,0.04481895855727859,0
5e5730b4-c37b-48e8-86c0-3acc3ea515be,0,0.04490388280689529,0
5e5f7693-2bc6-4cd4-9857-14c98d6c7ec1,0,0.06590882711513277,0
5e68d2da-f627-4880-88e3-e2fc095085c5,0,0.046764991157371816,0
5e6fa420-da50-484e-a455-ce66da45a70e,0,0.04474862991558384,0
5e732b8c-ea56-466a-ab0c-fa1f78afec3a,0,0.12479712066969009,1
5e75aa55-39ea-4f28-81eb-870d151048ed,0,0.0523270288565031,0
5e763c73-3c8e-4510-a2d3-0c0655516745,0,0.36907725377522976,1
5e840781-e6f7-496d-a523-f7ad05c585a3,0,0.04999953348190257,0
5e86384a-c12a-48a8-bd62-9aaa0f10a02c,1,0.0735874109308119,0
5e8689ee-2b27-43fc-96e3-115624209188,0,0.05931674512400867,0
5e8921f2-01a3-4c37-be57-d9377f3081c0,0,0.043904063973145835,0
5e8e4f45-5564-4605-83d2-8fd6835ce2fc,0,0.04240622970872579,0
5e8ed236-984a-4e7d-a7ef-c44b65f089b5,0,0.04352469475192719,0
5e9060c8-a2b1-4dcb-9bdf-20e7a95a5ad7,0,0.05852778725243236,0
5e90de8d-cd9f-4124-bb91-08e9a641346c,0,0.12354474620225628,1
5ea588a2-fbc4-417b-9aed-79dbee854ad9,0,0.04411505239587802,0
5eb13d2f-bea4-4ee4-818d-fb9164bbb7b5,0,0.07569941048582889,0
5eb29c78-bc15-4e1d-a70b-f8fb18320b42,0,0.11354138338112177,1
5eb3b126-6448-4252-a526-5b665513925d,0,0.052102794841279644,0
5eb61ede-fd79-4ba4-a329-cb801da61b78,0,0.05016854646034728,0
5eb7b2d9-a170-4054-a427-14cc7d32ac09,0,0.04341293004858666,0
5ebff845-2c08-4aa6-b8e4-b39515081eef,0,0.0446419578498858,0
5ec254bf-4457-48bf-8a5c-d1ad25284e97,0,0.043292394784386706,0
5ec906b7-f9c8-466c-8825-0244bfe0d7cc,0,0.05876741237020418,0
5ece5c31-b7a9-4b13-96cb-b03f8e84315a,0,0.051063674500329476,0
5ed50503-e7bb-4e15-a1c0-8a22f1241fc9,0,0.26277869563890077,1
5edf44d8-bbc9-45c2-a2e9-1c83644ebc78,0,0.05006314667780133,0
5ee071b2-31d1-4040-921e-865e23bdacb1,0,0.060930520187406335,0
5ee9ef53-b836-47cc-8814-410b8b4c24b6,0,0.0538624936630811,0
5eee3685-8560-437d-84e5-cb19f297c98c,0,0.04465209336193237,0
5ef01639-c7ce-4a21-96dd-9185b19094e5,0,0.0477219027197043,0
5ef0362d-05b1-4a61-90ba-c8828ad45407,0,0.04802948220841375,0
5ef740d8-21c1-46c6-a194-0f47b9fdc379,0,0.04791504491027632,0
5ef952fb-93e8-4009-872d-dc6054da1aa9,0,0.07889582371333874,0
5f039244-4d5d-4714-a032-45908a4e5bdc,0,0.04469939641998832,0
5f05a588-3c47-4719-a728-41b729d79ad2,0,0.05455913620215872,0
5f05c4d3-6364-498b-81ef-9b0e90602a96,0,0.04368666490488478,0
5f0a965e-2d32-48f3-9abf-1ac79ff88179,0,0.11008807921278166,1
5f1109e0-fdea-4a03-9975-09c9746109dc,0,0.04592483703106987,0
5f13d111-b6c4-4e1b-a118-3a706a5f733a,0,0.043107989096793614,0
5f1453ce-9765-4a59-9032-91080e61a47f,0,0.04274323037008564,0
5f15ac8b-045e-42b0-bac5-d5c9626fe565,1,0.07548839329064096,0
5f184310-6754-48ce-a21b-df21aa81457e,0,0.28639180084793125,1
5f1b8dab-b56b-441b-870c-138bbfb2e854,1,0.8071690767831733,1
5f25d779-3b13-4d63-899c-58982ebae819,0,0.048915222412855106,0
5f262134-584b-47a7-8b4c-9b0881dfdbc1,0,0.043319581827686506,0
5f27d3b3-a644-4a3a-80fa-f9d3c51c3894,0,0.04969889931537792,0
5f28a407-a179-51cc-0010-9cc1bf22f941,0,0.04377658564193967,0
5f2a47dd-ce0f-4b68-88d4-8613bb2bd111,0,0.04397930740952149,0
5f2e7a36-41ef-424a-9b6a-39d594b1e4ba,0,0.05444066453708924,0
5f3a66c3-fb80-41b2-bd36-7f1c75c78ca8,0,0.050947453224796733,0
5f57fdd9-9f57-4647-aee3-dd47eaad9553,0,0.04760028811032111,0
5f69cb3a-7dad-4a71-9cf9-2f99a2df2a43,0,0.044435507146652606,0
5f6a83cf-ec5a-469d-bec9-6c4333c0c855,0,0.04465556548525823,0
5f6c7f37-f467-4d61-bf73-d4a7d750b72f,0,0.0482888872731413,0
5f6f7015-5fca-4a9f-9afa-5cc892ab6220,0,0.045164466035463084,0
5f77745d-f98d-4ccf-9c94-ab7c7122bd66,0,0.05044167879604592,0
5f7f1047-faac-4288-88f7-b7374307f82a,0,0.04776451169742544,0
5f89b283-d053-493b-bd22-209615b8f10c,0,0.053674964327414205,0
5f9c0ae3-8ab1-4155-8e35-eecd02980f0a,0,0.048328820767251694,0
5fa269b4-a0fe-47a8-a12c-38a3c2b4a757,0,0.052516896970398755,0
5fa34af8-8b5a-435c-8441-2c2f43025902,1,0.06350374102240484,0
5fa4388c-3bf7-4a63-a586-878d1a0adcea,0,0.3512233894459986,1
5fa508a8-ee79-46b2-aba9-0e2b45b4266d,0,0.055736581980420946,0
5fa5b8d7-88d1-45e5-aced-d30aadf36a88,0,0.05067938988531157,0
5fa7482f-8d5f-4db2-8e50-6401689ba2ab,1,0.8498723350072162,1
5faa84ee-f67e-49d6-8ce4-98034c09a215,0,0.11641572144181207,1
5facc658-5d3f-4090-a212-7a2b3cc7908c,0,0.053512502350982524,0
5fb49ba9-89ad-49c0-8f34-3372421ea029,0,0.05930807504270105,0
5fb84e4f-3875-49d4-9569-d719ac99a1bd,0,0.213422142547223,1
5fbc9cd0-3099-4948-b465-fab6ed76f6ae,0,0.04929409338145386,0
5fc1758c-6dde-4895-a686-3e40ea7cbfa0,0,0.043992654768107514,0
5fc32201-a651-433c-9c8f-379da3f1d969,0,0.04232846426967249,0
5fc4d915-fcd6-44e9-b155-96f935a1bee6,0,0.05632647390249103,0
5fcb2185-bc2c-4a4d-b6cd-9a65a5212dd2,0,0.043016165372109325,0
5fe9d0a0-0de6-47de-a55a-eae9f89475cd,0,0.04648312541562172,0
5fef6952-d2ae-416c-bcb9-7aac815e16bc,0,0.041136474302234674,0
5ff512de-c203-4c28-b0a4-e6a29b152851,0,0.047277082979232624,0
5ffa5556-648d-45cf-8372-0fc67c7d49e3,0,0.04186930182603003,0
6003b943-34b6-4f9f-bef0-32b296fc539c,0,0.04319570061367019,0
6007b8be-342d-465b-bbf0-923b274f9dee,1,0.05491119033778752,0
6008c5ae-b1d3-4fb8-8179-af535bcc2d75,0,0.04214512160634238,0
601173ff-fa90-4614-af17-55f9ac01b881,1,0.7575133528239568,1
601f0ba9-85b6-476e-a60c-aee6f69b9501,0,0.0552169154174454,0
6022485a-0c3c-42a2-9490-3abd019ed018,0,0.04312455993318322,0
60231127-4d52-4c52-9a00-86e84b6f1bcf,0,0.08476239578117303,0
6027345d-30b8-49a3-a608-704d81758ab3,0,0.04387200741926221,0
602fc084-ed5a-497f-b343-962b3f7067ce,0,0.044984095620116314,0
6032d429-73ec-43c9-8de6-a106b911b1fb,1,0.05507343259148577,0
603f6b37-cc62-416d-a288-8dd760398338,0,0.12305384097883901,1
604834f3-a8a8-422c-b967-3f5d2f3ac648,0,0.04919993823601808,0
604e8abc-1b5b-4e91-83b3-9f55725ebb3d,0,0.0569157558171125,0
604ff99f-9609-4959-988b-ab0ea7651bd2,0,0.051384177115871135,0
605024e0-3683-4411-a3dd-b51acaa97c19,0,0.04421274090488072,0
6050aca2-e3f8-4a88-a5f1-6cb0911d33fb,0,0.04971536411575002,0
60594e18-a83b-40fd-8339-032698c87872,0,0.04293089099358762,0
605ecf59-c932-4d68-8d76-435c125ca0e4,0,0.04421794472441556,0
606bdc9d-c917-4e56-a68a-f3ce814208a6,0,0.053194309517690934,0
606ed6b9-65c4-4e76-b966-4b0485facb2d,0,0.04507313750531311,0
6071d11a-0d7e-4f69-8a90-39276276a1e4,0,0.05322541469137715,0
6075ba21-d2b0-4e75-b9c4-e81816066be7,0,0.05338919360476252,0
607c364c-2178-4bcb-95db-82e710b4f7a6,0,0.043194506759397115,0
607dcf15-b1e8-408a-8fea-a97245b999fe,0,0.059049480346643056,0
608388e4-8441-4fdc-af62-d1b4ea206b43,0,0.04656651417273046,0
608a9be8-7979-448b-b464-ef76c388c1a0,0,0.04264906603279283,0
609c65b1-093f-4eba-9528-afafb6c247fd,0,0.04924882304480654,0
609c9092-a17e-4ed3-b9c6-12c4a2bb0897,0,0.040614152667168314,0
60a2e343-ff7f-49a5-b98e-9e7812837267,0,0.04564703294391539,0
60ad47d0-b183-4029-86a1-11bee52cabb9,0,0.04296427957791754,0
60b402ce-a2d1-4ec6-bac7-a1697b18290a,0,0.044473712501320525,0
60ba0831-c25b-404a-85a3-751115c6070a,0,0.046806826108193894,0
60bb4ef5-92ff-4c05-9333-94342db83418,0,0.05086506491740219,0
60bfe468-7c43-4924-87a1-906aaa269dc8,0,0.046294614288374454,0
60c28cb5-7437-4c50-8f81-308fb4373612,0,0.6207998566423374,1
60c43995-05bf-4e2e-b074-064ee00416fa,0,0.04929184482743256,0
60c6f91d-a6b4-499d-ba71-70173b3cd5b5,0,0.05014654697616932,0
60cef07c-8829-4474-91c7-ce39f5eddf0b,0,0.043817957889359584,0
60d317ac-7c5b-4b0e-b798-89ed01981550,0,0.062195719312208915,0
60d363b8-f715-4e1f-9598-eb8ecae1fdd1,0,0.04963785720755449,0
60e0580b-1c86-4621-b797-64a4633981e6,0,0.043015718708237734,0
60e36927-8e6e-4bff-b63a-d9f45352e13f,0,0.050257422452966126,0
60e7c257-e944-464f-9b54-06781783378f,0,0.04486225955739554,0
60e91c88-634d-4f99-a89b-09d6e1bd5dab,0,0.043095537729814684,0
60ea3495-fdbc-4ef7-8389-f4f13a8c320d,1,0.8529111092301355,1
60ee13ee-e260-43a4-841f-e3095f4a1307,0,0.058487199398323315,0
60ee86ed-4f95-48b7-9155-29c59bddf426,0,0.4767166373564643,1
60ef1309-8177-417c-8d36-059361436452,0,0.045164590390062105,0
60f798ea-db7a-4b42-8d70-fdc224a8e982,0,0.048655277835640075,0
60f9fe6c-e642-4da9-8435-000bebf90e8d,0,0.1401739106070755,1
6100ba3e-30a5-4574-b875-0b7469688b02,1,0.08639745634884012,0
611d7b04-3a59-48a8-85ef-9a2e4cf21a37,0,0.041505882124567635,0
6124edca-d8b7-4ce8-8299-005a8f9b475b,1,0.4323715659440734,1
612963cc-4485-4356-89d6-395d1a6e1ef5,0,0.057294677998026185,0
613162b2-7159-400d-9f83-aa403985f0ba,0,0.04163176225687522,0
6134337b-308c-4891-98d5-68b06cd990af,0,0.0429523298332333,0
61368236-a61c-4ff8-aa02-24110243eaae,1,0.14431483810629894,1
613c98f2-7147-4c75-a369-c647d6fa3dc4,0,0.04453875483408875,0
6151d745-5943-4bc3-938a-6c654ec1abc9,1,0.09041869283302305,0
6152074e-79df-4221-9b1d-6fecff549ea0,0,0.051946107217993656,0
6159a3e1-1fe6-4884-a74c-c21045531e06,0,0.05019107893802378,0
615a0c0c-ed74-4de4-8eb9-e05c87deed7c,0,0.04371917410944569,0
615ec4f9-a513-4cb5-90d5-dedfe0ddc885,0,0.04331700030280009,0
6167c696-bfab-46b2-911a-dd38a663d9b0,0,0.051157060253480505,0
616c8bd5-9cc9-4b01-9b88-8a4daf42c10c,0,0.05675912943593427,0
616cb18b-080a-444a-9a94-ec6eda1f6c0e,0,0.055973194201932405,0
616ddc7d-b31b-4cb1-843f-84dd6d1c2c87,0,0.04733826673099917,0
6175dacc-f71d-4580-a7d7-74ebefc70590,1,0.06572099233594986,0
618e9a0d-92f7-490f-88bc-6f0b01d0c9f1,0,0.10476763565620203,1
6193f203-71a7-4254-a668-5f59d14e747e,0,0.08461049945402281,0
61941cdf-a6cf-4fcc-9ada-e6bc95e1242f,0,0.05818324940459539,0
61945d06-632a-44ef-800c-ee47ac1f342d,0,0.05055464950349917,0
61950c39-a4db-4d31-80a0-30eac05968d6,0,0.04940551817584555,0
6196c19c-608f-40e7-9ab9-71481431e384,0,0.044772768287717535,0
6198e3a7-e372-4137-8004-7ff550ba30cb,0,0.04332410984339083,0
619c5407-6e13-4e51-a407-4989bd012144,0,0.042831558689954065,0
61a6620d-8965-4787-96d4-1a9774a85d75,1,0.11361091999322383,1
61a6d818-ac77-4dde-830b-1e9e3978cc9d,0,0.04792078427241745,0
61ad1dc7-036c-44da-b6c4-f207e3e1d6fe,0,0.07188663444583575,0
61bbe6c3-e110-4a3a-b91b-746d4fa6391b,0,0.043704560298802965,0
61c5a22f-f77b-4efa-92d9-b3ec721891cf,0,0.043784709407189024,0
61dd8a99-a71c-4e9b-b394-3ed00beb5e47,0,0.04570758105922313,0
61e84891-5d5b-4997-8cf7-33f28bb715fb,0,0.048985109074171716,0
61eb9dcd-4e57-4850-a136-ee21becd01f1,1,0.07185405308488924,0
6201329b-8ff4-4ffc-8eae-0a8f7907ab79,0,0.04759780773373947,0
6201bc33-d337-402d-9c87-de0ab0c1639f,0,0.05280853330642274,0
6206216a-c268-417c-bec5-a5b3f7154658,0,0.043665396499643905,0
6207657b-c7af-4f7f-ab7d-4f9195fcc915,0,0.0415363336728814,0
62094e7c-9f8d-4561-8188-9fe9b8ffd999,0,0.16215438017205647,1
620b13ba-7567-457d-aa0a-0927656fb036,0,0.043975304622298136,0
620e1a3b-ac00-4332-863e-56223aa73ee3,0,0.047337566625635735,0
62164f60-662f-4a76-8bc8-234a1972910c,0,0.04538367317663361,0
62247535-2e92-461f-9f1b-0dfd8221cf1b,0,0.049555061287200844,0
6226d960-e050-418d-8737-bca0c303d146,0,0.04130462822673842,0
62296ae5-6656-4093-aa4f-c7484f1029da,0,0.0466154272375908,0
623d8784-7565-42b0-ad72-daef39a66e10,0,0.041611858680167826,0
624f2a9b-2e16-4900-bac1-76cec1513509,0,0.04567939189704129,0
624fcae5-038d-4a5e-978b-106dffeb9051,1,0.07226329237008629,0
62522171-cb2f-4dda-9d0a-d56f18edf884,0,0.044389620652289824,0
6253e7ea-1c60-4cfe-9bad-06c477356652,0,0.04486997420199999,0
62572c80-bc96-4224-9bfd-e58bb66732d6,1,0.8021454772330401,1
62637623-c7db-4e76-93d0-93e710b88d7b,0,0.04459549453928727,0
626a0d7a-d9d7-4936-9fba-c4f808655231,0,0.051885037750230165,0
626b9da2-f9a1-4dff-a4fb-13002d91a489,0,0.05418460549101493,0
626cd820-f60c-4bac-8277-e2762034c7cc,0,0.045985150937652035,0
627bf82e-85ab-420d-92f2-ecd44895eb19,0,0.050388169169323996,0
627f7983-a7c2-4510-a221-16187a6f0c6a,1,0.0763145186555241,0
6280d577-25c8-4147-99a7-abc6048498d6,0,0.04137135205567687,0
6287279a-e58c-440c-93f0-c507a8065dfc,0,0.05111135580714185,0
628a63d4-f0db-4520-a7e2-d4438b34365a,1,0.07656297072179728,0
628a7a59-93e2-40ee-99e3-15dc942f76f1,0,0.05355849565026192,0
62933d93-bbe3-4880-95d0-3dbe6d2d04f3,0,0.21828052156121522,1
6296bd53-730e-4939-b358-fbbbe31c7ec0,0,0.040547103536901954,0
629a07ef-0628-4a99-8a45-87792beda732,0,0.06168887486763798,0
629a6aa7-bae6-4f4d-927b-e2b94919fa9f,1,0.07639225530975947,0
629e1ba0-bfb8-4b6f-8287-ff82b8aa48a4,0,0.043481927876451956,0
62a0cc53-6331-4fd5-8ffd-353901d75404,0,0.06918455822645721,0
62a3b59a-de32-450e-828f-281eac9c02d1,1,0.7598774130701553,1
62a6c708-6c90-42c8-944d-0e923e00935d,0,0.04230937838111317,0
62ac5489-13df-4e76-a2da-9de274cc50aa,0,0.0660555383274637,0
62b0936d-acb7-4ad2-85a4-6b424b01b261,0,0.04167280923597936,0
62b4167e-f94d-4fa7-904d-b4b321bd9ef5,0,0.0433074991304155,0
62b59b17-6a92-4511-a45f-a2c9d92ae0ea,0,0.04465242212639679,0
62b5aa5a-1063-4e3a-8c60-107e71dd4d1c,0,0.050045427481104174,0
62b61eb1-9910-48b4-baaa-a4f16dc7d0c9,0,0.0489725241028438,0
62b6ad16-3298-45dc-b533-027ea04806fd,0,0.04651214313069948,0
62b8b706-eb5a-4319-be91-e1c297ce196c,0,0.05976077818965588,0
62b90aa3-26ca-47f3-ba79-e5e4aa45f378,1,0.8014433283244653,1
62c80e92-1f6c-43c2-8e28-87a3cf7a9243,1,0.05530657843147256,0
62cba087-a01e-4c3c-b2be-b62026a49615,0,0.08089305212451564,0
62d177f3-4577-4126-af2c-ec59bed986cd,1,0.11296984287650319,1
62d214e6-97e7-4226-b254-37a298295923,0,0.06473860141758155,0
62d25ee3-b9ed-4adf-8cec-ec08fda791d1,0,0.04217356152382602,0
62d52b1a-b72d-4e5e-b99c-02f1e193b522,0,0.0559153061656106,0
62dbfc6b-4509-4ffa-b727-d877ba1ef680,0,0.04451402109087878,0
62decaaf-31a5-4a24-b99a-e4d3a9f1c7d3,0,0.047834589928192464,0
62e1547a-829b-404f-afa3-063dce28aee8,0,0.054426549191681974,0
62e4c73c-15de-48a3-a843-3be539f39de9,0,0.041618260128882215,0
62e8cbe6-c98c-4c66-8fa0-c2890aedace6,0,0.06330576418294101,0
62f9e7d6-f86f-473d-9408-748f754e68f4,0,0.04728826958512039,0
62f9f1c1-2231-4cfb-88fa-2ca7938bd495,0,0.043446765757543145,0
63005be6-0730-43a9-9095-601947c1d78f,0,0.0544033655166419,0
63121972-46d2-42ac-a426-1a2c89bb894a,0,0.06689315202151982,0
63146652-e3c7-4578-a283-995422859590,0,0.044780282181087865,0
632e00c3-fd70-48e4-8fd0-2eabe3519ff2,1,0.058550270991874334,0
6332e489-ff29-4fe5-bfe2-69688899ffab,0,0.04716449806769981,0
633afba2-9979-4151-aed6-2139dc88d13c,0,0.0523207650077552,0
633cb111-9048-4366-b364-10a111a36b10,0,0.04866433180931373,0
633e4e31-d822-4ead-88d0-88cd6ff75593,0,0.061633356663825065,0
63458121-ef3e-4a9f-be51-5a381a50afe8,0,0.043816489255338056,0
634e425d-4496-48c9-a36d-6593431bc15c,0,0.04979958948667524,0
634e89d3-0e8a-49ba-839c-b547fc0e2292,0,0.04835759531604431,0
635e3bff-cc96-4c5f-a9db-c8e3ebf0b8d0,0,0.04572750141706967,0
636f8145-3b8e-407d-9e41-47e544754819,0,0.04374655760387806,0
6380ec6d-90f0-43d1-a1b2-1d240ab3af39,0,0.058393534939518134,0
63818ef2-87fc-45e0-8585-374a3cd31aa4,0,0.04169694875989402,0
638289db-d5a3-48ea-873d-b555612e58da,0,0.05402349894014891,0
63868284-aa4a-404d-92c3-a4f9e4b9b6f2,0,0.05471548550812874,0
63877d6b-7051-4efa-8eb0-36f7c48f2ebe,0,0.04735683922573517,0
63885502-60a9-4351-ba76-e619d4762e71,0,0.0471302820996401,0
638fe5ad-5959-4ca4-9567-f4a62cc432d7,0,0.04952732768307487,0
63962607-d32b-4ff5-9ad4-6b2c8783879a,0,0.051780022881657985,0
6398e856-fd81-4bb2-a633-1893368827f9,0,0.04617726233823331,0
639a3287-2047-4e17-b3e3-dac603af0026,0,0.05119550592602141,0
639b230b-1255-4833-8763-4aea50c7ec0c,0,0.06201015205124852,0
63a66632-1cf0-44af-a904-58625b568d3d,0,0.04753673465763906,0
63ab8fec-f4af-45e4-9c7b-d4bde2f942f9,0,0.04477636849514,0
63b55f20-45e2-46fe-b7fd-996860282c44,0,0.07232961285240556,0
63b67389-2856-4e1d-a296-882c99c42bb7,0,0.06257395498861101,0
63b69b12-51d9-4c62-9c5b-9e2f615d9145,0,0.1583117924440263,1
63b9dae9-4f87-49fd-8089-8d3cc1fb73f3,0,0.049804621626411,0
63bbdece-2866-4e4a-8c50-8fdb723d1efa,0,0.04940534973362985,0
63c0e370-0e72-44ae-b502-3eba67bbbb7e,0,0.04185814104650547,0
63c92b43-4bfc-435d-b4d6-1e8012bf8f79,0,0.047963069348510606,0
63da3a02-2e25-45c3-bdfa-ffde99e34bd3,1,0.841108434453178,1
63ddfd8d-c8d6-41b2-a590-a568aa0b52d8,0,0.05928239664339824,0
63de1120-9d48-45d0-b024-500d1b95d71f,1,0.8300346194277909,1
63e4fa0b-cb19-4b63-a1d0-ed1641543720,0,0.1489974203793039,1
63ec314e-8202-46de-abbf-c7ba2c1bf87f,0,0.047483379548785606,0
63f6fc79-a6b0-4c5f-9964-45c460db3077,0,0.05296341821782499,0
63f9b6e3-bd52-438e-907b-cc6f9b71937e,0,0.044193032572739405,0
63fec81c-5ba8-4fd1-9fe5-cd93d0f4285e,0,0.0512381565962792,0
63ff8775-ebde-474f-b0ae-840e195d327a,0,0.04322332530232637,0
64038305-aee7-466f-9fd9-5c095778b470,0,0.043465294377387,0
6407cfad-7269-4978-9450-dbec315f2fa1,1,0.10695026344809754,1
640e02e8-333d-41fb-b923-3e8ef50ebae0,0,0.041715419691592114,0
642c7cba-f566-4dbd-926d-8f255c3e03b6,0,0.04364546262411857,0
642e74ac-fb05-452b-aee5-8ab4d41e4feb,0,0.055182305701702516,0
643eb5de-38cd-4f47-b1fc-6d2373cfb9c1,0,0.0461016243243517,0
64458258-bfeb-42ae-a205-d5a74dc83ce1,0,0.05119329870589813,0
64465e69-efca-40d1-af68-fb7e8108e132,0,0.04272530663082795,0
644b281f-e73c-4d74-b392-0008b5f5485c,0,0.052814256502951414,0
644d8fc4-c773-42be-82b2-dc648d598978,0,0.04556874991186599,0
644dd279-4ba6-4d75-ad9c-7206285fa0cb,0,0.04088253384639586,0
645486d1-c514-4481-b700-b859d91e5095,1,0.1699264463250749,1
6460adb4-319a-4441-8e8d-40b7309594a3,0,0.08640558291640973,0
646560fd-a0e2-430d-933b-b8b932bf9329,0,0.042948048660063395,0
646643d4-8b90-4e14-86af-8395d62ecac3,1,0.05000609258013384,0
6469f76a-7789-4e08-b408-8fb9a95897fe,0,0.06101906173541914,0
646aeab7-87d6-442d-b547-38f38fa43cf3,0,0.04154175433749367,0
646deaae-a6b5-4b82-ab34-c95b31a48af4,0,0.13222944463709607,1
646e0d0e-3944-4ee7-bc25-a41e4cd45c5b,0,0.0633401045652612,0
64701853-8f7e-4f6c-a550-825585967b93,0,0.057846217268536795,0
64739a5c-466d-4b64-885b-ba0f59412ea5,0,0.04568740538918429,0
647992ad-6d3a-4bec-b828-86bc524e5e26,0,0.05388341757814673,0
647f0049-53ad-4263-a736-52405382deee,0,0.04954089249133135,0
648cd659-2666-4945-9390-57edfbd1c4e0,0,0.1814891979156973,1
648d11d2-24c3-4f55-90d0-582fbfde40e7,0,0.04423247594709818,0
649635f8-6161-46da-8dd6-acbadf46c544,0,0.04294377426011623,0
649e2fc7-b423-41f5-889f-474c345ea4aa,0,0.04404930605963935,0
64a4db19-d3c2-440f-869a-8c34d10657a1,0,0.1077404211861465,1
64a64f97-3a9a-413f-854d-ff33106c436b,0,0.05118108203187414,0
64a88c53-7ab3-4540-82d9-8aef2d340d8d,0,0.04140545348755934,0
64acf9d5-32cb-4f73-9a5b-0dec95976463,0,0.05046017732618916,0
64b4a403-1d0a-49a1-b653-e8640616e06f,0,0.05381569814840731,0
64c68405-7002-4ce0-9604-a4c2e1f7384b,1,0.059602934562009845,0
64ce0910-cea8-46ad-bc28-e27344499cda,0,0.047597888160888835,0
64d6b576-cd02-4033-be22-4837a285e40c,0,0.0511306791730699,0
64db4e40-fe14-4a1e-83fb-8a16b7b22231,0,0.053833983767023266,0
64e4aae3-4b76-4db9-b314-e4a143384d73,0,0.044011509657056365,0
64e92ebd-d75c-4d79-9e17-860f8d3e9b4b,0,0.056492784379587956,0
64ed836c-fd38-42f4-9d0e-b07a42068f67,0,0.0470827701329782,0
64fb21c2-8fb4-43a1-a85f-c250d6bfb12e,0,0.6870396735754164,1
6500e35b-035b-4e79-ab1c-153b094259fb,0,0.043757018175977436,0
65139366-f078-4332-a02f-a5816867a1ed,0,0.04910349924851931,0
65143914-7f00-47dc-ada9-3912b0346e7d,0,0.0488038174699274,0
652640d0-0121-4ac4-9bf1-71407f908315,0,0.050578356232736654,0
652b14c5-99fc-4a4f-84a0-09694c0580f6,0,0.04413939154939681,0
652e559d-5471-4dfe-a731-3ec6fbd51cbf,0,0.05196138526335465,0
65308f03-36d1-402e-a0f1-e3682aff68b9,0,0.2630927378395084,1
65309775-0d9b-463b-8921-70753f6087e9,0,0.3197695353994097,1
6539026c-655c-4503-91f9-a88eefbc2d9a,0,0.04319671818592412,0
653a0069-b994-4ab1-bc6b-9588c0e6d08c,0,0.11079743639877172,1
653ecafd-ff80-4735-be95-15bc473aa9bb,0,0.050352071237256386,0
6541917a-05dc-4aa5-9561-b4f13c41bb65,0,0.04831207220234208,0
65419d55-0b72-445a-86c0-fdc7bd6a69ac,0,0.04433448910822347,0
65454654-dada-46a2-b47f-208e78a09d84,0,0.06130815748138895,0
654bf3a5-216f-460f-b321-c6b249b35bd7,0,0.04598241188817872,0
655b8a4e-b567-400b-bf39-f56e73f694b8,0,0.05580340640357447,0
655d9bfe-04a1-4f09-808a-8a4c67b150e7,0,0.04112653024365399,0
6569bcd7-0e60-4b2b-8963-0532cccc01fc,0,0.04323628053115537,0
656c4217-7393-4bc9-bf06-49e959d7b9e9,0,0.05546847353164326,0
65701b3c-d885-4bf4-b67f-178d67f22ddf,0,0.045482235325669744,0
65726b01-403d-492a-b60a-453e41788479,0,0.04334211592183927,0
65770dd3-3f83-4a52-a591-75cc3db98093,0,0.042509201485179865,0
6578dfaa-9947-4a16-9d52-f307008a494f,0,0.05980069492876728,0
657cfc83-f88e-40c8-aef0-5a1afc4781c9,0,0.04497650609725372,0
65839078-ffd5-4450-9f5b-a93da2acc5d0,1,0.8573710120550471,1
658467da-acad-4087-be6a-aff0128778f7,0,0.06219028014076122,0
65862fc0-059a-4a41-8aa5-852e37202708,0,0.05396418346139931,0
6594712b-ff8b-30cc-55aa-d771feccc133,0,0.05407957890792191,0
65948f9e-4b86-4d96-8b43-6bfbf3c0d446,0,0.04389027222708827,0
6598df7a-bccd-4ef3-a931-229159dad4ac,0,0.04498621663943023,0
65ab99f4-81a7-4235-a8bb-2164de5dc751,0,0.046619484846257636,0
65b8bfa0-a573-46ce-9b19-828181f2870f,0,0.043581347779896175,0
65b958e5-98ea-4dd3-95c1-99ad0b000b09,0,0.04757502846021366,0
65bc13ff-7fa8-45cb-89bd-92550ea64e6e,0,0.0430725818327554,0
65bfb445-a4cc-4b52-b3a5-4f1a6be82d69,0,0.0968963138837367,0
65c0e9bd-c313-49fd-90cc-937f3ac4fda5,0,0.05274040123929329,0
65ca1cea-cf63-4533-9981-78c06fc5b45d,1,0.4584364214965754,1
65d4d631-be2c-4d61-b092-55061317c983,0,0.042469014758150354,0
65d5ba2d-c955-4875-938a-dc0dd1d2d25b,0,0.0457687839755146,0
65de63d0-b105-410c-8159-7a521ca4460e,0,0.04113103848638019,0
65e07df3-d98c-4e1b-a078-ecadec5e9cb2,0,0.053780757886080215,0
65e14e48-c3ed-4f7a-9097-68e283afed13,0,0.05425910850097193,0
65e929fd-ecea-4eda-b48c-e6036e6f5ef2,0,0.045853872788813366,0
65eddda3-9e8f-4079-9282-5c501cd14353,0,0.057690575129506094,0
65f099c7-4386-40dd-a58f-4925ce7dbd09,0,0.05320831077995938,0
65f539fe-973a-4e8d-9b3b-a60892dc07cd,0,0.04209380643413929,0
65f72ab8-d03c-4acf-b754-40e24ca67a95,0,0.050654862172900925,0
65f80236-42b9-4f7a-b03f-3ef7dc011af2,0,0.04060466647869483,0
66031c68-86bb-41e5-9c79-7da5aab6253d,1,0.523588272536275,1
661428f4-cacd-4d8e-bb32-04a672d7398c,0,0.04314829832048502,0
6621ccab-308e-4378-9295-e392b606de4b,0,0.05349107900398871,0
662982d6-09a7-4b0a-ba06-9e998530387c,0,0.06948152118986843,0
662b1a40-a969-440c-951a-645499e06918,0,0.047254577127798784,0
662b970b-4c87-4d58-8a16-1181a2177926,0,0.04343084984231286,0
662c034c-ece4-48b9-b24c-1716eabf105c,0,0.05421453116241891,0
662dc3b7-febd-4ccd-9c55-00dfc6e7d852,0,0.6870305458733122,1
6636373c-038a-4f26-af0d-c03f0913c4e0,1,0.04503764305416205,0
663f2d1d-213d-4502-bf99-17b5b094a790,0,0.06264031811199713,0
665d290c-7238-4817-8a98-0fceb8548ff9,0,0.0477644872911927,0
665fd872-8477-4765-a87c-9ce609bd4b01,0,0.04315438301639307,0
66652d89-70fc-49d4-9e4d-2c130a131d5d,0,0.05077324146490282,0
6673b6e4-68ab-4549-8081-5a4cbbf085a6,0,0.07556388351839635,0
66762bd6-3593-4f4e-9131-aaceb96fab53,0,0.04591080599613979,0
66851ce7-e6f8-455c-8f81-f9f5a8ab234e,0,0.04865094859833168,0
668a6a78-b352-4967-a571-8a61bbedb3b8,0,0.0456462171739707,0
6692fab0-f08d-40f3-afbd-d2f27c9b3031,0,0.045812978610964734,0
669ef4bb-8e6e-43c7-90e5-5487629c1787,0,0.052349076576463184,0
66a83145-30bd-4250-acbc-ffc5bda016df,0,0.2046372170573056,1
66b275be-77ae-4f86-97f4-acaf2eb297a9,0,0.04979587987813279,0
66b6439d-6c58-4d38-aba7-df4aef90356a,0,0.05167382289297215,0
66b99458-8c03-4246-a73b-d6df789e1177,0,0.07068284969124189,0
66c3a8ac-f54c-427d-b657-8a430589d155,0,0.04728121249487691,0
66c9fe92-36b7-426a-bfab-5612a24d07a6,0,0.05180839553091346,0
66d3e6d4-3e71-42e8-bfd6-d1fdbc8343d1,0,0.044731241996135845,0
66d3fdbb-5e31-4788-be8a-9fc9d8804f22,0,0.04588136698740707,0
66d46114-2801-43fd-afb6-f240541ce2e1,1,0.058955374313680836,0
66d65d89-1e57-4242-9692-c5cde5683302,0,0.05130704228070806,0
66da60a5-03b3-4ad0-809f-71b700f78a86,0,0.049446351913913535,0
66e4cd85-1a4b-416c-90a5-2dd3475dbf28,1,0.17634299593179373,1
66e9533a-cd23-4dfc-a335-92612d3c06a2,0,0.2649618589932809,1
66f0a8a9-1e35-4d18-8898-30393a025ede,0,0.04420906190171091,0
66f55627-5111-4015-ad8b-3eeb14cf0528,0,0.04601955701582688,0
66fc0a9e-5344-4d34-9df3-d0800385f88a,0,0.04252003534372664,0
67038522-e3ea-42af-8c3f-ae233c65547d,0,0.08579592555930228,0
670e4142-7ea6-44be-89ff-431e97cc93a4,0,0.04383001299456319,0
67104550-02db-4834-bd4c-5874918ff411,0,0.1468095455923721,1
67119bb4-9a70-4ee5-ba3d-f2d3d5b0754b,0,0.04859835012719251,0
671388fd-9959-4d97-bbd0-9911d91a21dd,1,0.29313595800759673,1
671a080b-6d1a-4f9f-968c-77d3db524cc2,0,0.04754494557961418,0
6732f136-ae8c-41b4-a1d8-2d61947e8f91,0,0.04166142088102551,0
6735b8ac-fff9-407f-aee6-bd3554940ac7,0,0.04596159830388859,0
673efa91-486f-4a00-8d76-510a6b7034df,0,0.04300283162501591,0
674019e9-2d9c-415e-aaab-7253874dac6b,0,0.04048963686268839,0
674081fa-559b-42c7-b356-d21120c45b28,0,0.04507456706824048,0
67432854-0b17-4949-903d-a22eb61f18e2,0,0.04519240609096614,0
674b4d41-582a-404f-83ad-e7a40e8281f0,0,0.04651112032752504,0
675d25c8-a8ba-4668-83e3-1c0575263b19,0,0.049127655663370906,0
67626ef0-1bc7-4897-bd24-3f4a388c113f,0,0.0444133220015406,0
676e2d86-4fe4-480a-a35a-926f6c886c7e,0,0.05283461870741232,0
676e8582-a1f5-4b35-a9d6-f476234d8c16,0,0.10727538399028233,1
67717660-063a-4fdb-a958-8ef984f963c3,0,0.15751896673180113,1
677243d8-9923-4735-ae4a-9e05d069113c,0,0.39311148213658276,1
677a12fd-0672-42a4-8000-6b9cc0e6212a,0,0.04470568837798111,0
677e7c06-6c1c-44db-ad16-e2ba06ebf261,0,0.04438391685462034,0
678cdf5c-a5b2-4e5b-b61d-fd4e5c6eabf5,1,0.502173314009549,1
678d029a-a911-4504-b232-d64a7448bcac,0,0.042443508890348036,0
679428bc-3c02-4bf6-a8a5-481528557adf,0,0.11324490563294407,1
67946ba5-c6a9-4d99-acba-1f80b4097110,0,0.04723427606107611,0
67a0a4bf-3715-4d9f-8cbf-3ed41fa50b25,0,0.044355927206548136,0
67a41c5e-dd2a-438d-9316-1f55e71ec787,0,0.04475441848902042,0
67aabf84-02df-4f96-8afe-82e4418c9a04,0,0.05790258868257737,0
67aae376-e9ef-45ee-861d-74150d83e849,0,0.04431112919938977,0
67ae8e85-979d-4247-870a-843f6305deca,0,0.04188769171942909,0
67bd21ed-14ea-442f-84aa-e1198362343a,0,0.053845479957144476,0
67c399a2-377d-4d7f-9358-4264b106fdfe,0,0.05953776559433158,0
67c789f1-e079-4b9b-9903-ac103f690742,0,0.05636528993888638,0
67d2aabd-b11a-4e7c-8c9f-e9290cd87963,0,0.06234661415084621,0
67d8af67-89d0-449c-a88e-da312db02f7b,0,0.052221186421868515,0
67dc1118-874a-46b3-8ba9-89a25cab9213,0,0.05163684787746298,0
67dd7a68-ae6c-42df-8972-c61a3ec9016b,0,0.04205782997094908,0
67e08efd-8d8f-4441-8c34-211d73430fb9,0,0.04239461071268153,0
67e920ab-b35c-46c2-8225-c19d437ce197,0,0.04354954299143796,0
67eea003-412c-4d8e-83cd-8dbc7a36fab7,0,0.04683619346144894,0
67f2e349-0b35-4149-86ad-9b41e3ebbb30,0,0.045397053562408404,0
67f52aa2-1c38-44a5-815c-6c31fe710363,0,0.0638670900309664,0
67f7d5c0-026d-4dfb-9205-9109a191fea0,0,0.04363721253422869,0
67f8d35b-e9f2-4cb3-8e15-076b165c1463,0,0.0817994298965884,0
67fc6b3b-8322-468c-a24f-a37752fb8084,0,0.04706716647948718,0
68012a6c-d2ab-4ecd-8a96-87aaf3b42693,0,0.045255129018545545,0
68071c60-5741-44d4-bd4f-1fc11f958db4,0,0.04935297242195467,0
6808a785-a4b3-416e-b878-36b686b4d645,0,0.0567935982032857,0
680d7f6f-9048-493e-86e8-61c612ef6efd,0,0.05048766283562764,0
68124c9d-94c4-4af1-98a1-9a9aa70e5301,0,0.23556561243380117,1
681a8631-8137-4153-b4ca-319e95fef919,0,0.09702282522703251,0
681b990b-2779-4303-9608-1ccd462efa4b,0,0.07351994151925305,0
681d98c5-cc2c-4d25-9bd3-c724a0d5adf4,0,0.08125687115257786,0
681eaaf5-6410-4594-a99f-bff6c878c38e,0,0.04553179991775511,0
6831d4ad-f35a-4dcf-b7ab-f9bd3f406d09,0,0.04409685641668917,0
68325c4c-73f0-43ff-9cbc-2f1131d59ee8,0,0.05075630231840318,0
683d64b6-8a53-408d-bc73-ccadf2c058ac,0,0.044703538083988595,0
683dd37c-7df5-4422-8097-fa290fa5f353,0,0.049433704223049595,0
6851141d-e7ae-4c7b-80fd-d4e825477724,0,0.07503625728345899,0
6855bb9b-22a6-4010-a38c-632694445c1c,0,0.04360740884237343,0
68588233-f7da-4baf-8de5-e319c0d55a9d,0,0.04446428191080815,0
685a8ca6-9be1-42d5-81c0-b8359bf36f23,0,0.041631928619748675,0
685b5b42-f597-4a69-ab4c-ef96a30bc454,0,0.4137637934979522,1
685c34bd-6481-4bcb-afef-ac93533b7279,0,0.04317402752779007,0
685e18fc-dfc8-4c95-bd20-dfa12da3bd32,0,0.0590562800998954,0
685e95f5-269f-48a7-a21f-6860f74cd8de,0,0.046057152607723556,0
6866710b-4beb-4158-bf07-5792e7c129c6,0,0.04989423277140682,0
6870e1c9-5ab2-4717-aea2-4b95e8d29fe3,0,0.0545569844157997,0
6870f7de-c7e8-49f3-91ca-ca0a2b4eb318,0,0.048237125586770215,0
68725a63-8e37-4fe5-8e4e-18e1378217bd,0,0.2753632827947112,1
6879ebea-2f37-4e2f-8506-e07521b75bd7,0,0.06631470345056956,0
687c71ad-c04e-4feb-b85a-c11c7650d3ce,0,0.04409385003966344,0
687cd535-46d0-4054-8f90-b0b65d3653a7,0,0.049603652619890484,0
687fc4bb-e98e-49cb-a1eb-4da429f216df,0,0.06010701130790461,0
6886cf21-fb65-43cb-829b-9bcef1fdeca3,0,0.055269405725921726,0
6887ca4b-72ad-4e6e-a829-9ec1c703c5f5,0,0.06929753552375194,0
6891f01e-9383-4d8e-9a61-8917b6a03e86,0,0.04564316510292174,0
6895f60e-c5c1-4c63-a805-05103bd32177,1,0.8789658844730637,1
68a151a2-a734-4a92-9791-7296f8ef71c0,0,0.05325921766504425,0
68a9cc36-74e7-4b6f-bbc0-c3344a56588b,0,0.04868513273330235,0
68b101b1-2f89-48d1-9619-30082fca9bc6,0,0.04397657173631114,0
68ba5769-108d-4872-bed9-36007e40aa6c,0,0.05087325714186153,0
68c0e3a2-ea05-40df-9442-7c7d1c25da82,0,0.04836600707881369,0
68ce4345-8d4c-4a72-9ef6-7a7d81cf2aea,1,0.6493631622305162,1
68cfd73b-4c94-4657-9c31-455d2e799d32,0,0.061150850141655014,0
68d502cf-71a8-4ce0-a5e1-0517481939ae,0,0.047930102873654436,0
68d73065-c239-4d9a-aba8-7e1a0bb83fab,0,0.044625600482876566,0
68dbe772-f026-4fd9-904a-3c412960caad,0,0.047275376262793795,0
6901c7fa-cc94-4aeb-ad87-83339b25d341,0,0.04300029638553689,0
6902178e-181c-4324-868e-40011985640e,0,0.0451060373009317,0
6915a05c-4536-4020-9325-44fc9a099027,0,0.04583168801085571,0
691fb687-2d08-4bcb-bbd4-0dc8dabfb4e6,0,0.093823326919358,0
69273a7d-e21d-4c12-99cf-75e0c3c7c52d,0,0.04504798699374366,0
6927d335-b8d7-408b-b52f-25f6d03abcc1,0,0.05044089252411932,0
692895b6-fb98-4af8-bced-e729663e5c7d,0,0.04450140802476741,0
692c2686-062b-4fa7-b29f-4c390218d775,0,0.0460531730572281,0
6932550f-9ae1-43c4-ab2c-f7f2817a02ad,0,0.05165915959836481,0
6935b39d-5092-4039-858d-320aeea2439c,0,0.057011721424521586,0
693eb643-bd6b-4959-9147-bb3e1ae3bed5,0,0.06963060999411301,0
6940ef94-2f16-487b-9e37-00c77c3012f5,0,0.04526928242716011,0
6942bc07-c8ee-4584-b6e0-30d2bb6e65a9,0,0.048896476594836744,0
6945f762-85bf-4c3f-a0e9-98c0f1feb730,0,0.04963938581452362,0
694dda74-7979-4b2d-ab63-4c5cfdfb9fbc,0,0.04516196850355388,0
69501262-59bf-44eb-a748-ce9d45773d50,0,0.05327461392963654,0
6958238d-5c57-4791-9795-0f5049b7e16c,0,0.05352904966511427,0
6958eae9-cd43-4894-95f5-b2d59559ac82,0,0.047074590061274166,0
6958ff70-0d6e-4990-8beb-1bcacd17fb19,0,0.07678209305642396,0
6963fa60-84e3-45da-89e6-9c16477349db,0,0.04541655978557545,0
696907dc-88f8-479d-a397-28f421c1ac1c,0,0.055920732802542374,0
696dc103-5ea9-485f-803a-4014bd691743,0,0.045766336753862706,0
69794acf-9257-4854-b7b7-cbdf70abdf87,1,0.8676904123790757,1
697cad3c-18fa-46b3-85ef-0ff64e7b6b0b,0,0.04505220020616325,0
698f6680-5fcf-4bf0-af14-cea6366052d5,0,0.04316646320034629,0
6993c854-095d-42f2-a09a-911bd7417468,0,0.04099248884531151,0
699bfb85-af75-438a-a54e-eb0716fec076,0,0.048299984969239755,0
699c72c5-df8d-4e9e-869d-84161d0fbcad,0,0.07578161277204232,0
69adc27d-2b6e-45f0-a938-ff77c41d6354,0,0.05061505454081657,0
69b92a1e-0456-4026-b87c-2a1f07235c4a,0,0.04361339875968806,0
69c1213f-4bde-4833-a0b6-8dee3ddba0cd,1,0.4975485954082919,1
69c1511c-d15d-4358-8623-2ff7061d43e2,1,0.309256903305992,1
69df1152-8525-432f-bbe8-3a8501e20394,0,0.0462690651638095,0
69e3bae1-1313-4326-b546-6fd08465f06e,0,0.0495292658868823,0
69e44bc6-b334-4c69-bf3f-a7a251a37b3e,0,0.060933229379456,0
69e72319-8120-4db7-b879-e232c03c1b71,0,0.11380629922577466,1
69ef128c-8377-4d08-af80-372ce698e580,0,0.4210402693014147,1
69ff486d-b1e8-423a-9f5b-5867e0113afb,0,0.04987727791600149,0
6a01c144-1f89-43f6-a709-1ee326bfe963,1,0.07113099525341372,0
6a08cf9e-93c0-4702-a0bd-8c2a682155d7,0,0.06559355108026975,0
6a0b7972-af44-490a-a3d9-66872c93fbf9,1,0.07824580187065636,0
6a0f2714-8fd6-4c8b-a4e0-ab11c08da5b9,0,0.04140275081482373,0
6a1ca4dc-be92-495f-8e1d-9fae41794ac0,0,0.04755325738695871,0
6a2259f4-2606-4f02-936e-2ce11026ebf8,0,0.05800161468595934,0
6a2973ef-bf93-47c4-b04f-aa74ef5fd3cf,0,0.04477168495678812,0
6a2f7011-bfe7-4341-831a-1bca02ca5d72,0,0.047766522115042946,0
6a55c7be-8a6d-42ea-8507-54d4f374c4b4,1,0.6205714396021927,1
6a56dded-a1e0-46a9-a640-6dd5ca0ea224,0,0.04845619290492678,0
6a7102fb-d8b8-43a7-993a-91246ceef2a2,0,0.04819014214321316,0
6a7d640c-1329-49f0-bd64-2896bab234f0,0,0.049728978022570314,0
6a8047fe-c397-44ab-a2d3-4cc9789e5229,0,0.04604175494705292,0
6a87fb1c-1cfa-49a0-8e85-d478c657c531,1,0.052978472507462605,0
6a93a370-dc89-4b2b-89e7-720e0c23e03d,0,0.13945622112986025,1
6a95fdc6-19aa-43fb-a311-ed6e8e1d3a02,0,0.05582204368391132,0
6a9d4e67-014a-48d0-a2c3-bd6709f23b1f,0,0.09470045514278902,0
6aa5cabd-364e-48ae-a2b0-c558370e77e6,0,0.043851964880604076,0
6aa91a43-1f9b-4950-9134-88eaace40a27,0,0.04199840742447282,0
6aa96f90-fa51-4207-b4e9-71abe6cb63b8,0,0.04685334177526007,0
6ab8a77a-48a1-4696-aa6c-e42c95a8c290,0,0.045694790369371775,0
6ac345be-1531-4e42-b8f6-0cc987767dda,0,0.04447808840074838,0
6ac41a0a-f159-4a7f-b5c7-3cc7bae8f85b,0,0.04625873974923235,0
6ac4e7bd-c4f3-4d51-9f93-da53636fa2b0,0,0.05274192915156991,0
6ac899c5-57de-4834-90fe-9fcd38a25f18,0,0.06060105684958104,0
6ac9dd9d-dac7-40a4-8047-fd28cbe6ca5f,0,0.049215922053794214,0
6ae1514a-be52-4721-a8e6-8a6d47b7a549,0,0.043679158122561804,0
6af63a45-537b-4855-95c7-4410efc1622c,0,0.07032836637568653,0
6b05aa5d-053a-4068-83cd-ccb02cfc98f4,0,0.044632704140274704,0
6b062c45-0733-4efc-9d30-645a5e69c7d3,0,0.05274128016856718,0
6b0edddc-3cd5-4a14-9f6e-46e36e4f61ed,0,0.05083676577120561,0
6b10579f-7f19-4048-8d50-5631c9e93a03,0,0.04621032864025964,0
6b1f196d-f7a4-46de-a80a-605ab82b983a,0,0.046043994122899494,0
6b348627-3fdc-4454-bed7-a9e32c8e0b6c,0,0.054744143110658484,0
6b39bd77-7468-44f6-b5f1-65a8c9ebb96c,0,0.08089512051333346,0
6b3b07e7-6a2e-4298-80a1-1e7c348667a8,0,0.04940138126316211,0
6b41233c-4151-4896-9698-850b46cac3a2,0,0.056912162780515634,0
6b488efe-957a-4178-9f90-58703c35b9f3,0,0.05430618197954189,0
6b54b075-5273-42e3-8c08-d326755261e6,0,0.04673507262991382,0
6b55f3fa-2a7c-4542-9c77-f99148dab184,0,0.11312093013900269,1
6b56f58c-ab4d-42cf-b224-2e6fb374a2cf,0,0.04456958701502089,0
6b6aea73-18e1-43ea-a62a-d7d988ec6e01,0,0.04877643903258025,0
6b6bd602-eeea-42f5-a052-d22e32110a20,0,0.05509199996490044,0
6b72acd0-6662-4848-9e77-4cf85a3b13a2,0,0.052284094381594516,0
6b868713-b76e-453c-ac16-a30211bde318,0,0.05496596875179136,0
6b885ee1-1e95-4d8f-819f-31eb2ee9c12c,0,0.04478152944962129,0
6b8d491a-82d9-422e-b21a-aecf3368ef80,0,0.058747596895364004,0
6b929aa7-1765-4a0a-b451-d60644f00a5b,0,0.04148085448332906,0
6b977ba4-4ce5-468c-8bb7-eb0767386a73,0,0.683349291761137,1
6ba5c525-521e-4b93-be35-8b9c79ec07db,0,0.047261051945315116,0
6baf2499-b254-4f4d-9d3b-9fe3af5b149f,0,0.05311419402656458,0
6baf91cc-a974-4f47-90ff-ba8017698adf,0,0.058106781723394015,0
6bb26292-2021-48bf-aac7-768fb36e4b27,0,0.044068644474706396,0
6bb2e174-2bb7-4c4f-9612-459dfe2090a6,0,0.04918806523335241,0
6bb3fb71-d991-4c83-8b88-0cdcd4c22551,0,0.043770614544932265,0
6bbc414a-4a4e-4db4-a8b1-eceb6bfac58e,0,0.04210919236801648,0
6bc3b4f6-3e06-44b3-84e6-bc2a020c208b,0,0.04689694386469577,0
6bc7fd7b-f980-4d86-8bc0-868bce02d8d4,1,0.14416124841628328,1
6bc80646-0042-45ce-882c-8ad149f0f456,0,0.04933168625620444,0
6bc80c4d-0ecf-4d18-ac66-f8bf29018420,0,0.04380163256287303,0
6bcf6a48-f6bb-493c-9e50-eb7cdd67f8d3,0,0.04955673013001096,0
6bd2596f-7dc7-4b37-826c-6c11cebe684d,0,0.042621076537450495,0
6bd99f66-25fa-49bf-bc46-6977da0ab941,0,0.0492993323797239,0
6bddf595-18ea-4761-a335-ffa77edc82bb,0,0.07345216565310994,0
6be8472f-28cc-4a1d-81ef-85e7d7b0f8d3,1,0.1769809559331367,1
6bef1693-b0c4-4c79-ac7c-42b0d99fb977,0,0.05765139951083834,0
6bf15e78-70ab-4fff-8342-70c8aebd376d,1,0.28406622990984953,1
6c11f274-82ae-4700-98af-b6b4ecaeb44b,0,0.042638070021806446,0
6c16d335-7f03-4a56-87db-dfa4dd6c3c27,0,0.042878245222704135,0
6c2761d0-b2aa-4a09-a3c3-6bc4687e79a4,0,0.05344567978736979,0
6c27b75c-2523-4431-98c4-d7c11cfcafee,0,0.04329349195422291,0
6c2d67b9-5cbe-4243-aec8-1fda365183ae,0,0.0440036268916345,0
6c386f0d-1d40-44eb-a765-dd5724d4887a,0,0.040876486497333435,0
6c3ce4d8-4eac-46c3-a601-a6e5fb9e908f,0,0.04277744832100735,0
6c461c7c-8cf7-4aec-9656-7d8a7c8ddbd6,0,0.046302368178025854,0
6c46909c-9c92-4b40-8626-5a9b9e863938,0,0.041844529855389945,0
6c48ec39-b4be-4e62-a646-6c5d92de098c,0,0.05053344515526688,0
6c51e580-4ba0-4868-b205-78dde69330a2,1,0.7742824594140326,1
6c57e8b5-b9a1-4bcc-b790-d3dc6ab02f2f,0,0.05688910584717129,0
6c5c6fae-ed79-40c9-8299-238c56f45665,0,0.04374886802881844,0
6c607bf9-6c74-4999-b58d-65f5d9d01694,0,0.06429693861620243,0
6c610685-8f9e-48a2-9c7c-c778e3db0f56,0,0.04602352704811637,0
6c684f25-4668-4f90-a428-233404f2ebc8,0,0.04596772623278109,0
6c686336-e399-440b-9446-fbb7bca31fa4,0,0.06157358177379967,0
6c6a2414-ca7e-4e54-bc1b-aabb670106de,0,0.09062439417009323,0
6c6a419e-9bc4-4515-91c6-af44746dc5b3,0,0.04337965883166862,0
6c709294-c269-4d67-a676-abadfa29fdd5,0,0.051691613231958755,0
6c72cb20-8d9e-4606-9ce1-35a7f93feac3,0,0.04842606282505437,0
6c742544-85cd-4dde-8aa3-0fc9b28a6b88,0,0.055403599754305734,0
6c8963ca-cfe1-4360-89f3-8ce0c82a0151,0,0.04428640098939253,0
6c8c1a69-27af-45c7-b992-c37cf9d2eb76,0,0.04361286590278615,0
6c95ee93-e424-42ef-89aa-dc8a39872ee1,0,0.053512502350982524,0
6ca60043-5b92-4827-ba8e-9759d47f6e68,0,0.04511107532684589,0
6ca9f559-ba69-43eb-bd00-2b070602dfd8,0,0.05071652171761863,0
6cb12f01-ee61-4141-9276-5beb77f1b882,0,0.05686051463481691,0
6cb1f7ce-71ff-4f63-9f18-915a672fadf7,0,0.05321429436213569,0
6cb53e72-1327-42b2-9371-9c9e51ee8bc7,0,0.04843124569277958,0
6cbd9069-4969-4007-bce5-eb677f9583d1,0,0.04391874546219905,0
6cbf976c-d11a-41b9-808a-fb94a7095ef1,0,0.04740502423187976,0
6ccd210d-49bb-4c5b-87ca-1963d0bae726,0,0.0675255845281074,0
6cd0a72f-477c-4a42-82b8-ec07f18207e4,0,0.048091679139555206,0
6cd922d8-f72f-4a15-9212-dbf23234c45e,0,0.051871835213646494,0
6cdfddd8-1ae5-4af8-bd91-91b129d594ac,1,0.8235400180676234,1
6ce4a6db-5e21-47fb-ba8c-3286d76732e3,0,0.046971631328473644,0
6ce53d21-bcf3-447b-a009-d626c12e5bfe,0,0.08148754565410839,0
6cf4b094-9602-4eb0-8245-ca06b7c0a41f,0,0.04278900728446327,0
6cf5bc76-4df2-4143-ba2f-9c93e44e9aae,0,0.10042675738170716,1
6cf70431-8f7c-4c71-8f3b-cde2f23fef84,0,0.08114580089422307,0
6cff125f-5a13-48cf-ab41-73da03b7cfa9,0,0.048636777260799235,0
6d023c8e-2960-4b0c-a517-89bb1e978e6f,0,0.047773550356402905,0
6d0462d3-d0b9-4cbb-a541-e8990e8effbb,0,0.045201839755213365,0
6d14543c-f452-473c-aa45-abe78e4b7676,0,0.06516193281811977,0
6d2084f8-7c08-47eb-a3e4-85369ae17579,0,0.048580731357264505,0
6d25045e-d77f-4558-825a-a229e87e5639,0,0.07193249612754767,0
6d302422-8cbc-45c1-9bf6-729b63c93393,1,0.7942342933065063,1
6d33bae0-149f-4736-8ec3-b0ecc8347b3e,1,0.08297158935363383,0
6d3449ba-b151-41bd-8460-51257059425e,0,0.04586497068823368,0
6d3aac6b-3044-4d42-9e04-461d2cabc3c0,0,0.05119141112158114,0
6d440314-7c22-46c7-b026-886b16014438,0,0.04282731486889136,0
6d48801c-8c54-459a-8597-7328a22a3d8c,0,0.04737901082567966,0
6d5ed2d5-4a7a-478b-b6a0-4331427be9b0,0,0.049071811224010574,0
6d6d56ab-ac82-43b4-aa92-c92b101445ad,0,0.05124190465066615,0
6d729723-5dfe-41f4-9c95-0af8c3c823c7,0,0.04187002652369421,0
6d78f8a3-860e-48c0-8cfd-e491e9ec2ff1,0,0.04360074199858205,0
6d7bee91-b9a3-4398-92a5-6c6680a282c3,0,0.042611806172371536,0
6d822e64-8174-4165-b44c-ce0a28460d45,0,0.06976462705390368,0
6d9540b4-831c-4c17-9aa2-2325666efe7c,0,0.05306164556231576,0
6d994bfd-8253-492f-a122-5f78f9a447be,0,0.0423839904312846,0
6d9b7d50-b9c0-428e-8e93-e42b0dd905a9,0,0.05194139176608672,0
6d9cde2d-dffe-47f5-8280-8fc20c87aebb,0,0.05101065759563279,0
6da66f9a-e2f2-4ecc-9915-a5c4384d1c86,0,0.05842879193053133,0
6dada06d-cd5b-4ed1-b775-9edb09dd9c67,0,0.060615128718350994,0
6db12000-65fe-4ef5-9a2b-47f98c49d968,0,0.04599768869026595,0
6dc884ee-44c4-4402-bb29-104b5de8e629,0,0.058228463442721444,0
6dcb72ec-c61e-4699-8842-60383fc284fa,0,0.04257379366845686,0
6dcfb459-e928-4b81-b232-556da2bde0a7,0,0.04682785026313647,0
6dd2c9ef-e4bf-476a-9f22-2cd27b43577c,0,0.07212220556707982,0
6de1fead-ab10-47eb-a5ec-74d9a8cc0127,0,0.05572419494228251,0
6df5f4f9-4700-4903-8437-f6741461b917,0,0.042160962065850134,0
6dfa266d-690d-47e5-bf1d-a62abcc30d3d,0,0.04517168535049877,0
6e102fb4-3f45-4785-8c25-6f5b31219c75,1,0.09312460302198634,0
6e1f85f3-f28f-46ce-889f-b364c475b0f3,0,0.04649395366870551,0
6e2984c8-502e-4fe7-bbba-34087f760175,0,0.04367033987487575,0
6e2f71a2-d033-4368-a352-91c677dffe3c,1,0.8115143623089348,1
6e38291b-9d3b-4b35-bd49-057409cbefc8,0,0.0469070934442507,0
6e3b9321-2cfb-4de3-937b-bd20a6ee6cd4,0,0.04791553689245406,0
6e4621f4-0ebf-4391-95b7-f9785efc736e,0,0.04320177116542988,0
6e4cc81e-1a1e-4abd-bb72-e7497d75be8e,1,0.054489546693402384,0
6e52f853-5c19-4374-902b-e031a4e8c203,0,0.04524344287942813,0
6e5986ef-00d9-487f-bea1-a7d4c31b2371,0,0.04525239265659623,0
6e5a00a3-fed2-4e12-88f5-0ac3d75bf632,0,0.049269087204805995,0
6e5e610f-695a-4846-ba4b-2ec6163f3ac5,0,0.04208001552597948,0
6e61ecd1-906b-45f7-a587-0caf5ef49a6b,0,0.04482059635977195,0
6e666f1d-a049-4fdd-9d4a-617fcd87cc61,0,0.05029374241732526,0
6e66c39e-67bb-4f97-a1a0-42050f358190,0,0.08280616817206125,0
6e6ba3cb-9971-4dea-856d-3143b5e944d8,0,0.04418207607977324,0
6e73a455-d1e2-4705-90df-1ace8b746de9,0,0.042451445699351886,0
6e7d279f-b4b7-458c-ad5b-c949e3870948,0,0.04431129603945495,0
6e7d345c-c455-4c5c-bed1-25571485b40c,0,0.07840977652381857,0
6e834150-fb9a-4465-99f7-8fa00adeda4e,0,0.04287544979033802,0
6e8cfa23-db88-4212-a99e-46c90b1a8fff,0,0.04303869875708731,0
6e8dc2a4-fde9-4bfc-bfa4-e8baea3b1010,0,0.06045542410232439,0
6e8dd4e3-f4bd-4cc7-bda9-e1bbfa3a1244,0,0.04973219914995378,0
6e914513-c9af-48b2-a166-d9a21a4843af,0,0.05410264608353049,0
6e93bd16-bac4-43a3-8d20-9bf8074fc4cd,1,0.8004623492906418,1
6e984e5b-e365-4812-9e7b-010856692e96,0,0.04806664753936311,0
6e9cc5e0-aa08-449e-bf4d-4a5716c023af,0,0.0487676894360067,0
6ea2c181-4444-4ceb-97af-b1805867dc00,0,0.042795420636514994,0
6ea41d31-c267-45fb-8df9-e9f3cc7eb107,0,0.04187888255680267,0
6ea55718-a748-4c4e-8f94-6105d6010d57,0,0.046861910671405334,0
6eb15a4e-ec2e-4cc3-9357-a646fc4b2462,0,0.17191716179552458,1
6eb1713d-1805-4669-ba81-69212d94a68f,0,0.04532039193948785,0
6eb27b55-65ac-487d-b205-d72d2ce143d2,0,0.04663168707815103,0
6eb90e52-ac40-41a8-9178-7546fffd62d6,0,0.05034913860845539,0
6eb988f9-f115-488f-b952-0e16e14ea355,0,0.04539362147906423,0
6ebeb7d2-7dff-4eaf-bbf7-d035f1375444,0,0.04844819165004112,0
6ebecad6-fb11-4cfe-a2cc-5079ded34ba9,0,0.07458638440640777,0
6ebf22ec-389b-4c66-85d9-2e4199ac7a63,0,0.047390693263642876,0
6ec27e6c-333a-47f2-b10e-c99df4577c20,0,0.048129313374028516,0
6ec827f5-ecd1-4878-b1bf-178a51d0d6da,0,0.04395602206761839,0
6eced7c7-c957-4118-bf13-db1d4aad4931,0,0.1297062777100437,1
6ed2dfea-fb10-4ae0-bb1e-779609381122,0,0.04335557077952183,0
6ed35555-b8fd-4a67-90ee-1d43a6f68a42,0,0.045879006676174075,0
6ed43914-460a-4d4e-8a21-9e2d0f125e35,1,0.05023458738861391,0
6edbc6a0-4d43-4474-9cc2-f213a4ef39b0,0,0.06288543409807834,0
6ee0f3bb-ad91-43e1-935b-bc66edbecdb5,0,0.046742934078488514,0
6ee4c47b-87cf-4227-ae4c-86d3533b2e07,1,0.7665059781163032,1
6ee54eee-f105-4b3f-9113-96fd489f2a7f,1,0.07081444049911771,0
6ee9e7d9-a234-4873-a482-474cde4062c2,0,0.04417631706782302,0
6eeb0543-2a5d-4f7e-809e-999aedea6504,0,0.043230359989112115,0
6ef176a2-0567-465c-98c4-accb6393a9b7,0,0.045393192859190294,0
6efa86f8-1b5d-43fb-a62e-1f3e16a55af2,0,0.16301684078855053,1
6efaacc2-e2f2-4612-822f-c6df4389a184,0,0.04500932300746684,0
6f0086f3-7c77-4f1d-8a41-604c604c8a36,0,0.054902735240344815,0
6f029044-5218-4a31-a115-1db545ddf826,0,0.04224688698458655,0
6f0a887c-d947-49da-87f1-17f23bbc6f93,0,0.043916432059884186,0
6f1b083b-d047-4aa0-abc6-23062058ba75,0,0.04213957730441469,0
6f1d2917-f1aa-4c35-88cc-adbeb36c0248,0,0.049853343540784766,0
6f1fd758-6bc9-4533-ba30-5ea8e6c18734,0,0.05045478031381025,0
6f206f00-64b2-42ac-a14e-65f7181b5d5f,0,0.06598345673292635,0
6f22ce12-613c-4c3c-a11c-954b4c4255d5,0,0.04536995296067343,0
6f2515d8-cedc-4e85-b5ae-914640c1e465,0,0.04735913849301756,0
6f251f26-6b48-4423-a29b-e145921a67b3,0,0.0431747193081982,0
6f298241-446e-429a-922e-94e384ff1f7d,0,0.04237367792143509,0
6f2be623-7d3a-4229-9e92-48b882c40c6a,0,0.04435031315424813,0
6f3502be-5174-42d8-a9e2-018ffd76d777,0,0.05764574857431697,0
6f35e53c-7214-4a2a-bd94-33b620047189,0,0.043872588312790305,0
6f3eebf2-f466-482a-83b2-e7f06bbde3c2,0,0.057074626719409646,0
6f43be89-497c-4bed-ad2c-aa548697b997,1,0.6775830801872081,1
6f49db3a-c1d7-4e74-bb41-011f4d74e20c,0,0.08139507506215184,0
6f52a778-8dc7-43e3-9ff6-f7c621a49e32,0,0.07632135933043277,0
6f571a06-61d5-4c6e-92b2-0f251caef9f8,1,0.7824565931562725,1
6f578708-7dd1-4dd3-a510-5cf64e1ce328,0,0.04393750825167294,0
6f623695-9581-4633-813f-825b8760c7ae,0,0.23180070966718172,1
6f66afd0-ea8e-494a-9440-d581c77a9fc6,0,0.04868999920847948,0
6f6a8132-31d7-4197-833f-df595ae07dc2,0,0.04424638215098416,0
6f6e6a90-91c0-404f-8797-4e139369011e,0,0.04382627586595915,0
6f71758e-05ef-4350-905d-1654efc95500,0,0.057204945103405694,0
6f79307b-f4a9-4e1c-b021-d088079c5458,0,0.04816652056762678,0
6f79e33c-31cc-4f03-a426-b0117443ecb2,0,0.04652561789572095,0
6f7af766-7b8c-4307-9a62-ac019fccd7bb,0,0.04253243241234682,0
6f7bec35-afd9-4d42-a767-e283355c9346,1,0.09491709591166665,0
6f89c7b7-15d2-4c6b-b411-60d90bf69c5e,0,0.0441165365954641,0
6f8fc68e-3e82-4491-81ef-f997be3638ce,0,0.046711447986973915,0
6f9325db-5132-42b0-93c4-31e9a7df7153,0,0.043239362985428624,0
6fa47952-d6b2-4b4a-8743-62f17d0e1184,0,0.04922371949708711,0
6fa62a49-562c-4a3e-b802-7d5953b1587b,0,0.04289102471124771,0
6fa8b8d5-964c-4367-a93d-38cb7f88b054,0,0.05804416679068035,0
6fb110f1-7130-47a5-a444-4148b3843a08,0,0.04753646637163898,0
6fb94664-9cf0-48fb-b18b-1627be6357e7,0,0.04393932661635014,0
6fc0a25d-a419-4558-9d0b-906101513f9f,0,0.04414769394333408,0
6fc4cf56-1bf4-4b6b-9cb5-2f0f91811816,0,0.09867715547054917,0
6fc4d98e-1fc6-4ec0-b199-b6df99a67cbc,0,0.05378195145083947,0
6fc5bdc0-2b6a-42f2-a0f8-16a5fa9927e9,0,0.13941403185928752,1
6fcce8cd-a98b-4101-804b-9ade0f176609,0,0.045471707752256084,0
6fcf0e3b-4c07-4a99-9c5e-f898c6e30a06,0,0.04404656713044496,0
6fdc1279-9a29-4e1a-a944-cf2bb5636c8d,0,0.08433131841512381,0
6fe03cca-c509-4461-a69b-40881e7a3168,0,0.0457980237526995,0
6fe1126e-3732-4bc9-9659-63f9e29f8c7b,0,0.05390779343069451,0
6fe3d4d9-3101-4f01-a099-3b2d6b02b83d,0,0.04459524375427787,0
6fe6cb5c-a564-4166-a35c-02eb35eb476c,0,0.053225167660683366,0
6fec0cd7-740e-415f-b2ee-38a84d712f56,0,0.05162347673289032,0
6feee4bc-8074-4edb-a9b4-3ac6d7db2ef8,0,0.05318252758950213,0
6ff1d6ab-22f5-4a82-9d3f-ded84d5e3c92,1,0.6098763020858781,1
7009d176-7f52-4204-b85c-12e6fca56319,0,0.04449952180659247,0
700b27f0-d683-4383-8b55-a2ec66450265,0,0.04258955720143587,0
700ce1f1-88f6-4a88-a023-6ce7de937918,0,0.043525882673447966,0
700f4c49-ddd1-4437-8792-bf8f563af014,1,0.05058268480696034,0
7011b716-9c4b-4bcc-b9bc-a35ac59eb26c,0,0.0487685895125261,0
7012e266-2717-0163-0988-5baa13b8e36b,0,0.050456299212586354,0
701900f9-449c-4f7f-a0aa-09d158895f8a,0,0.044992813754143095,0
701f9aab-6b40-4796-ab58-3ea9980a6dfb,0,0.044832528561203976,0
7021bd4d-4f8f-4363-aa8e-bc53696d9035,0,0.050075223377885954,0
7026f362-38c1-4dd8-b9e1-2314d879ff6e,0,0.04393959779649383,0
702b05b9-ce4e-4ff7-a419-9f74749ed236,0,0.053356421870788914,0
703690d7-86dc-46bd-83ee-b1503db1d025,0,0.047298441985311274,0
703785fe-eb23-4441-a2c8-1dffc0bc06b1,0,0.046084212329264025,0
7041ab12-ebf5-4ed8-af81-96dbd3798491,0,0.05388287490192924,0
7048a731-67d0-47f6-9c04-25cd0c3dbcc8,0,0.07262691712994443,0
70515d0e-ee93-4f31-96e4-489829dab7ed,0,0.051751455822293,0
7067768c-1d15-4493-81e5-f7cb37f54b5b,0,0.04454367248590837,0
708767ca-a759-4327-9ab6-5bf4a8e5f903,0,0.06415744733806808,0
708ce246-98ab-4d9d-8ac0-6da4f30a8393,0,0.05016080409116146,0
708e3993-8fb2-4eab-a58f-39841d4e087c,0,0.047365485587412125,0
7097df8b-7726-48a3-a27e-498106e17235,0,0.052936659342234405,0
70a49ae3-eff0-4c73-a769-73fd6975e759,0,0.043045165276439125,0
70b2659e-9571-4dfa-a33d-b5f04bdd590e,0,0.04826025172443331,0
70b5a030-4da7-41d4-9647-d33d04dfdf6c,0,0.04484477659930443,0
70bf54ff-48ac-4fe2-8840-1a922cd95efc,0,0.04672753228660792,0
70cb504f-43e1-46a5-a5a3-af608eb4d197,0,0.05368056780635616,0
70cbc33d-8fa6-47b7-b2ff-ef5ecf788346,0,0.05084800031562727,0
70d122f1-1ace-4a42-8bc2-b2f3a37b575f,0,0.11437066905780018,1
70d2b7e0-3dae-4213-9f4c-081e6bfeafa3,0,0.04157605783444218,0
70d53207-0b9e-48f8-aca1-9acabea58483,0,0.055455812058921014,0
70d718ba-6138-4046-b114-3c2f4e5f4f9a,1,0.5449655081557501,1
70d793d7-ed7f-4a71-a50d-506f4cf9174c,1,0.796681937880561,1
70da6a58-f6d3-4d90-a5e1-9fa4e73091f3,0,0.05755239695423029,0
70da867c-e4e5-4aba-9d87-47e2195ca36c,0,0.04634465412009726,0
70df5c28-4c92-41f0-a257-359f83d642ad,0,0.048965430894387825,0
70e4b37c-c178-4bdf-9f2b-7ddc30784d4d,0,0.0426989030983951,0
70eaa23c-b5d2-466f-a691-eeb9e56cfec8,0,0.04223349032928887,0
70edd8db-6b27-48ff-b3c7-8603fb5db3be,1,0.05217475647835367,0
70f04352-5e26-4d21-bd6d-fce40d6bac4c,0,0.05283065702175646,0
70f4f914-43a7-4452-9540-a9e9ca8b313d,0,0.05583040224409997,0
70facd4f-c42a-4991-80d2-d3d8ce1116b5,0,0.046643359055789944,0
70fbcb06-3418-4965-be34-e50303946604,0,0.047383296666165614,0
7102b2ff-f69d-4a02-a110-3a6535efc171,0,0.05610662859883544,0
7105e5fb-9b66-4176-86c5-2e8b1106c74c,0,0.0419198581663274,0
7106b433-9105-4f41-afba-ffa677170e41,0,0.07482346845138296,0
710c3229-fa1f-4bc2-b2d8-2388241c51ce,0,0.04890592354836812,0
710ca6f5-5351-4cfd-87f4-e5bfa5710a63,0,0.057440523909368706,0
7110f9d7-5429-4e37-893b-147e133956e4,0,0.04573790123233137,0
7119917e-8ea5-4044-a57f-1f543c4e0a71,0,0.04580724327979214,0
7121419f-dae8-4e5b-b005-0478e25f0403,0,0.04661071931633748,0
712195d2-0956-4cef-9481-e1c87fe30dbc,0,0.04788979340267541,0
7122fa02-ff92-421a-9083-af98bc427f83,1,0.059535971467544455,0
71245ded-c181-4b1e-9c98-478961bb69cd,0,0.05232182652069484,0
71247e93-d60a-4d63-894d-4e6da084fee5,0,0.06967702496948583,0
71249adf-78cc-44f1-b7e3-a6d5e90becb3,0,0.04845996334330084,0
7126ecb7-fc02-4a85-8547-e49a0e3232be,0,0.04290828493237476,0
712b9a6e-bb38-4b5b-923e-60483ccc3c0f,0,0.050642606507567745,0
713a5cfc-d237-4a4d-9a8c-8df154eac883,0,0.05085903304368084,0
7141fe0d-0ab0-462b-b18e-969e3260db62,0,0.1181208547799235,1
714d32e8-bac0-4ce5-bf03-908eec7d5e6a,0,0.042387576999747933,0
714df02b-b689-47cf-8362-10960b128fda,0,0.05440694929820349,0
71532874-16b2-4a03-9b37-397ac72a131e,0,0.10301822181502092,1
715e64a0-277f-43f3-a25e-9731765373f1,0,0.059003687081631465,0
716acf41-45e5-4035-9cca-4744e6f9a46d,0,0.05456986404802287,0
717f3b37-7279-472d-af24-061352331c76,0,0.04521940879493778,0
71894318-6594-4a2f-8f87-e17ed182ee2f,0,0.04270220980309634,0
718c8069-2782-4585-acad-6747f6f2f79d,1,0.6051352811472714,1
718ebc34-4c9a-4183-a3f1-29553ba29745,0,0.045572546723670046,0
71916fea-a009-46e3-a1ef-e905fd4fd227,0,0.13100959821098862,1
7191cf84-91bc-4809-ab3e-3a23e1b2f5a0,0,0.06575261202977205,0
7194b33e-b12c-4217-b987-766a5a8c3e01,0,0.5781356341472207,1
719c47fd-21a7-4d11-a91a-89c139284c3b,0,0.05483402503076951,0
71a111a2-b6b3-4878-beaa-0994095188cd,1,0.8020712757940922,1
71ab9fd1-5344-4cfa-8614-ec1bbbd137a6,0,0.08128417092683037,0
71b0560f-3c4c-4390-a5b0-3577b124f9e3,0,0.05541868890519702,0
71b42a04-d337-4e23-af76-bcbad80d8016,0,0.0485426553211954,0
71bbc2cc-412f-4946-bf62-b10b5f250816,0,0.04382095264262064,0
71bcb984-9eea-43bb-8240-5d7be72f0913,0,0.0497419391496471,0
71bed745-cef3-4149-97dd-7b5b9a243023,0,0.05379741050491349,0
71c66070-5616-4719-9a97-d8a543ee0be7,0,0.07165211432303732,0
71c72a6f-e3bd-4fb2-be2e-56fb953dcc7c,0,0.045234385192075684,0
71d37ba5-00a4-4236-8046-d77ad13a0771,0,0.04837268665621753,0
71d494ab-9f7c-4a2d-bde2-7dace28c39e9,0,0.10384900281397358,1
71de0ea4-d5fd-4a44-969b-26f4cd8f3e02,0,0.0447193994016317,0
71e2323b-2d9a-4780-bcfc-86812f822d62,0,0.04847612067534516,0
71e736a9-03bf-41a8-a309-89fa4bf04456,0,0.16943028061348053,1
71f4d7a1-4b85-4a7e-bef9-282b801652a0,0,0.04510019226202079,0
71f807ce-1853-40a9-95d2-e06bdcc94413,0,0.04523475679943213,0
71f99d78-5c33-47a8-81ba-3721611d62d9,0,0.04174250443194708,0
71fae924-dc4c-4a3e-a10f-bb5bd0500dda,0,0.054052115626109336,0
71fcdbe3-e864-4d48-ae6e-440a1d99925e,0,0.046382567255242015,0
72067544-a949-4154-9ee1-c73070c3524f,0,0.2206841055824721,1
72068f2d-b58a-4925-8b4d-7a700aeaaee2,0,0.1158454869604029,1
720a6070-926b-4b0e-a1e6-0f871b4467b1,0,0.04356064571056352,0
72101eeb-5ec9-4724-ab4d-4c856c3e1257,0,0.044989091455813014,0
721925e6-446a-4a01-a9cb-64d947ed91e0,1,0.13130062356622052,1
722c19c3-345a-475a-a04f-ed334981d308,0,0.04968438055157175,0
723a3b01-c636-4682-b48e-0003539ded94,0,0.04600872977762345,0
724282f3-5df5-4bd1-b502-9b10d7c6b8db,0,0.042579362344869566,0
72448d26-a62f-43e4-895b-b4befe53ae47,1,0.6894618870145458,1
7246cfe2-58b6-4b10-a157-d8fe3a2688da,0,0.04495907630364576,0
7250e3db-c378-46f3-bb4d-93595bfa188f,0,0.1782783902386694,1
725189ea-d4ac-4a09-bf3d-83ca99236294,0,0.04444248526157571,0
7252b20c-033d-407d-9374-1bd8ee898b10,0,0.04797992946217901,0
7253c059-1425-4d95-9acb-96e58c20b2ca,0,0.06475860782379034,0
725c3b01-172b-446c-8821-122eba325a8e,0,0.12951857089603164,1
725e9c25-c8fb-4443-a888-47bcbd8f24ab,0,0.047801022586220696,0
725f39cf-bc8b-4b60-8c01-95246eba9df8,0,0.041735002246309556,0
726317a7-ad30-43e3-bd37-2c53e839fcfd,0,0.05100314266833947,0
726ca804-fff6-4d89-a861-5f030c15ce2c,0,0.04947265038831081,0
726e9cb0-d76b-45a6-b247-ad71304e5c67,0,0.05769751861383975,0
72742444-bcff-4921-8aeb-a69981041c5a,0,0.05475674596825019,0
728251c4-706b-48d5-ab3b-c9d5c0ce436d,0,0.0422176738745212,0
72829737-8798-4fc8-8905-63e0cf69c281,0,0.04270459417890198,0
72840e16-550a-4b93-92e0-c171b0c4a0e4,0,0.04792499024879039,0
7287d987-ad0a-4e61-baec-5e8fe37e7ce9,0,0.0428610809360892,0
7289942d-9310-92bf-bd25-a7ea56574cf8,1,0.6704882123897932,1
729068b7-634f-447d-917d-2f2461f04300,0,0.043696283076096236,0
7296ad16-d510-4c52-b7d1-a31b5ca1c23a,0,0.049894613421006956,0
7297c23b-8a15-494a-898c-81f8c87a0d45,0,0.049602901822777344,0
729be6cd-dce5-4b3a-800c-b3a81b27772a,0,0.04325207458134251,0
72a59379-dcf8-4520-a81a-c6d1e9fff4f9,0,0.0651240269015797,0
72b4067e-9702-4540-80dd-1d2189557358,0,0.046299201424621676,0
72b6440f-59e4-4d2a-a764-9db9a24e07ad,0,0.05645306859930646,0
72b85430-71db-45a7-94ec-82a5e2e7198e,0,0.04507557239615204,0
72baa00a-58f3-4cfa-8675-6c82de45e302,0,0.04455753896521054,0
72bcfbc7-7f05-4528-aabf-d3ae1c168575,1,0.057825052958164314,0
72bf2f07-317b-4196-a7bb-a7add3ca5931,0,0.048037819418650006,0
72c10b16-a9e4-41b6-a8a7-a8b2753a1f66,0,0.04525919349112996,0
72c324aa-a345-48d5-81bf-b8cffe2e6c6c,0,0.043593484340101886,0
72c4bd47-f155-4cc1-9669-feb36676c8ae,0,0.04396719078862954,0
72cb364f-4cd4-41df-8aea-329ea1a81ea9,0,0.04176953220254769,0
72cd8b57-d0bd-4483-bf35-2cfb079172c3,0,0.049832284401273144,0
72ced033-41e7-4c14-88f0-2d73226acd38,0,0.051239341875476976,0
72de26fd-d09b-43c3-90d0-07331fd5c367,0,0.051087142832944125,0
72e877de-d7ef-4e63-9456-7d7837d710d4,0,0.04368771495801518,0
72f0bd46-436c-4b7b-9824-df6863686382,0,0.04380687222391529,0
7304eacd-642a-43a9-921d-7ad7a82dc7e8,0,0.050873545678760665,0
730718f5-7fcc-4444-bae1-1bafa5195b2d,0,0.0589874694290326,0
730912a0-7a0c-47d3-9f2d-016ebf1c9505,0,0.04731722470826605,0
730a91c5-8c76-40d1-ae39-c085cffe5c5a,0,0.04281210887580619,0
730aa353-433a-482d-a90b-009b2c89d47a,0,0.046830586642179185,0
730b1841-27cd-4317-b149-24d780b89c42,0,0.07164950873411792,0
731a0925-8572-4a39-9a8c-c827f6c392bd,1,0.587040645633573,1
731a51be-146a-4fd2-889b-eb56c0564a25,0,0.057586634335940454,0
731b81de-d096-418e-952f-9be714334988,0,0.04671767837828907,0
7322fab0-9efb-42a9-b712-253f68f819c1,0,0.04246870119749705,0
73232347-0c13-4c2e-9562-98d595eac00e,0,0.04233952389572276,0
73276c9e-4950-44fc-85db-eb8aecbde7cd,0,0.04658295148803353,0
732d4838-ac10-4dd6-9ad5-80a2b2861a57,0,0.04315564946014129,0
734c0f80-2aa8-4b9d-a276-ac762af15863,0,0.04291345742559152,0
734c7983-cabb-46cf-b08d-7c8fb855c6ab,0,0.051739616355461454,0
73508dcb-0433-4493-aa02-9414301e066a,0,0.05732516527588935,0
7351ba44-14d8-498e-bc68-bbc4b158f95a,0,0.06648477343031195,0
7355255c-b96b-49d7-9a48-e89b610647f4,0,0.04511975679664367,0
735774a6-809f-4d02-85fd-1eb8878f6a96,0,0.04855264092262903,0
7357a7c0-ae29-46c4-9c8f-c64aaa12c693,0,0.060782471795111835,0
7358f8f5-0b51-4cfa-b5b2-a25a90abc60c,0,0.22000481865088747,1
735a8cc0-a461-44eb-9ae8-60ec3f4a7538,0,0.042697468287971836,0
73601c31-4f24-4d72-acb8-d8add37a2cab,0,0.04366576232052707,0
736241f6-2b39-42b2-bba1-b21cad500b37,0,0.05044409434972216,0
73624df5-835e-49eb-ac8b-4ef7ee26f071,1,0.7683979029055487,1
73647b74-698d-4f8d-98cb-509c271a85a4,0,0.06085349535473657,0
737ad135-44ea-478b-aed0-1aaeaf9cc520,0,0.041276131247533945,0
737cea35-5e3d-47d2-8251-d6eb05542dd7,0,0.04500705607500978,0
73817a88-b134-4535-aa47-542a7974c478,0,0.044377957113441564,0
739f1eea-916f-4ff3-9239-c773381851a4,0,0.04653945183806853,0
73a2934c-e8ca-4c3b-b730-49f9109fdc0a,0,0.04557149391521776,0
73a2f20c-7183-43fb-b4f0-a3090aaac3c6,0,0.04330135608162148,0
73a32aa8-7bd2-410f-b912-3c925711f951,0,0.04319227759293136,0
73a9c8b2-3585-4b5d-b763-41e6795bfbb1,0,0.04541719010096608,0
73aa4cba-19a8-4c27-91a1-d47196b4086a,0,0.04922987418086267,0
73aba5f8-8892-4038-ae9c-3f789c1038f2,0,0.047610605273110805,0
73ad5309-9b4d-4399-8927-f234fe727f11,0,0.04598893557861964,0
73c9cb2b-82f4-48f7-aa60-b74b53b003e1,0,0.04341602170225813,0
73e623cf-7fbc-4f24-ade0-be5eeb84f894,0,0.04763469392049184,0
73ea9826-80aa-470a-931d-d958f60ff569,0,0.0437801721770897,0
73ec525e-08f0-43b5-803a-16dbb31e3e6e,0,0.043637235250206505,0
73f0ecbb-ff44-4a71-ab47-9ab3490a10cc,0,0.051855345647370855,0
73fc3e47-6bcb-48f7-ac8b-9b421a5e81c6,0,0.048024511309305455,0
7410eb60-9d38-4196-8a1e-143267ac287a,0,0.048703785651788345,0
741288b4-0606-45ad-b5d2-c2b1b0936eac,0,0.04254981630487714,0
74191fde-506a-436c-bf5d-f7b54828c27d,0,0.05369173488002011,0
7423d136-3196-467f-b208-022b4343f307,0,0.0455147052561942,0
7426b758-fd6a-47e3-a4bd-fe144135c45f,0,0.04918734059995898,0
742772c4-76c4-4ea1-b86e-a6d428fe237e,0,0.0478851612334157,0
742b2d31-44d0-4bd0-af9e-97ed4524b10b,0,0.043772332255210815,0
743319d6-0cf7-4216-be8e-622fbd1f4131,1,0.18030062252520618,1
74350c25-9968-4d8f-97b0-d25a36e296c9,0,0.09740572347744934,0
743c5b7f-6357-46ed-bbc9-4e97ff73cdf2,0,0.048544314311218105,0
743d59b1-a134-4f63-ad39-26f38ac292f9,0,0.04736536623861047,0
7444153e-b9dc-4f75-bdd0-80158afcbf31,0,0.07007672777906544,0
7448d4c3-9cbb-4111-b953-5224419069ba,1,0.6533187822241167,1
744944bc-4b3a-4ab8-bc10-d531c5554d5b,0,0.04379923781928212,0
744fb781-2fa7-493c-9f02-28d4c0090ee4,1,0.059761590382899646,0
7452edaf-aeba-46c1-8569-063803ae3a81,0,0.06377798250830966,0
745bbe2f-e826-4601-bc06-98a9a7c731e2,0,0.04810046407246909,0
745d56dd-8080-4e96-9a2a-0edca6012ace,0,0.10614578061338961,1
745d7514-7256-4931-bf69-bfcafd7e4ae6,0,0.05441870375316842,0
746f04d7-24b3-440d-a448-e9dd8bc3b332,0,0.14940072064322735,1
7473a419-0478-4f11-81ef-c84e4954c8fc,0,0.05459477559700434,0
74750a14-9a6f-4d2f-b886-0446d5007f05,1,0.06832524265872351,0
747519ad-3f6f-2891-6127-ce2e2146a0f0,0,0.05155373330014801,0
7475e03c-8159-407a-8ade-334e441d19aa,0,0.058529762715038756,0
74768687-ea5a-49f5-a79a-63470717412a,0,0.047114627475200906,0
7479d31e-5bf0-4699-8875-ddb878cbba57,1,0.07651555809478598,0
747a73b6-18b8-4720-b47b-4fa1d3cc6865,0,0.04357542713909069,0
747cd417-c8c9-4f43-ae4b-43fcf06cbba5,0,0.04256623765675094,0
7485b22b-0a0e-41e7-b6ff-5a0c54a0e032,0,0.04750822131812312,0
74870500-7868-442a-8708-7548b894a825,0,0.06865772317995474,0
748bb5ea-789a-4c15-a17c-18ae7ecbc1dd,0,0.049865785771561415,0
748d5d42-c1a7-4107-9abc-70c74b8b9ad3,0,0.04648856117348591,0
74948c7d-1e9a-42f2-8804-e9225b65c84c,0,0.048709190160361925,0
74a03945-667c-416b-823b-f5ada3e25e2f,1,0.14403155441028165,1
74a2453d-c124-43c0-b225-c10bfbd7191b,0,0.042548270954916485,0
74b84688-bd7d-4618-a4d7-15b512a00634,0,0.13751246806598144,1
74b88bb1-dc2a-41cc-993b-99e2a39ea0bf,0,0.052579259861766474,0
74bba37b-1796-4a0d-b9c7-42be9445fcee,0,0.18733017496973892,1
74bc4233-8d8b-4921-aac7-3b0b53dc34b7,0,0.045107920752446136,0
74be17eb-f9f7-46db-9e4b-d747c66707fb,0,0.04585012720129765,0
74c94192-ada9-4657-9f53-e6aeb503d961,0,0.05373137034554823,0
74d40a28-41f9-4325-bbae-b179bd2c0a38,0,0.043852157050361294,0
74dea684-513a-43c5-8914-221f178e49ec,0,0.06401739349879955,0
74f9d400-477b-4eaa-b29a-3dd01d7b9786,1,0.5321595435809792,1
74fa4d2e-2b64-4be4-a612-1c9d684e972f,0,0.045299821192197526,0
74fff258-c674-45e6-aac7-3d4de14051f4,0,0.05464133680070714,0
75107fea-c9eb-48a6-92ed-c551ff0c7479,0,0.04188722406916059,0
751253ca-b31a-4214-81a0-8651571248a5,0,0.04102306194209114,0
7529ec59-3bed-4efc-84bd-8617635f9cba,0,0.04377092254155807,0
752e67e9-092a-4736-abc1-ab1015fa8447,0,0.06236172038804599,0
753fcf5d-e130-4b79-93c9-42b01c014531,0,0.043983934467489993,0
7545e7b4-cd1e-400a-bd77-073568744f2c,0,0.046595716650084204,0
7545f77c-0786-4015-a576-dee5a576dbf3,0,0.04436138509051892,0
7545fd45-6c13-40f6-937d-cc2959929a75,0,0.04101690394013838,0
754c5525-d416-4148-a4bd-f68db08d3684,0,0.052679823501397695,0
75532f8a-45b6-4aaa-ba47-c6b677e28088,0,0.05088054285838214,0
7565e54e-d077-4eba-a0e8-c8217a5e876c,0,0.042800609570810645,0
7567bde7-eb8e-41ba-b794-801ee870635e,0,0.04535588203884482,0
756a95a6-9e60-48f5-8713-260c7c279240,0,0.048694366869164334,0
756b2ab9-f947-4f18-babc-81ecda51a0ca,0,0.04410161350098462,0
7572e118-1db9-4368-9256-e009e805f4ba,0,0.04549413877324093,0
7578d4ff-63e7-4af2-a059-9b4cc34bed28,0,0.07463102776373073,0
757acc8f-b881-4b5b-bc7e-12359fbb926b,0,0.5514303008769823,1
757b3ced-973f-43b6-86c3-d4568132631a,0,0.04279504628966191,0
7587b41a-ee94-48ce-9f17-ef655bb1b7b3,0,0.04881262485282533,0
758d8ee1-65f5-42e8-9518-2bd0cc5f10c1,0,0.047154040854096066,0
7595ed27-ab67-41e3-8631-48f2731c23ad,0,0.04478787500919674,0
7596db69-4b5a-4308-a8c3-d977c8ecb579,1,0.0702293855319596,0
75994a72-64b7-46d5-82dc-a1fc1d59bdd9,0,0.0508992571823775,0
75bd5ce3-59f9-42ce-8987-816616085d43,0,0.04825148715183714,0
75c7a45a-4ed1-4919-b20d-46056170728d,0,0.04944397948201289,0
75c97232-7130-4f42-9703-94483cb8c435,0,0.044822018382173645,0
75cc2bbb-f9b6-4333-b949-7a6d6b7ecdae,0,0.05050513626354651,0
75d504ee-b47b-42f4-8180-c3dc050419c7,0,0.04603591558900567,0
75ea7793-635a-4e67-9067-1c032f0e5dcd,0,0.04814284236991825,0
75ee00d6-12ae-4703-a6ea-e1ab072005dd,0,0.04962022514090672,0
75f34c9e-41c7-48a3-9ee6-fe5f32a7d436,0,0.0445176041432257,0
75f3aaa8-f7c6-4074-aa7f-0934f13cb27b,0,0.05788065739995354,0
75f59b60-0693-47a9-b8da-d100edd9d705,0,0.055279034738321575,0
75fb5d0c-e907-4293-9c87-2419c2a7709d,0,0.21946764246958905,1
762209b4-f2d1-4119-9177-77a2a8153b21,0,0.043750960255058036,0
762e5956-965b-46c9-a29d-2b96e84f1779,0,0.04355014494990703,0
763b441a-e240-4419-9988-abc2d16bc714,0,0.04326518488517914,0
764a133d-eded-4e53-a4be-acc857acfc50,0,0.04440898830258356,0
764b315f-6ba9-4527-85a5-19d48f67cc28,0,0.04657841463348015,0
765c81ce-b11f-4fca-b911-3bb1044c8216,0,0.05422560207243666,0
7660091f-60ea-47f9-a6de-76c831f4fb43,0,0.08682767309144405,0
7666b366-74a1-4e25-a601-e2e4e6ce8cbc,0,0.1177848405850067,1
76692b88-4e0f-492e-bddc-f7b87ecff4ea,0,0.04814547982425062,0
766ebd84-3aa5-46e0-9386-8b5a04742714,0,0.04986540601985486,0
76727c98-d870-4d9f-a88e-6e861bb879ee,0,0.04241386971801166,0
767eff81-d941-4520-832d-0d449d3a0d5b,0,0.3047602056752221,1
768753e5-7723-445d-9a95-f37f7cdec084,0,0.09028539225778508,0
76927760-8fa8-470d-b3d0-f83b07d32cb8,0,0.057474899956914294,0
76979617-88b8-4494-99bb-d0da6a10bde6,0,0.04698724128604242,0
769820df-3478-4b85-945e-072e3a3f82c9,0,0.048251578523362475,0
769f17a4-9031-4c23-80bd-bfa803e1c299,0,0.04316268362327864,0
76a44379-88be-47d5-b335-dbfc8051de9f,0,0.04556183291579724,0
76aa58b3-117a-4cd6-a6df-ad39630a9cf7,0,0.04258981706875861,0
76ac5009-3a7b-40cf-b3f5-a5bb50117f43,0,0.04736260575513743,0
76b06dcb-c92f-4fa8-8d35-d290cadc29c5,0,0.055071557198490016,0
76b56929-404d-4942-b2c7-ec4c472851f3,0,0.04362258515997199,0
76b918d5-b344-41fc-8632-baf222ec760f,0,0.042072957751909695,0
76c3da3e-313d-4537-acd9-064194f1c9ef,0,0.06329748169642027,0
76d555e1-3976-41ff-b1b8-3ee5ffc3627b,0,0.04923689433618861,0
76d587dc-2e0e-4461-a6e7-58ceeb6fe944,0,0.05395378645022639,0
76da3365-e721-4cdf-8fef-5a42f7c43804,0,0.049133510794696085,0
76e4b55f-b66d-4d0f-9fef-3d1f1c864f65,1,0.06565133045018341,0
76eaf00d-b956-44da-a531-f46bfadbc148,0,0.046055663362538336,0
76f1d2d2-d624-415c-a745-fbe49b10a907,0,0.06059587753370124,0
76f79810-8d9f-456c-9b45-a2213c26e493,0,0.05422438903876393,0
76fad538-6105-4835-a4e6-12e627cf9386,0,0.048828329166303905,0
76fdf224-2376-4cce-b5d9-c4011ff7f41d,1,0.7752145866239888,1
76fdfacb-9863-4a7a-8c2f-8a36254b04ff,0,0.04483056583033835,0
7713e87b-2266-4d09-921c-6bc1603c53c9,0,0.045507420372448766,0
77170645-7cb3-42b8-8e58-87b2ea8d02f9,0,0.04615961100211821,0
77239f06-4254-4b9d-92a8-35d6cc42b4a9,0,0.04217573725483619,0
7724414e-3350-48cd-82a5-7cb8aad08f60,0,0.6132789883160721,1
772c87c4-ad82-4723-b2b7-8673a51aa9ea,0,0.046111363860661864,0
7732f2f3-84a9-4945-a697-e4bb12c3d046,0,0.04291765256255582,0
77363603-04d4-4fef-895b-8565294cb553,0,0.05782191766480079,0
7743e2ae-8825-41cf-a39f-cf94bd094c94,0,0.05174750206092275,0
77464820-63e4-418f-8859-4a049fad4cba,0,0.05504265752710907,0
77467c45-ec08-4042-8063-0de61a12b856,1,0.8330771164603639,1
77596191-cae2-4aa6-8119-5980ad78cbb6,0,0.047440353572390306,0
775baf8a-33be-49c2-8877-ed7ad47c3a3a,0,0.15378700399549758,1
77695a8d-3f62-4237-9e10-81c982e511ed,0,0.04954232332387395,0
776a16ba-db71-4433-b43d-b404ca42414f,0,0.047485999234068786,0
776d0a0f-df9f-43d0-aa68-0410af1993dd,0,0.06468932152904473,0
777298b0-00c7-408f-bf4c-1a6ef4aa92b3,0,0.041456369028685026,0
7777a1b7-2298-1036-5aa9-7c180f7668b6,0,0.051724084680390116,0
7779f3bb-f283-4afd-aec2-b3152a9dccb7,1,0.07288837514554525,0
777b1448-8f38-438f-9aa1-5cf3d8ed2279,0,0.04616429636817041,0
7787d4da-21ca-4ea8-b1af-587de891204d,0,0.13146900280240892,1
7791336b-1918-4d60-be29-842b9980bbe1,0,0.053285811232355804,0
7797c533-bd57-489b-95f9-4861f3103379,0,0.040810997327140525,0
779c6579-66c2-46b2-b565-945c7a9bbb4a,0,0.050535144549181565,0
77a7c21b-00c0-4ca6-bebc-108dffcf07aa,0,0.049918986225869606,0
77b5a04e-6600-4a06-a9a3-632907d2cd85,0,0.07072059626265732,0
77b61d9e-6caf-47b3-bdba-ed9cb830d448,0,0.06821569949286733,0
77d5edb8-71c6-4090-88cf-7f6034e81ba5,0,0.058400653491285745,0
77da0959-7787-4436-beaf-586f2ea7f0fe,0,0.041573827947711306,0
77da964b-42d5-4182-bd8b-d68f845a8fb7,0,0.04394863735943794,0
77f4b721-a840-471a-9b35-77de1f63e356,0,0.048488672618356154,0
77f9a4c4-295d-44d4-812b-aa5c0231514f,0,0.04612092251394333,0
77fa6c83-1cdf-41b0-a3c4-8b9d198d1125,0,0.048116919846821024,0
77fb1a1c-8caf-4b7f-ab44-fb3cd273dd0e,0,0.0521979816078308,0
781f851e-1bf3-4f01-9963-57cbb1d50cd0,0,0.04729693001305791,0
782157d5-5591-4418-a2c8-96e1ed94b0e3,0,0.05171061972993504,0
782415e2-affb-4558-a5b8-11493e667258,0,0.07300787265811674,0
78308d7f-fa2c-4c91-97ca-f09e28fede7d,0,0.0586496171361489,0
784032c1-1a18-4465-85a2-dc8ecfb07bc0,0,0.06997182625653316,0
7840af49-be0e-4e8e-818b-dfb9145ca597,1,0.14045277936438944,1
7840f786-3d70-45fd-bead-1a67186feb85,0,0.053980802606181995,0
78414d3d-9e70-4186-bd1a-63a4cdc894ec,0,0.04370266064808851,0
784238a0-da01-4c34-9034-d0e9dc06b2b7,1,0.7413161326303682,1
7867294e-abac-4877-a80b-6eb177956064,0,0.046398597538973164,0
78693c2c-656c-447b-bc11-2a1867579cdc,0,0.042870677623662055,0
786ad8fa-f815-49fa-9ae5-b50efdcf6f89,0,0.05028050651082308,0
786b7395-2ff2-4303-8f14-4ce89550b304,1,0.6700353478660978,1
786e88b6-86d7-4d7e-9971-68ca9ab83711,0,0.04315303953050105,0
7873e0d1-8e63-4c4e-8a75-d4a158bbc607,0,0.042413273394483884,0
787c63b6-b5c6-43fe-9642-923ea69bb6ad,0,0.15734441813650818,1
7880dda2-f818-4eaa-a0d8-a50aee79aff5,0,0.04813944396769426,0
788354e9-f38e-4066-bb8a-77b049c9f1c1,0,0.04387730123654968,0
7883eec0-4162-42ac-9496-0e263cad534a,0,0.04496227875769516,0
7885352e-2f26-43ad-a59f-46ef598f1777,0,0.05834870842751805,0
788e02d9-4b94-4d14-b7f3-a71b9d9dd868,0,0.04124140160569858,0
78a34e18-e854-4523-a680-b698f632abea,0,0.04654486306684767,0
78a65eca-ab75-48f1-8956-9fb273170a54,0,0.04285188120821913,0
78ba7bd4-aa19-42a8-adc2-4715ff0fa756,0,0.04829168618873441,0
78bcc159-f3c0-47f6-8478-77eafc151beb,0,0.04466911350071978,0
78c06ad0-1807-43ee-8d95-548393164258,0,0.1022790707133784,1
78d3c028-405f-415e-9c4e-6cdf1cf17e6f,0,0.043688229320225286,0
78e7dc83-9aac-492d-b005-43eaa60c9bbf,0,0.39953006898774496,1
78f272d3-57f4-499f-ae00-d266741261fd,0,0.048598775043028675,0
7905b7f6-6cf1-4931-9cfa-c24b6101f5ce,0,0.05673030688794138,0
7912beb7-4e95-4e6c-99c4-bc383eeb32a5,0,0.04222219239256224,0
7912c106-b8d9-4231-b1bd-e833583577ab,0,0.046566108832768745,0
791d1991-0c21-4012-9c1a-f27a0e9e2061,0,0.04489466129573623,0
7927c5c1-0ec9-4a37-bcf8-2bd9ec0202be,0,0.05122976520078806,0
7928bc68-9b84-4dcf-8511-7c8673ff823c,0,0.042963063898836314,0
792bbb2f-ef48-4176-8668-435e7e3300ae,0,0.04868505942602907,0
793e08a6-5c3a-4aca-80c5-e2fe17ca238c,0,0.1378467988430629,1
7941f1c9-c2ce-41c2-bd3e-15eb61ba832e,0,0.06693185607466594,0
7943eb2b-dbbb-4325-8012-75629b5e9bcc,0,0.04304192711286125,0
7945dae7-705c-4bd2-8586-d411d6ab259a,0,0.06511584545548246,0
79487c75-1317-4db1-b03a-a7571f2a7660,0,0.04679340004571202,0
794c7d02-7597-4bf3-aac4-b7a953235d7d,0,0.04993277483880637,0
794dcd94-acde-4ca3-a902-12bd35b3f230,0,0.045746082722668,0
7954f58c-158d-402d-9820-c502a5eea86d,1,0.14588738231051018,1
795713a0-381e-47dc-bf53-f7b9804aef4d,0,0.04529551705495145,0
795cac5f-4214-4619-9d33-cf520c4e018b,1,0.05625980985589061,0
79642286-cb41-44f2-b3d7-aafe9c0c5e54,0,0.16154877153681074,1
79672280-7638-4252-8de0-ee5879576f12,1,0.35303501728198466,1
79716bcc-3231-4552-93ec-15940b5d62d6,0,0.047504775438661766,0
797da5a3-a5ed-4603-b74f-91344173244b,1,0.05122947722177782,0
797e9f01-2d27-4303-85e7-7d70b9396f2a,0,0.0986349645686583,0
79864a12-b9bf-4a3d-bff6-c07706616e74,0,0.059976048643734,0
7987d30e-7ec7-4bba-a960-022b5e3c7e8b,1,0.10781909294525983,1
7989deaf-4b21-4e31-b931-2b4229be1032,0,0.04843984200045643,0
79b30a9b-93db-4e40-847a-26b76a5b1c09,0,0.044855919515366806,0
79b8085d-cc4b-40ff-870f-14d3327c61f3,0,0.04895434586498502,0
79b83127-db14-4813-8648-886f9f88f5dd,0,0.06757758580552219,0
79cb835a-4c7b-4bf5-a8d3-5415f8c7d570,0,0.28405357092807426,1
79cc4da3-6903-49d9-b1d6-56e177030f53,0,0.05672058919024894,0
79d9cd82-6f7d-4e0a-be3a-04130a37e5a4,1,0.07542034091220344,0
79dcac65-934c-42c3-8db0-a43699a4fad4,0,0.052359023603509615,0
79e1fa1c-6378-4282-a8ae-c79287d6b16a,0,0.049798720494347345,0
79ed7fe0-e6d5-4339-b41f-ce52c3c099ca,1,0.8158724691317705,1
79f192f3-2750-4fe7-a3b5-f05badbdcefa,0,0.049560114069979073,0
79f23365-6a26-4b67-af21-527e247e5622,0,0.05216211682185953,0
79f2fcad-abc1-4e95-8d52-62953181f9bc,1,0.6925849547674428,1
79f37957-b4f8-45ac-958b-3041d5045f1e,0,0.04306345402604012,0
79fb32bb-ec8b-44c4-b870-b6c2394333bf,0,0.0489232351517472,0
79fb4b73-3931-4379-a5a5-4341c6db6649,0,0.05218465514547935,0
7a01f023-1445-4abf-9c88-e030560a6059,0,0.05261307586781695,0
7a047c17-abf9-4f5c-b953-acb61a22b47e,0,0.04523997637372825,0
7a05033a-8e5e-450a-b15b-29f157cbb7ac,0,0.048998058431772316,0
7a0f632f-ffed-4dec-bfb8-8c0c94a3c7e2,0,0.05504071684744628,0
7a133777-55cc-4b18-adcb-7e69b7fc0a13,0,0.04308991159345077,0
7a14de92-d426-42c8-8d46-1f01aae09020,0,0.06644618024216128,0
7a14ed25-905c-4bfb-a6bc-aa2e51c0b20c,0,0.04423137756272057,0
7a1968b1-de41-4d76-9eaf-50b609b5afd6,0,0.04587506538022136,0
7a1ab687-040d-4d06-ad8b-20adaec6ac2f,0,0.09499094444420511,0
7a1e7ddf-359d-4ec2-954c-d02bc93770b1,0,0.05071691930932756,0
7a205095-1ecb-4ec2-b0bd-a5bcbd6fe3d3,0,0.0987077560768557,0
7a24d36a-0186-48bb-afa4-9c7a146cb41c,0,0.04548057431748213,0
7a25f23c-9fe8-45a9-a079-7498f7acf376,0,0.05132075720429159,0
7a2727f1-b399-4dea-a9c3-ce9edc4c3a5a,0,0.044990144469828575,0
7a3674f9-a773-4467-ab07-31740b65dc7e,0,0.05100452320807771,0
7a38506b-97e0-4256-89f1-d04c9a7677e6,0,0.041078657178020166,0
7a48708b-002a-46c6-92e1-3a0f71aaea6f,0,0.09785223208675793,0
7a4fd9cc-aa07-415d-94b5-52a8124e2e01,0,0.06034201761149888,0
7a50de48-3818-4de3-9ba0-14bb6da93808,0,0.045530663798815305,0
7a56f4b6-d6cb-7fbe-9580-97a67916c435,0,0.05178133432070319,0
7a57dada-f522-46ea-8418-be6932b4cc41,0,0.042778891286900766,0
7a5a8a1a-97d2-411f-baa9-9dfeef4aaa67,0,0.7173487648713435,1
7a5db249-cd73-44af-bcaa-eb8bd57c1fd3,0,0.06030613990158928,0
7a69302b-6d1c-48a4-a500-450fb78649ca,0,0.05127478177670735,0
7a6ad368-7701-4342-ae00-ea1f47227852,0,0.06610885156008696,0
7a6ad372-26b4-4883-89c9-7f604f68547d,1,0.6454390385790826,1
7a6e1924-23e9-49c8-97a2-6db6f8208dd2,0,0.0536055496936048,0
7a6e21ca-e289-4f94-8ede-c2f30b8a2def,1,0.24754198845702646,1
7a6e936c-93e3-417f-86e0-454f30a7dc13,0,0.05003421569213148,0
7a7ea5da-8db7-4e81-bed4-d4bcacc6eca4,0,0.04896645459574835,0
7a85303b-d558-4953-b218-d20850e5263a,0,0.05427489617534063,0
7a863bfc-daaf-4bf7-94dc-5b7e5be1a37d,0,0.04756183792363615,0
7a87762f-97b9-4a84-8515-42b0d9cf9ffa,0,0.04742650789812707,0
7a8b7e50-4ee7-4349-8c96-e588a7fea1e6,0,0.0669603349576247,0
7a93a1c9-f98f-4e7f-8312-c0cc09e88c45,0,0.048369983751550195,0
7a97bef9-3153-7689-e8f2-aa4e49504e89,0,0.05776946032273571,0
7ab2d153-0a64-4e38-a76d-7fb485fefca4,0,0.04210980287863256,0
7ab6d7f2-098f-4273-89d3-1fd092d08cc9,0,0.04469546689795924,0
7abb2b2a-0f95-45be-9ef0-07334b85b741,0,0.04221381420084072,0
7abea046-1b50-46e7-9fc7-e47172c6de37,0,0.19705817828161815,1
7acb3722-f864-42a2-a4bc-2ce8737a8c8f,0,0.047081462507551505,0
7ace84a0-eb37-483a-84e7-88aacf642f66,0,0.05080149046366531,0
7ad62d1b-1391-4459-93f5-f69b5311d996,0,0.04360345470116771,0
7adafc0a-fbb0-4f88-940d-59ddd3ef872d,1,0.24548592155530913,1
7aeae545-406a-47fa-892e-086edf69bb93,0,0.048807933760835774,0
7af53533-9fd8-4162-b20b-025affc509f2,0,0.061837350231881624,0
7afc9e4a-dbf4-4e62-ba70-b2b48ae545a2,0,0.06680022495844457,0
7b01b4e4-550c-450f-89bb-0a0ea101ceab,0,0.048649915187744856,0
7b03ec13-74b4-4ee4-9e73-f1b6086f51e5,0,0.045786049936665574,0
7b048f9d-ff07-4774-a902-4c0bb493db96,0,0.06914540768280258,0
7b067f26-2ca7-4cb0-868d-61079ce2f730,0,0.06544303982973339,0
7b25ed86-235d-4f6c-915b-09d0a046a246,0,0.04285839037028207,0
7b2a3944-6544-4156-a543-ad621a71fcc6,0,0.0440483303537251,0
7b2cb84c-e6bb-40ed-b5c5-cfc5e91f9598,0,0.0461116459696128,0
7b382753-4b88-4ee5-81a0-45d79e5a12db,0,0.0484934513780399,0
7b417de5-70d5-4885-8883-a983adf77952,0,0.04613383566986229,0
7b4c3c96-6474-45c0-8812-b402c6c91fef,1,0.631576733024111,1
7b4e6491-cbb9-4c22-acd6-7bad78a6810e,0,0.04414483511230778,0
7b50ac9e-dbd1-4e46-bf47-2339e987b906,0,0.041998061427254124,0
7b534a52-7336-4b3b-befa-e27b186c005d,0,0.07666429674336635,0
7b5557eb-3e09-4b4a-99cd-b264559caae7,0,0.12796455842393595,1
7b680ef8-277d-4373-91ab-e706e2d541a9,0,0.045174676992029664,0
7b6cb412-0f41-4c4b-abb4-756ba1ade0b3,0,0.04261762082428793,0
7b6ebe3f-983a-4e01-8737-5125276dfa91,0,0.04434089089907486,0
7b70b03f-c97d-4ec2-8007-5e2b210ac0c6,0,0.05524096999918354,0
7b7e0d10-1f17-4536-af10-0b03bc03ac7a,1,0.3962644494474671,1
7b83e818-94a9-46f3-918e-8f895060585d,0,0.0492667385042102,0
7b87f3aa-43b3-4817-9c5f-acc2456d79b8,0,0.04834500418251682,0
7b8ec093-408f-4e2a-887a-6fadbb41ad88,0,0.04765136495343197,0
7b8ec0b7-f59e-4c1a-9fab-d81d0fa11353,0,0.04497368880149931,0
7b94e59e-2513-45dc-bf2d-651b2c22fab0,0,0.2145393295502137,1
7b98c3cc-41c2-4149-869d-9dd74257d751,0,0.048581274736982136,0
7b9ecba8-b581-4d37-a602-584eb48353ef,0,0.0456112105926384,0
7ba3d6d7-6902-4843-8503-3fb8d848cc8d,1,0.27108632204348315,1
7ba882e7-e8f2-414a-b154-31513b9ca94f,0,0.04211148117923651,0
7bad1d8d-ff22-437d-8976-8fa97fa06009,0,0.09092729807356832,0
7bb22765-d6a2-47ab-b5b9-790841fb4b9f,0,0.2739478568710515,1
7bb55288-165f-4f46-ba64-34df0c7cb19f,0,0.07701947988132875,0
7bc9ae31-dcdd-4b2a-97c1-b4ee714aab87,0,0.05031717683853303,0
7bcaa1b2-5916-4bbf-a29a-1fcb4b965280,0,0.053061300474948565,0
7bd5a758-efac-4336-985c-94a0ba673bc8,0,0.04284649594136469,0
7bd5fe2b-5e36-445d-8a54-a20fccefd88a,0,0.04322150232728953,0
7bde4269-d2d4-4f84-8f07-7d59282afe74,0,0.044346984120777116,0
7bfcdefa-6ed6-413f-9de1-745ad4fc58f8,0,0.08001674307365297,0
7c07353d-d5dd-445c-b354-11465bf7aee6,0,0.05024183999084401,0
7c14c2d5-b8e2-4090-8510-21cbd73478d5,1,0.06694896642258227,0
7c1da24a-12b1-4fef-a0bb-883950446667,0,0.04488486299220422,0
7c250c8a-3f01-43f5-a243-1176d1506e36,0,0.04752401315670698,0
7c2d3198-53cb-4034-a7e4-be722b570cc0,0,0.043531132656835114,0
7c34b519-bace-441c-8b43-6ac6cc4bd17c,0,0.045924868646546095,0
7c4c15ef-a91e-4a79-bc42-c093f482d523,0,0.04618759989126551,0
7c5101c4-e347-46da-8d19-e987540e3ae2,0,0.055977435980375245,0
7c59c3f2-54b7-4dc4-80a6-765708819ab2,0,0.0591497460277374,0
7c59c633-b2e2-466f-99e8-b325fc204c7e,0,0.5717934039664606,1
7c5d6602-8b22-4c20-b152-b3df229f0915,0,0.0424780171115005,0
7c6920d4-18f2-40ff-b070-6102df1dde33,0,0.054942640518926965,0
7c6afe5c-b3dd-4ab0-8484-55909162abbf,0,0.04234337798049547,0
7c72a2f1-a6ee-4ba3-ae57-1f71cb36193f,0,0.044300598318508334,0
7c7abf14-484e-447b-b7ce-4c0ba9816684,0,0.04288768721822437,0
7c7c18eb-f0a2-49bb-ad01-47e46d6abf31,0,0.04703554124242307,0
7c8500ab-c33d-4223-8528-568b47c20ff4,0,0.047205633036068784,0
7c90fc70-0e80-4590-96f3-13c02c18c713,0,0.04196663087386009,0
7c91094f-ad46-466f-8c23-1f5263d9c3cc,0,0.05458030670706533,0
7c923b17-b245-4ef8-ab21-f58186b2f5a9,0,0.04933160293623893,0
7ca0ba26-ad46-421d-a64a-4b3a2982c55c,0,0.05036741533764913,0
7ca2ccd1-492d-4fb7-8ab8-911cf517626c,0,0.04855281896143493,0
7ca3d8d1-ab9f-42d6-9003-395bfb7e29b4,1,0.07057314395213293,0
7caa15d3-7ec4-40d2-8a46-ec77c625de8c,0,0.049117672362817444,0
7caf6328-871b-4ca1-a44c-f8548f71d2f9,0,0.044672199636108335,0
7cb3a386-8fbd-4d98-950c-ccedabc035ee,0,0.04870397544828508,0
7cbeb244-1e2c-4fc3-8791-7cdc368810dc,0,0.04301383861312924,0
7cc61c4e-0c16-4524-9f95-0b569a322d38,0,0.04506853167063276,0
7cc977bc-abf7-40b6-a00e-016e8553dc6f,0,0.04531281100115845,0
7cdecf6d-8cc9-43bb-8cfd-f753f892932f,0,0.04458409004052675,0
7ce4e63a-2fd3-44f1-a315-12efb99145d2,0,0.09900063619608963,0
7ceff7c0-0935-4393-92ea-64914820cc04,0,0.04706324621259602,0
7cf51df6-bd6d-4dc8-b063-70b9bf5ef972,0,0.04363962321005047,0
7cf6cc64-0854-405e-991e-1ff909486c34,0,0.04621576824115412,0
7cf82d8b-84f6-45f2-9438-c86def231a17,0,0.06619204722707125,0
7d02438a-f4ad-4086-a278-319399a949e0,0,0.04769945464314495,0
7d11a214-4f96-4db5-85db-74f2b912d6c9,0,0.04631870420984158,0
7d13ac79-9b81-4b3e-ad82-68a531c41cd4,0,0.0453226995746773,0
7d140213-68da-4737-b348-124b9a9a1771,0,0.052267225495458695,0
7d167838-f83e-4c86-a86e-840b4b72c76a,0,0.04720631333383716,0
7d21ad8c-c972-4a7b-90ee-ce543b275ec2,0,0.04658643822908827,0
7d243e7b-26e0-4175-afee-df7db53d531e,0,0.04844946429566844,0
7d274052-e74c-4c0c-8a63-e44cb0ba9f87,0,0.06358929435813399,0
7d28e297-a023-40a2-86d1-57d18e01f107,0,0.0428401825464085,0
7d35e92a-af48-43b7-a204-dae3ec0a4785,0,0.04506094058748421,0
7d3f13c0-04aa-4194-8294-448d37627cb2,0,0.04695544165792326,0
7d422d27-3408-463f-9863-6b26d8c2c218,0,0.05338719400816826,0
7d57be87-ba36-4727-8c80-655f51026fbc,0,0.04428886375631288,0
7d59185a-f2fd-43b7-ad75-f3e3f2a2d94d,0,0.041605941481812694,0
7d66a938-d4a4-4bc4-8f3d-aa6c4b9f1884,0,0.041528720063593684,0
7d6ca3f3-1053-48d8-94ec-a8577248c812,0,0.053982483478660616,0
7d6d03fb-39d6-4143-8694-981a550acaaa,0,0.0493747601740399,0
7d6f0a80-ae8a-4dd9-8804-ce76c89df415,0,0.04910723535351875,0
7d740eb4-0e45-4328-979b-d8cc5cf359fc,0,0.04554318399346257,0
7d7b155e-ef77-4edf-b8c5-dd6ef934350b,0,0.04396079821548907,0
7d7b3e8e-593b-4b44-bfb0-c4dab196a306,0,0.0498120004325272,0
7d7d2830-c70d-4a69-90dd-4756a34870fd,1,0.10941639530739147,1
7d7df731-d7af-4344-a362-f3580855c3c7,0,0.045617435123176925,0
7d837ae6-0c6a-4ffd-83fb-d8f6dfeb25c9,0,0.28980725099180493,1
7d8a475b-0bbf-4420-81c9-92609402a2a6,0,0.043619782398874235,0
7d926ad3-f062-411d-8dd8-2ad2457dd71a,0,0.14602525153642243,1
7d9b45bf-5f50-4d99-bf23-8ece94349ab8,1,0.8461912275207336,1
7dc77cdc-7593-4e39-b959-d083bfa4ee56,0,0.05771349157277882,0
7dd74094-f896-4df7-baf6-e7de39a673f5,0,0.07666311658467033,0
7dd8c140-72b6-4652-bed7-79643596c0e6,0,0.05530819328792367,0
7de08b8b-d894-4ed1-81f1-bed937d391cd,0,0.06957045676258523,0
7dec36b1-02e6-4d76-b439-7f6a7c2b4976,0,0.05458633940663742,0
7df063d7-0c7d-47ec-a977-34ff42ec1d36,1,0.11624433220918398,1
7df5bdc6-2645-47f9-aa24-ac3a1bded44f,0,0.046458912868233025,0
7e0c24db-1ec0-45bd-8a54-da42dd411061,0,0.04574783246542104,0
7e0f7516-2075-47e4-9bbb-4d7d25ceb090,0,0.1098483702508827,1
7e2da362-96d7-491a-bf59-03b7b335c1a1,0,0.06585414476846829,0
7e2e01b1-8936-4f08-ae8a-70d431e1ba88,0,0.054043580044358566,0
7e301c7a-572c-4c89-8286-b8e93404f1df,0,0.044549828459405756,0
7e322c31-afbd-4b72-a35c-b49a4643d453,0,0.11318308036168091,1
7e357dd6-a525-4058-b7a6-5a84004eae26,0,0.055465389088139506,0
7e392ded-de18-4325-9228-a8f402c77906,0,0.04248257590808976,0
7e3c27fc-974f-427f-9279-955d5a6d6d8d,0,0.05001503099768082,0
7e4fe18b-1b86-4778-b8cf-a91ede61d686,1,0.0797336282286832,0
7e52ba2c-c926-4d8c-8f29-038096ee942a,0,0.05663701109799425,0
7e5b310c-44b5-4c48-94dc-a1abdadd10a3,0,0.042333484785162974,0
7e639f26-7c55-4296-8b7f-bbb0665fb554,0,0.049435092842849845,0
7e6c8a7f-259a-4373-a2fc-55a3c14388a3,0,0.05416330895984547,0
7e6dd63a-9883-47af-a50a-fdd0c06479b1,0,0.04519136163162739,0
7e6f0d4c-ce5d-450c-b631-292c641986d5,0,0.054692583404531654,0
7e6f1f2d-68a8-4d03-8ee7-8df87ef3e9a2,0,0.08243172511531206,0
7e6fbd4d-b1b6-4cbc-b579-93b0c3a5313c,0,0.11080839941777897,1
7e776b9d-4f32-494f-9fbe-f293046cdd6c,0,0.057494354471323506,0
7e7ef18e-4512-4126-9aa6-bda3b6914cc5,0,0.06044967982535076,0
7e802cff-4163-4983-8577-f5aadf4f4173,0,0.04840252055665969,0
7e8c24df-0e5e-46e1-be7a-af7aa8c70ec9,0,0.04679169215811965,0
7e91c394-7913-484e-bfd3-60434a68edb7,0,0.04322765078639849,0
7e9c3e26-03fc-404c-afd4-2b9a368657fb,0,0.06572369130807129,0
7ea51dde-5494-4fdc-a392-517ae1b8ecb0,0,0.04409163220364735,0
7ea71b1b-f86b-4142-9246-dbdca77c0598,0,0.06392368763053612,0
7eabfc2a-173f-4497-bee7-ffe3b9ab7015,0,0.05547577533444104,0
7eac9702-2d9d-449a-b1c4-d3351518109a,0,0.04504744250645746,0
7eb1c0d9-4b45-4682-bf26-c650b6d8c8fe,1,0.06202375768118125,0
7eba9a4d-f5a2-40cc-b76a-8754924a2c2d,0,0.42226454940267744,1
7ebf85d0-3d5b-489f-8756-6d1f80ff8d16,0,0.052248025031099765,0
7ec35100-3488-446a-8da8-6bc5734c5782,1,0.4213815395539912,1
7ec382ac-6a38-41a2-a52a-b2791a8eae75,0,0.06190971107387252,0
7ec94e61-e861-4655-8b06-7bf74eac968f,0,0.04635875144101994,0
7eda7b11-7de7-478b-97fc-acd67cf94575,0,0.04546280413772446,0
7eded453-f5c8-4e5f-aaa1-d440c8482ff9,0,0.06518973046282842,0
7ef51ead-9ab9-4592-ac7a-dac0c2ef2426,0,0.04404021835669977,0
7ef58f0a-fba6-4f94-b09f-826e7b87abd0,1,0.06521982275588793,0
7f0062d8-ead0-4e0a-96f6-43a0b79a2fc4,0,0.04765331557236042,0
7f033177-39a9-44f5-9f30-5f4bfe75f994,0,0.1296069526737039,1
7f073eb3-f38d-4944-abe9-ff11823c9537,0,0.04844073551569097,0
7f24153b-a9ad-4274-8f99-a0b8fe9940e5,1,0.14580354035321572,1
7f260924-ffc6-4210-aa32-9694972c4c5a,0,0.056026743302482335,0
7f2b9579-da67-4e35-8882-0c54672c5a80,0,0.042493862366691094,0
7f2fad84-0ede-413d-834c-cc994ada1afc,0,0.046684236766229126,0
7f3af555-f4fb-4eee-9c3e-44591d46b37f,0,0.07696515027890823,0
7f3de14e-ebb0-4b22-b02d-f8e186e2f4f7,0,0.04516266931924604,0
7f489680-9ca8-4636-8c14-2a4bcc327c2f,0,0.04139382629772071,0
7f50e6af-63c7-4d77-b9b8-e4e602a19a35,0,0.043167403327214686,0
7f528222-f5e1-4ab1-9838-52f587b5aa7b,0,0.08431713106540367,0
7f6076c1-fd0b-4ac3-ad0e-68142cf0b036,0,0.04395063828515328,0
7f6172a5-4490-4812-b5c1-085d5da0f502,0,0.045822298265801906,0
7f689714-d5e5-4f05-81e4-51a5cc730057,0,0.07355512652490648,0
7f6a984b-39b6-4926-b807-f6dc635542e1,1,0.5428300467046582,1
7f7042da-1c91-4bd4-bef2-4c014e3c3014,0,0.04334423258026501,0
7f705cfe-4ba1-4641-be8b-319ddc64c514,0,0.04950347314683179,0
7f786b20-26a9-4b03-bb86-5bf5f6efab34,0,0.09932412044839561,0
7f82b450-6c45-4346-96fb-ecf4ab25779c,1,0.8488435390410619,1
7f909e60-ce79-4676-9aab-ac6537edd84f,0,0.06255547473650278,0
7fa21d54-e5a5-4cf4-a121-1774fc36553b,0,0.04522212027937448,0
7faa21f3-d0c4-4c2a-a353-541bd016ec25,0,0.043064206025771934,0
7fb1be43-0cd2-46e2-b606-4826129b6e7e,0,0.045087264160728314,0
7fb7bd3e-5985-4189-8e5e-cf92e484dcf0,0,0.04125665944828401,0
7fbd45b5-7860-418b-a90f-5846a0ecb672,0,0.044857801946370075,0
7fc04062-2524-4215-aba0-9c0d90bf488e,0,0.05007021790110232,0
7fcdfbab-5822-4106-bf21-b575ded31ddf,0,0.05299604354032205,0
7fd23102-13c1-4fb3-b088-3c0915a1af3d,0,0.3005758984776362,1
7fd543f3-057c-424e-b842-b50a8d9bf563,0,0.04666786813680916,0
7fdf7502-e024-47c9-98c9-78cca6a4313c,1,0.20427717182938304,1
7fe2236e-0929-4d74-a37f-bcbad03f5be9,0,0.05707181164998431,0
7fe9ea08-17ea-4cff-9ede-c9a90e90c985,1,0.0726752872536744,0
7ff109e7-96fb-4895-bfd7-f574a524a2c0,0,0.39661313097761236,1
7ff37f39-ff67-4756-9a58-29bbd865163f,0,0.05017785356619716,0
7ff5538c-6f9b-4f9d-9490-0da9cd7c25a6,0,0.045861201955418665,0
80001c35-20e1-461e-b171-e3a208f389fa,0,0.047149273641307866,0
8002552d-c105-40e5-8f79-323d8448cea1,0,0.11737481312700193,1
8004fb6f-0285-45bb-a6f2-6fd90ab4023e,0,0.05818434779464251,0
80065ace-e66b-4956-a32e-b9c358254b1c,0,0.04781051207802948,0
800e4005-33a4-4de7-94e2-81ae94508e0c,0,0.3324850013989211,1
801dabdd-5d2c-4f7a-9b3f-8d530fd595f5,1,0.08292360396392351,0
80213f4e-add3-45d7-bc7e-c50777ebddde,0,0.048124024192526496,0
80220195-e164-45a0-a46e-4b2e29cb5f35,0,0.04700692492701423,0
802b431a-156c-4c34-b9b1-1e7278b532e6,0,0.04666190315764013,0
802e4c4c-5933-4d21-bafb-d50b953b7359,0,0.05324725275070019,0
802fdea3-9f98-4b4b-b16f-12253f6db739,0,0.048643513203512054,0
8037e554-6525-4054-a828-46b721859174,0,0.05132282279262643,0
803e76fd-81ca-4c5c-898b-ef8302e43df9,0,0.04469654674606657,0
803f728f-83d2-49c2-a607-09e860653ae3,0,0.04597796630198025,0
8040a0c7-9bb4-4919-a871-a089fbe7a261,0,0.049509686974830665,0
8044b355-90d0-4c04-b08a-f713d3cf8ea7,1,0.06094295369840759,0
804ac44a-2ec7-4870-875b-81b317762559,0,0.04520902704167106,0
80528c23-37fc-40f7-8640-536844b393df,0,0.06386285381102262,0
805ad820-b4df-4fae-8a4c-fad65a54e787,0,0.045842793030199946,0
805becc0-503a-4ee0-8d39-f5af172dd606,0,0.047269634216214294,0
8063ce13-3ef3-445b-a3f1-6e3253823da1,0,0.050111623782239004,0
8068cc2a-c281-4cb9-b4bc-427eb596fa1b,0,0.04670734993735957,0
8073c210-c7e2-4bf9-9f4b-0ade9dde8693,0,0.05522214404211037,0
8075e7b1-7de7-401f-8f2c-0b7e9dde05c2,0,0.043804274373249776,0
807e0d5e-b2d0-49c2-a38c-2a355bef660e,0,0.05268132581454345,0
8089acc9-8bdb-4911-a001-8bc23e9b57b6,0,0.05170441801776886,0
8094f5a5-b518-459d-8947-485d4207312e,0,0.06063750097695287,0
80a072e0-874a-437e-bb6c-beefab9ad218,1,0.8608293756002376,1
80a0df01-d2cb-4857-b87c-d1b990e6dd3b,0,0.0434764453139057,0
80a21aa3-4f2d-40fc-ab88-0834538dc728,0,0.05873418119017525,0
80aeef87-f2c2-4bb6-8487-2963316b3377,0,0.042498181865386044,0
80b564aa-749b-4d7f-a92b-5574ff4e4674,0,0.08072741819173732,0
80b7a822-44d0-44ba-89d9-0b6e0a46e942,0,0.04413874007820615,0
80bbe802-5542-42ce-a611-a65c11908f77,1,0.649977457270919,1
80c08487-f18e-4e1b-bc26-40f3bb77bbe0,0,0.04775064807599542,0
80c59459-c06a-47ee-81b2-b6088d9c6528,0,0.04206301012903466,0
80c8f2d3-8051-411d-a751-a501a6d0cca6,0,0.0739164154882691,0
80ccabf1-39b6-421f-b452-4bf9e37805d6,1,0.27269699245503076,1
80dacfaa-c97e-420d-b2d0-1870c2a68b71,0,0.041914628918726556,0
80e34311-c14b-441f-b23b-2149cf3761b4,0,0.043870217330746974,0
80ed8e83-d3ad-46b1-8553-a811431067a5,0,0.06601932766436519,0
80ef3e67-93fc-4356-a2f6-9bd82778ba5a,0,0.06501915253816908,0
80fb9caa-2881-4479-bda5-f6a0fa9a8d43,0,0.06359481768909343,0
80fe96c9-56a2-4a9b-8ac8-2ba2631262df,0,0.04501541391979413,0
8101876b-9e11-49e9-9706-d84d52c2537a,0,0.04685705465141858,0
81036915-ba0d-474d-a174-d1e5d480eb8b,0,0.048490872758931276,0
81056037-4510-44ac-a897-c984d35b6bfc,1,0.7492126302535562,1
81061a41-9925-476d-a854-4ec99df07b0f,0,0.04469473797757534,0
810c3a18-215e-4191-8baa-da5480bc2744,0,0.044455880567623264,0
810c9050-032d-4bb1-a76c-38521194e4d5,0,0.059355531946669676,0
81158237-7a07-403c-b704-b1214cf81873,0,0.04958387125807948,0
811eaa71-283f-4689-8943-dfca0cef15d5,0,0.04794939076771127,0
813297be-d3ff-4e79-bb86-4739d94c9d9d,0,0.04981327232231436,0
813386da-c976-4ad9-862f-f964b3526bee,0,0.044083090817640606,0
8137c129-ff6c-4c12-9e4f-217387f5028f,0,0.045573767838241325,0
814dff60-2298-4ee8-8af6-23d9ea7f186b,0,0.050065042601849144,0
814fdf66-d058-47dc-bff4-4dbcd19acc46,0,0.0492366215498157,0
81550e22-5ba7-46fd-bc88-82b03a9a2429,0,0.04074848705876169,0
815c70b7-0610-4074-b4ea-993ee58956b6,0,0.06753975174227672,0
815dc786-453e-45ad-ba14-c80a0528a39e,0,0.05190234686348259,0
816048a9-b6e1-4c52-b9f1-26cb88dfd5c8,0,0.04453609336957528,0
8160d08a-8438-4ad0-98f6-3160bd4dfe00,0,0.04361689133517802,0
816397c0-fcc1-4989-b3d2-f03cf862b98f,0,0.04242059706378782,0
8166e91a-c0ad-4321-a999-9effcf743193,0,0.0621293346906991,0
8182723b-7d34-4cf2-8836-05de48abbf59,0,0.04728801484978036,0
8187d148-3c41-46d4-b0c0-9c08cd9dc564,1,0.1454521904125696,1
81932edd-66a6-4517-b166-eba10bf25c18,0,0.0477427517076324,0
819579bb-dd67-4656-8f42-e52da6d6e241,0,0.2479544015304278,1
819a46ae-c6a7-4e87-ab3c-ea6346a3d9de,0,0.046902055810226585,0
819b60ab-4345-4ace-a338-e80562175f7b,0,0.04992746239257599,0
819e1a8f-bc4b-4299-a79f-378b0f8ebe5e,0,0.10855309196489843,1
81a0eb2d-cf2a-4fd9-b71c-2dd8863f3f6d,0,0.046425685412665355,0
81b17fdb-d185-40ff-8c50-efbba3969a62,0,0.049004109696401774,0
81b4f544-1379-487b-8076-5614ca91c5b1,0,0.10606062334924826,1
81b9cdcb-cdaf-4879-a114-6eb2a4db2836,0,0.052229672947091674,0
81ba71ad-7d27-42d5-980c-24770390f6f0,0,0.04219428324264373,0
81c0b1a3-e9c5-4984-8fe2-1717424981d1,0,0.041558213874710634,0
81cfb795-d78f-458d-af51-86ce712417e6,0,0.06287689217320802,0
81d8a9a8-39b8-4717-9c89-efc55e86a303,1,0.7003475466005901,1
81e584f7-9a53-465b-a08f-19aef0080bfc,1,0.0853492370208592,0
81ed8da2-69f0-4c8f-84e9-74dbf8a4de13,0,0.042157128992090315,0
81f8396a-e613-471b-ac89-08fb18f6ecb6,0,0.1429945286707322,1
8200220c-1260-4c4b-864d-403f340e78c3,0,0.048527981058572756,0
82023763-5b3b-417c-ac01-f128a865dd45,0,0.04758828728895219,0
82026236-223b-4b65-a3fb-0bf76812d4e7,0,0.048403931773326234,0
820573eb-9fa2-456a-8e85-49cb1ecd4826,0,0.04250018714684985,0
82077d0a-7f13-40fa-991d-fffcc3bd88fa,0,0.045006633961479775,0
8216acdd-2b68-4b64-8f14-9c5afb81c8bf,0,0.04864855049322139,0
8227621b-e959-47b6-9ed8-1edf6179bce8,0,0.04322199673595943,0
8236236e-64d4-4ab0-877b-7c77dd8920f9,0,0.058545630911524094,0
8240bff5-f444-45c2-bcd3-e0674618e266,0,0.04967064629430143,0
8240c22d-ae58-4e46-8881-3ad42e47cd4b,0,0.06020029251393826,0
8251bb0f-e082-46b2-80ff-1a47abc1db4f,0,0.3018925762996652,1
8253f985-00af-4b93-b578-27732380181b,1,0.8122299202218584,1
8255353d-0dcf-47f3-a7ec-7951bab90233,0,0.041391574420692606,0
825e7352-85da-40ab-af4e-95c3fac84a78,0,0.04532109564063372,0
826a608e-ad5c-4e49-a1bb-9cbb53a5b278,0,0.05833467677505903,0
826abed8-5170-4dc7-8ec3-e6613d116168,0,0.08402924319072595,0
82712727-5cf0-4c80-a48e-31f472a322b9,0,0.04640019644438589,0
82744dee-a69b-421f-b4ac-6a2a5df4d245,0,0.05010684058079701,0
8286c50b-5b56-4426-b8e9-bd525f2c19e5,0,0.049483805442756115,0
829bb4e2-d6c4-478b-a4b0-20e1736df58a,0,0.042216480458993594,0
82a3c8e3-25ca-461a-bce9-dc705d38894b,0,0.04939537063451479,0
82a72b11-fdcf-49ee-9686-3f228dda5bcf,0,0.35996227987146473,1
82bb3cfd-50b3-43e3-be89-c9b372cbded0,0,0.05750311123619682,0
82bfc662-6ecd-4603-b628-8767c0da10f5,0,0.04840737538890568,0
82c14ade-40ac-42cc-b3ce-eb08dcbc974b,0,0.2802189768027383,1
82c1bcd0-d6fd-4a7a-a94a-c15ded798c69,0,0.0669730421921177,0
82c221af-3b4f-414d-abcd-394afc56a24a,0,0.055478778007761034,0
82c43249-0230-4751-815a-2148ed1ac2f9,0,0.060348407709630236,0
82c461fd-eb1d-4056-b20f-aab0f4828f24,0,0.046897512893263674,0
82c80472-cb30-40cd-bdbf-2149db9c422f,0,0.0516091165524204,0
82db1d81-e553-4797-a0fe-e37639d9cb7e,0,0.04703339668436725,0
82dbddd6-7fc4-4b55-892c-67a0558ac310,1,0.5801734098284921,1
82e39173-7401-4d72-887d-cfbad4006b54,0,0.043053548211811,0
82e7dbfe-c857-430a-a6d2-9914c63c3fab,0,0.05153900459961621,0
82eaf61b-d938-4aa1-9c6c-602f72b5dad9,0,0.0481265113540584,0
82f45837-7140-42a6-884b-2d19d759fcd6,0,0.04571515287423219,0
82f9b80a-84a3-4616-bcf3-aae5824970ed,0,0.04192987867278682,0
8306fac1-cb77-4d58-aab6-9b73e880f07c,0,0.04812346798607577,0
8314b15f-67d3-417a-9b31-d8f246106d6e,0,0.04457793595957693,0
831d6cf3-b711-4b3a-86aa-9a885d280239,1,0.23228416103706992,1
832b10d0-ecdc-4fb9-b5f3-34ea010ea633,0,0.046452348683220436,0
833822ed-c317-456e-9e0d-b8c18060ca5d,0,0.04307047765033962,0
83390809-2481-44ae-8323-9e551078debd,0,0.04939490197519549,0
8340e107-c798-490f-98d7-55dac0202b9c,0,0.05632364840497556,0
83438cf7-42c6-494d-8fc4-881721b9e285,0,0.05119880992271098,0
8345001e-45da-455a-afbe-991918a4ecd4,0,0.04764063365142381,0
83477bb5-662e-4b65-b275-158ccf7edcf4,0,0.1398346577057966,1
834c1e2b-87c7-40c6-a7d2-9f1fb5c71877,0,0.0440276657872077,0
834d341c-a9dc-44f6-ae1c-af934e938e3c,1,0.6733727050618974,1
8353540d-3f04-4516-b5bb-28cb1aff00f9,0,0.04542351606488146,0
835a18b5-214f-40a1-a69c-12d77fd880f0,0,0.04661247987972085,0
835a9fd4-23eb-482a-9ff4-6fe01e9d5f89,0,0.06818880175557901,0
835ada14-81e4-43f3-adaf-fe37fa9c1074,1,0.10275092411086469,1
835d5317-af48-4ba8-93c7-d3f457811f9f,0,0.05164094943643152,0
835de77c-dae6-4370-8e08-dbb4263c0a74,0,0.05532766649060852,0
835eaa7b-56e6-468f-ac1b-c705b1c30363,1,0.09632040330348637,0
836f7949-f6cc-4772-9de8-d0ec218c592d,1,0.11256947003353829,1
837209ff-2aec-4c05-8c96-fb1ac2ff019a,0,0.04556753998910713,0
837e4702-a138-4e3c-b96d-5adfb7a4d976,0,0.047004436828829044,0
837ef11b-4f12-4390-b382-afd8fcebbe73,0,0.05108099095553656,0
83802989-8f3d-4b8d-9c3f-f073182ca313,0,0.09001326774507075,0
838b30a3-e6a2-44f2-b176-fab0c0a89e76,0,0.04287665370635552,0
838c6da3-be99-4789-abbb-cf4bec860b4c,0,0.04224886370434453,0
838caf80-5fe0-4bf5-a268-86a9a727125a,0,0.05172861655996894,0
838f6be0-cb8f-4e3d-93bd-d341eee3e16f,1,0.4676121343088774,1
83903f97-8e02-4878-a48a-b63a1e641d54,0,0.044281735025583115,0
8390c2d7-91ac-4914-bb62-ce65fb305e1e,0,0.04544379016611563,0
839c44b1-795b-4d1b-81a7-678c70869e2e,0,0.05033841962169825,0
839da513-b0bb-40f5-9774-18da7801f4d8,0,0.05199822792879582,0
839e2764-11b1-4f81-af39-3970a03ef870,1,0.1378976877253854,1
83a0ef37-1c26-4565-96a3-42947aaddbd2,0,0.045271880975571645,0
83a2845a-ea39-4d67-b73f-5c2b907d6f21,0,0.04760472024323072,0
83afd196-fd8f-4211-ba05-513b086180a8,0,0.04740233186931106,0
83b5643c-3dfe-4750-835b-e21890223334,0,0.07534472393002689,0
83b905e5-5679-45ed-872e-42b6a073e2ff,0,0.04405125040973306,0
83b92e10-d330-4f7f-a879-3ec334117d5c,0,0.043869430374458486,0
83b9db6f-15d4-4213-9011-f9a3ce6106ec,0,0.049625235117297724,0
83bfaf94-926a-41da-87b8-2ffe53417229,1,0.13565690856740276,1
83c83290-b6e8-4c2a-aabc-ec65b50e8992,0,0.04749723494835947,0
83e33da7-a3e7-45e5-b3db-8bff593c3ef3,0,0.04725397358656024,0
83e4508f-67f4-4d97-ac2d-9c1a17ee0ad3,0,0.057867385718533705,0
83e58e75-8391-48dd-8618-9f561747c664,0,0.05762073998103697,0
83e825a1-c16a-44c4-99f3-05309f6c2c30,0,0.04871540553270608,0
83f4a9c5-a5cc-4d4f-bd4a-44c04b22abe0,0,0.04399484768104894,0
83f584ed-c7f7-442e-8ae9-713cb27fdece,0,0.06449822993628493,0
83f5f8fe-f1f7-468f-9d54-59786ad0a0d2,0,0.0418277808770135,0
83f8e578-e267-446e-8690-fd9cd420f7f4,0,0.05023504313795061,0
83fd87c2-fa9d-4f15-aef1-0f8b24a386b1,0,0.04250758318017342,0
840dea55-a9a9-45ae-9c52-34569a56ae51,0,0.04861461293314828,0
841ac136-7f04-4f6e-88fe-44148d8cee8f,0,0.0500518426965704,0
84236c77-6ef9-4964-8f4c-16d7adc9b8ca,0,0.04353606458174219,0
842ac4cd-bfb2-4860-9957-b46cde3a3ab1,0,0.04908171145688992,0
842f3fb6-a12e-4de9-b98b-c4e2513ebc45,0,0.05339817623652181,0
84310fd3-f626-4130-9bcc-96cb24320d1b,0,0.045208448109607356,0
84436565-3193-4d7f-80e8-e74e8addfd2f,0,0.05667721092538726,0
84562c4d-b63e-4b18-beac-484046a69e68,1,0.1495108912343525,1
8469845f-6ad6-45d0-9ab2-33aa0de1a733,0,0.05362477807176639,0
846fdf99-4ce0-433e-8db5-041aa5ffbf65,0,0.04319761536151531,0
8493f065-f021-45a8-9254-37b67de89788,1,0.712676930329966,1
8496c2b5-7a53-4fe8-935a-0da07066223c,0,0.07865707419848815,0
849b3216-6e58-40e8-8f2f-a9df89af392f,0,0.05220610691974141,0
849bd257-8e77-4ab6-9069-b2aaeabc8f25,0,0.043489443448879034,0
84a9bb9c-89f6-420b-8517-f75a4f12427f,0,0.05091675862239411,0
84af6c22-3f3d-40f5-a43c-84c9499e2740,0,0.052467378972464944,0
84b829fe-99cb-4540-9792-d8b343324139,0,0.055353211279425024,0
84c2a035-cc1b-44b7-b9b5-1c6e171c1add,0,0.05280777125756366,0
84d55bc4-7a85-47b6-ba0b-08d6412aeedc,0,0.04777152780865212,0
84f21dc3-df18-4cf3-accd-bcd9655891ca,1,0.06563072477399136,0
8502aad2-fca5-4035-aeb7-58398aa581b0,0,0.05928452433383323,0
85073c28-bb15-40d8-b2b2-bb6f742e23d7,0,0.04590663087892259,0
850fa2a9-d42c-4c34-86fe-b38360c90969,0,0.0468811849318045,0
85113dbd-45eb-4145-88b5-a3ac8ba1fb8f,0,0.1370283928903067,1
851385dc-ae0d-4273-8d81-caf9b355200c,0,0.04809854647384261,0
85185bfa-4892-45d0-97b3-aaf691acf35a,0,0.05673970278802348,0
8520005d-a8a2-4539-9f58-b540ad51f567,0,0.043422719069181874,0
85216168-a50f-48a4-a127-4ee9cc9421e4,0,0.04531600222249534,0
852867ac-a3c5-4d0d-994d-b1b2da4adc69,0,0.06122233195286105,0
852b75d9-3c3d-4eb6-844e-70c3a5c24d93,0,0.05666867512828639,0
8532eb67-45a1-4ed1-a412-597116d7bf8c,0,0.059457706114465554,0
85378412-86fc-4be2-9b43-178db4d1c315,0,0.05170964445760905,0
8542aa5b-90b0-4929-8b46-222448b45616,0,0.046233621525568334,0
854a4ea8-70e5-4140-bfc3-cb7171ba01a3,0,0.0535570461680232,0
854d2a9a-9632-4ac1-bea7-42999ed43a92,0,0.042552605041962115,0
855a0e15-0d5e-46cf-8f5d-fdcc04dc767e,0,0.0493947432814562,0
8564f8f8-e9ba-4537-8b49-8c6da002a2dc,0,0.04914770517703775,0
8577bad9-9a0b-4554-bb1e-758ad9100113,0,0.05055872048465889,0
858732dc-cb90-4ece-9a4b-77cc0bdd71eb,0,0.059698124429892446,0
85881243-7b33-4098-8418-a2fc9a3c2e05,0,0.050718339659313535,0
8597260e-c3c2-47be-ae6a-6a096f69cdf4,0,0.041032478990554885,0
85992959-de13-4400-95b7-5b955dda6220,0,0.5816961854702013,1
859f2d41-9a46-4a11-93bf-0d0aad4074dd,0,0.09891127393113713,0
85a38085-5e07-459b-9db8-e7bc63e23bac,0,0.049390074936599464,0
85a7a7e5-1073-42cb-abf8-2bc8b85c1236,0,0.33708472394373196,1
85ab8ebd-1b9e-492b-86fb-be8f3872a2a3,1,0.07268608546946452,0
85af1146-d9dc-4223-8ebd-02d1e412883b,0,0.051858012952697076,0
85af7bc2-427f-6748-f7c8-210b0b791f05,0,0.04236371627740768,0
85b01a68-3442-498a-8db7-1ad53bc0ad34,1,0.33801251621226325,1
85b43c75-83bb-4563-a4a2-d55499f3acbe,0,0.04445623628968976,0
85baa1fc-3372-4293-9090-3e328b77fbab,1,0.22801429727910957,1
85bb9017-6fea-4a51-a2e0-2245f658d5b9,0,0.04513592967451054,0
85c27512-0969-43de-bd6f-d8d156496522,0,0.049845459043122715,0
85cd57ff-751b-4079-8680-97babda35367,0,0.05048594558738559,0
85d8ff2c-21a0-41f7-9937-b27875510c90,0,0.04819921504982072,0
85deca7c-e66c-4fa2-8fa0-7ff7749bfcb2,0,0.05475722964234944,0
85ea0cf7-1e9a-4875-981e-5a8fec52b156,0,0.059967187524129086,0
85eb3f53-39e9-46e2-9f3a-96b204db9369,0,0.054872859093977204,0
85eb9f41-fc42-44d5-ace9-f693c7a917bd,0,0.04590506985828729,0
85ee194d-dd32-40cb-adf7-7e99c00cb378,0,0.0443431965085957,0
85f4c0f9-b071-4886-bd49-bb9741816958,0,0.04848572340357619,0
85fe075c-d255-458b-ab7a-d7985f303877,0,0.058359753947595405,0
85ffe367-9762-413d-8478-02503d6cd529,0,0.05277620972858495,0
8602dcf1-f7a7-4d86-bd1c-a27ece2466ef,0,0.04355576844948824,0
86034a48-f4b8-412b-8b0b-9564e958465c,0,0.058938149100708784,0
860d5a38-4047-4abd-9179-93ff91d4aae7,0,0.04687280102697402,0
86101e1c-97b6-45c5-977f-63bfcb6e5461,0,0.04491241333092375,0
8617f297-fefc-40f7-81cf-6b1380ffee59,0,0.04438296951339725,0
8619cab1-e7f2-4766-8705-932c448dae6e,1,0.09617446778874662,0
861d80e2-bdf4-453d-8b37-e56b68da8ef0,0,0.07339051583948177,0
862d6815-ceac-4b6c-9baa-e99dfff0f40c,0,0.06479204029982562,0
8631a7ba-f69c-4fba-923b-7751684a5076,0,0.04680085046564673,0
86449514-3ecd-4737-a56c-97a71d6c67c1,0,0.045202745213566736,0
8644a943-e14d-4188-b631-fe766440e39d,0,0.050323640657643665,0
86571a79-f215-49a3-aa83-b33fda15aa92,0,0.07097264876766637,0
8665f764-a749-45db-819f-01227f03a13d,0,0.05082291694901283,0
8667086e-21b1-4f8f-b902-4fa5fb6ba97b,0,0.05182378409413101,0
866d6f6e-16fe-4daa-ad51-a364a6197738,0,0.05250152759900285,0
8677c228-eb12-4bcc-8c64-1f7be75de1d0,0,0.053501409290673395,0
86789797-ad75-4ea5-9370-a9743e67b2c0,0,0.0459273985079547,0
8686224e-5715-4aea-a4f4-d5ce6014307e,0,0.07363855943971084,0
868adf09-aa0c-49fe-b254-0b5df8be5882,0,0.04491434687138961,0
868af8e2-5cfe-4bb7-993c-aba85843004d,1,0.6249625988600072,1
868ee289-ab3a-4847-8c89-17e53c71e386,0,0.047568711677828154,0
86916d0f-ed46-4e0f-a005-c9b32b2db48c,1,0.3856708658129652,1
869889b7-3d44-48a8-b07a-9262b588cfa3,0,0.06492998338323998,0
8699b45a-ec83-4855-a6f7-c3d955dc1448,0,0.528054043591181,1
869ec50f-d11f-4b4b-b9ad-f4f08f3d0d04,0,0.055228825118902036,0
86abc01c-cd3a-412a-986a-7e757dcd8238,0,0.04530033338069447,0
86b32479-c6cf-44c7-bc88-43e751368515,0,0.045415486086503094,0
86ba4959-49d1-42ac-beff-e613b2ce594f,0,0.04970347564742864,0
86bb8708-e2be-4e68-a53b-8c8c4fd6a4fd,0,0.04283732723197476,0
86cb479e-1471-4b52-9fef-80f5012d8375,0,0.043081275890742406,0
86ccc3ba-cdff-4556-a1ca-ef3a3cf03635,0,0.07081571896934476,0
86d54015-0717-4c13-874c-757d0b4a8869,0,0.10780851229396618,1
86dcab09-038f-4fd8-8d18-44112ddc8a79,0,0.050716329681195174,0
86dd68e4-d443-4d5d-8ce1-beac98cbab5e,0,0.05061651729635431,0
86ded63c-b6a5-4087-9cfb-254ee090e3bb,0,0.04491445421981339,0
86edabd4-df8e-48d7-b5a7-402f89e9e996,0,0.04729798381652007,0
86f30c1b-7a51-42d7-a523-5122c1f37da4,0,0.055509942754076995,0
86fb27a2-269d-44e5-8489-fb7d9eea0f12,0,0.10415718731072597,1
8713737f-e12b-4448-8727-dde13eb98649,0,0.043272248188893976,0
87169cfd-6596-4f3d-ad9e-a492bda4e24e,0,0.05168448276512868,0
87177789-b4d2-4de8-af43-8c772bea4373,0,0.07967904872884847,0
87192058-9e62-4890-bdc2-54bf7150ce79,0,0.45846407193776634,1
8722410e-7506-46ae-8b2c-a9cdbb7bbe38,0,0.049159346175907705,0
87290c77-9714-4ccd-9dbc-482ea5928cda,0,0.06362279195442172,0
873d07bf-9a9d-4f1e-bd6f-e7f307899361,0,0.04076352729039384,0
87454d77-1588-42db-9f2c-021bda422404,0,0.05120224230523833,0
87463f80-877b-4eca-8c14-0c82fc3581b7,0,0.0449036387779507,0
874c067e-e07b-4248-bf4f-2447e158df31,0,0.04535840585121111,0
875abbce-f4d5-429b-88bd-b34b04576d24,0,0.04746109248997531,0
8763b1d4-7bb9-428c-9eaa-9dd8703dc327,0,0.13967855690892825,1
8765976a-8572-47be-93b0-cc52188fefb2,0,0.047755552446828296,0
877120d5-7dfc-494e-ab32-3f78c0ee1cfe,0,0.06262753774566611,0
8774a876-665c-43b0-a01b-8e080dd63390,0,0.050485532332993556,0
87769da5-bbeb-4026-8d3b-ac73a1c125b0,0,0.08047377690702445,0
877c10d2-5f0a-496d-8734-1537b128cef6,0,0.04881436410916606,0
87813af3-38b2-4e02-9700-8049f6f47dc1,0,0.04238583405459193,0
878a58c9-e9ec-4553-a994-6f9817e3cebe,0,0.04587178419017419,0
878e957c-93c9-42d4-8ab2-7a8f83da4559,0,0.04560667157491112,0
87968f6e-8522-4434-bc89-f5ef646e61c9,0,0.044578249470697016,0
87975d10-e7ff-472b-8f31-aada794f1f4c,0,0.04201464549295004,0
879d1508-6977-4804-96cc-a91cd2cd8979,0,0.1198234880382792,1
879d3083-50f3-4c1e-818b-e645e7d68ff2,0,0.0501373453481902,0
879e8ff2-2eaa-499a-a466-544f026daa90,0,0.06131845935429982,0
87a7aa7a-0b59-46d2-be1f-911e0518fea8,0,0.04685412677566284,0
87aef386-22a9-49d0-96a0-77035bc40424,0,0.3107338271177394,1
87b2ee7e-96f4-456e-a659-b15df6533eae,0,0.04174384452433447,0
87bda74c-d438-498a-8b57-972717bbbdb8,0,0.042988667842803675,0
87be42b6-93d4-4e27-8b8c-9db07fc4998f,0,0.07740080344120899,0
87c172ae-538b-4e61-a0e8-8a5dc27c1626,0,0.04399109042733238,0
87c232c3-3bef-4b4c-8130-4c10e6ac9790,1,0.05691889180946582,0
87c955da-4096-4e48-b17b-a96fc393d4a1,0,0.31591036956802543,1
87e6c837-3a90-43e6-98e1-c219a09b07e1,0,0.044250849097929215,0
87f18b9b-9f07-4d38-a01d-aef40db5c1c9,0,0.04371835462387348,0
87f507c9-8679-4b25-87f0-dc90e36b7b6d,1,0.08091293225015074,0
87fa0d49-2f9f-4e31-a2d2-9dad9c8f8b87,0,0.11689736156568635,1
8805dfee-3830-41f0-9b08-5b3b1b43e389,0,0.07753923467603435,0
88080e67-c3d0-4b67-8f8e-8be9ddb6c985,0,0.04332208604312137,0
880820e4-8645-4ed2-ab13-7252e77446b4,0,0.04904069072818232,0
880977f9-c1bf-461a-b310-8ae020567203,1,0.09345771348271527,0
880e2613-72fa-4d54-af99-9c5555790547,0,0.0627022971509284,0
881271e6-1b5f-4f1c-bf15-38e1e772dbd3,1,0.8027798515668205,1
88160a20-2268-4c9d-aefe-9bcd37a70c45,0,0.052262020427986826,0
88165043-b70f-49d1-a41b-81dbcc5b27ff,0,0.04511362796297954,0
881c78a9-5d9b-46a2-831d-4a1925cdab08,0,0.06086298916373418,0
8821a24d-272a-4021-94a6-7b344540791c,0,0.05151633058271797,0
8828d870-2fc8-4a92-8c81-421ae75182e0,0,0.17065618397184856,1
882aa25c-f199-4175-9811-daf993fe34d7,0,0.056972467632520285,0
88359b9f-ad6f-4f02-8800-03c665f0018c,0,0.049983888178570336,0
883ca20d-8e37-41a4-997b-38e66691f2aa,1,0.10273770964286286,1
883ec53a-b977-4f94-a950-b9393da312c0,0,0.04118901101235854,0
88475687-68c4-4dc2-a759-a2f05bff9175,0,0.0429633167022687,0
88478315-50c2-452b-a89a-9a2a6ecb92a4,0,0.04286014232975462,0
884a7749-0e99-436c-9a11-0315e00f9b9f,0,0.05001977887950852,0
88544faf-45fa-402c-ae06-579d7eb480bf,0,0.05715393448698059,0
88631a9a-b7e4-49e3-bcdb-af2118295b72,0,0.04695282552352614,0
886528e9-01f0-477a-bfb7-7408f79708d0,0,0.09597787700218331,0
8870292b-59cc-49a8-8db9-f02a1e1587d1,0,0.0717690184507452,0
8870a8fe-48ac-4b37-b56b-d9d9cd1726c7,0,0.1557694186031519,1
88734af3-57e4-4c67-8288-331e1e7e46d0,0,0.04773650730836928,0
88759161-843b-4ae5-a8f4-3d93b2f9e6e5,0,0.04475020562056804,0
88772e94-925d-4686-b39a-ac479ea6ee87,0,0.04226374747163706,0
887a128c-c2ae-41a8-a2a5-b48407fdb7f3,0,0.04641145752097423,0
887ce2d3-3d20-4066-99ba-8918881e8ba4,0,0.043639474494186176,0
888b712c-0043-40c5-baa5-a1343f9c7274,0,0.045212624870157515,0
8891505e-9622-4e75-9419-dca62b1b22a7,1,0.08375399558434793,0
8898c507-afb8-49c0-af6d-cc737f8d1cb9,0,0.04281250478144038,0
889ee74d-9ce5-4242-b639-132b0dc3b94f,0,0.047768428959163355,0
88a54bd8-9e14-4054-afed-7cbdfe37f27c,0,0.0435386605388669,0
88a741b0-d5bb-4c7b-b66f-c54bc7b7fbc2,0,0.04595246648990215,0
88aa7773-7ebf-49f7-8c95-5d6ac8319435,0,0.04334952685978031,0
88b56fb6-c7a1-4465-86d3-7f1fbbe44397,0,0.04441225776187444,0
88b730d7-cfba-48cc-84d2-2e39845e0878,0,0.045276576383910076,0
88ca9c89-71bb-4296-9322-b1eec164066a,1,0.051591755250014,0
88d56995-67b2-4b1f-b376-3722dc682d1e,0,0.04264672215566069,0
88dc3a92-292a-4669-8c5e-2c4c7beb58e3,0,0.043938762805515404,0
88dc9d23-209f-4b8f-947f-8da8587945b3,0,0.04519137764621427,0
88e09378-ccf7-4c83-b719-065b42a71d2f,0,0.04881019464059178,0
88e54d55-8e56-43ba-898f-3a59cd476afe,0,0.04592571778611534,0
88e5df7d-cf8e-4d1d-9c30-3d266abac7b0,0,0.053931685538524024,0
88ecb1b7-e9f9-4313-a0f3-6c5e83a7bd17,0,0.040646494783185445,0
88ede59b-8c8d-4546-b72b-bb71c00e8512,0,0.14659941946353497,1
88f18923-7a57-4d07-942c-ed85f54908dd,0,0.04249350146350974,0
88f3ab4a-e71b-46b3-8d20-b72bc421dbb0,0,0.0730845881490478,0
8900a49c-d3bf-460f-91fd-5f2699f89e77,0,0.05721358383489663,0
89049f6a-9b54-447f-bc2f-01eb6f412dbe,0,0.04296410751986235,0
8904d64e-3bf8-4798-843e-a704747be894,0,0.043291629478022085,0
890660f4-4192-43fd-a108-22692b033022,0,0.05151307462715835,0
890727eb-9bc7-4d06-9c75-dcac2e1c8a08,0,0.04965660193818887,0
89134d31-4540-471e-b967-192ddbb0ee4c,0,0.05618102452283044,0
8915a519-af27-4ce3-9183-0cd119e4690f,0,0.04572040439098297,0
891d7f9d-4360-45bb-86ae-3190e63bbc5d,1,0.5863043430759064,1
8922fc3f-db1a-47bc-b179-ba52a9686e1d,0,0.04506960668373518,0
8923d2b2-4d04-4baf-8402-0fc40b24403b,0,0.06202492705255873,0
8927844d-11bf-4cb0-bb1a-ab133c4c1487,0,0.2789309360766478,1
892bee83-1d1d-4f8e-a174-21f4746b33e8,0,0.04285020925407443,0
892d2577-2620-47cb-9472-5a3236f48a8f,0,0.05265523813249327,0
89384611-13b7-4bba-95ae-a7b541f49b47,0,0.04812579038353276,0
8938e47b-9a2c-4752-9b5e-58b3600187cf,0,0.21729611746277464,1
8943a14b-19cd-47de-be2b-4ac97989dd8f,0,0.060574958907587274,0
894f228c-1586-498a-a161-c250f7b86274,0,0.41712425833576244,1
895630bd-a9a6-40ff-89ce-5a6e69230658,0,0.05706198505949494,0
895aed80-ccdc-4861-a23a-5514333db7fe,1,0.7347533084724958,1
895fb69a-c473-4f21-bc10-f4d6353d2ca9,1,0.05808658942287157,0
8961eec3-9943-4408-94d0-56f1bdce67c4,0,0.04741495796479023,0
89646991-533e-4bf6-aa55-8c92e5ae2624,0,0.058437640332586485,0
897b170a-40f8-4468-be50-589134ed2184,0,0.045127771051620046,0
897c39d8-c1da-4900-8def-91b8d92bf493,0,0.04187942102729624,0
8981b581-e960-4f63-51f7-afa9c5e499b8,0,0.04545187359632261,0
8986d115-de69-4d25-9065-80c38bfa699f,0,0.04670768344227132,0
898be401-d5fc-4372-b451-ea9d4bacb211,0,0.04760403770037165,0
898ff23f-fc70-4239-879d-4ef9226cd6db,0,0.045278939143075264,0
89926d13-f182-41a5-9803-e4e5415a748f,1,0.8618445068973678,1
89a438df-d496-49d7-a11b-0359d9c49001,0,0.04913527673371666,0
89a5daf1-fce8-43e7-98b2-733e7d902ca0,0,0.39247496423082945,1
89acbbb2-83d5-4dc3-9c63-e346b61544e9,0,0.04419954604266172,0
89b0cd40-d643-425e-865a-f042be081be0,0,0.0440556402025421,0
89b82284-d7ca-4188-8054-f69bc80a6cfd,0,0.061422325871355266,0
89be1316-17ac-4939-9077-af3e4e21e53a,1,0.8571652496426889,1
89c1b7a6-2df4-4fea-aa33-91da38b8bba0,0,0.047536446386350885,0
89c4b584-5f36-496d-a282-7d1fffd77953,0,0.10005875208804804,1
89c562f7-a1a3-4fc3-9c4b-0548ccc9a5a8,0,0.043616960522048775,0
89cb81c4-a0b0-4697-8472-ac4065591c13,0,0.059858427819507384,0
89d17d87-ba7c-4fbe-a0f7-669d3684c550,0,0.04554209364859658,0
89d7d1d5-78b0-47aa-8634-c41e2bc9c3f4,1,0.7967261035514364,1
89da3bc6-8aff-42aa-a4b0-d0da340df97e,0,0.0828254599355559,0
89ddde24-3fb0-4b7d-a77c-a92a5a44f652,0,0.31818509639171616,1
89e274f8-2519-45f2-9c0a-4f7bf8aa5a45,0,0.04362216750845837,0
89edd826-1d82-44e3-9ff6-4488bf372147,0,0.05014279212115187,0
89f48298-f0c0-457a-957c-18f7aa58051b,0,0.2047666322178196,1
89fb7bf7-993e-4ae0-b2b9-58a6370a765d,0,0.11763188406401626,1
8a0385a9-68a1-4ec3-a73f-69deb2225b19,0,0.04841088551934786,0
8a056aff-e053-468e-9a7a-44a1c8742e04,0,0.05202396954903342,0
8a0a4e46-6713-449b-882c-9b78364a29f0,0,0.04962257435283803,0
8a110dc2-08af-4633-8daa-35fd31399886,1,0.8135552496126194,1
8a23287a-5b5a-4a96-a5c5-785ad7d636dd,0,0.06347130000719797,0
8a2365c7-c721-4cbb-a7f0-c03c9ff0c7ee,0,0.0902649632993693,0
8a243f0b-8060-480e-b6f8-495cd96d88f2,0,0.04318939142732031,0
8a27cb02-7834-4238-b18c-d7188452b190,0,0.057870828167323814,0
8a291f59-452b-4001-ab44-9d39df2e65ec,0,0.06356644031975361,0
8a32299e-cf76-4808-a6fd-fa57302d2fed,0,0.04372648255267389,0
8a426bf9-3cef-4b27-8848-36a04e9dbf5c,0,0.05351659218317743,0
8a42c7e1-2e88-4079-bf46-78357341d743,0,0.0597527314926138,0
8a46f530-a22f-4153-96f2-8dd07edda540,0,0.044655966362719804,0
8a493265-5d29-4b2f-963b-0edf81eb6a1b,0,0.06819256434760847,0
8a4a0950-97d4-4741-84a8-51f897277e43,0,0.05098271966550588,0
8a4c70b5-7fae-4f57-9461-16e019681a1f,0,0.0528306046485683,0
8a555405-5ff5-0c57-fb46-8f06c6c6659d,0,0.04915719085177205,0
8a5fe308-dc62-438a-9139-c7340c8b7997,0,0.044048973138707634,0
8a6ae8c3-b954-48bd-b9b6-4bb2b87a3494,0,0.09001934717763298,0
8a74fbd2-1621-4662-b908-4938a365355b,1,0.15818822608575261,1
8a75b371-8274-4694-9f95-ecdafc0f1182,0,0.049763015906257764,0
8a829a7a-3f30-6cc2-75e5-d8f0dfac53c8,0,0.04686605379649835,0
8a873ef8-ddc7-4511-9780-340f3833e260,0,0.04670265519706868,0
8aa52e06-2fbd-4856-a67c-f232f99da2f9,0,0.04593408062151577,0
8ab0f368-72a3-48d7-be34-64a15fa04e30,0,0.055701557369301304,0
8ab4c2f5-9a2d-4fc0-85fe-6e9d689bc74d,0,0.0857192802481154,0
8aba91bf-10be-498b-9fa2-f3e6086d2f8a,0,0.05526997921093606,0
8abaea5a-5738-48cd-b723-532459da2dc8,0,0.04296563128650921,0
8abf2ba3-a3dd-405c-925e-082c268a4bc6,1,0.8481709132305704,1
8ac3926d-db74-4e10-9215-7a72055c7806,0,0.04516969902131439,0
8acaa1b2-0d50-4f3f-a601-2749c3af9102,0,0.056133576186877324,0
8acdba5b-649b-4c6e-9e11-9c7e59ab4e94,0,0.05893502406273625,0
8ad04608-a76c-4a96-9ac6-f4b35d6482e3,0,0.06954953290257086,0
8ade578c-09e5-4a4e-a63e-2d5b0967f05f,0,0.0891818888727868,0
8ae3ed67-79e4-41ea-a4fc-43c275c8b69d,0,0.0865033308705652,0
8ae8601d-e273-4bcc-92be-ec8cd5b667ee,0,0.04900826129328912,0
8ae8fa40-3cba-4a25-ab3c-aa05b8014c8d,0,0.04333904792220344,0
8ae92564-65be-4edd-86dd-17efe33c73a3,0,0.04591159977281345,0
8ae9c8bc-e02f-4c55-b205-96ba8ff93cac,0,0.049946491806808754,0
8ae9dbe0-d6da-4700-8a3a-d4aea145f2ce,0,0.044134178971641895,0
8aea37e3-c0e8-42a5-bebc-f2f8e42f531a,0,0.048632042180664824,0
8af91088-8751-4a63-ae77-c946c97a054f,0,0.048502457599097756,0
8afe4a4a-bdff-4b6c-907d-73aec1f0cb7c,0,0.0754412848512306,0
8b037b71-65ed-4dcf-a187-080142603c49,1,0.8366488227234052,1
8b07374e-1cce-432a-90e7-a10b4c9134d1,0,0.09011833205715918,0
8b13cff3-157a-4ffb-ac62-5b384c014869,0,0.044360143513176374,0
8b192abe-ef33-4633-b6e8-9cbf89378819,0,0.04174692332501166,0
8b1b2b6a-d3f8-440e-a26c-8c9c5e5b0309,0,0.06544402846912355,0
8b224f02-f124-4063-bd62-fd6e18e8b3c6,0,0.05130816427047091,0
8b59e92d-0d61-47d8-97f0-5102f2efdc71,0,0.05308370566831691,0
8b5bc929-d272-4a08-9351-efc54409d466,0,0.046515914829326495,0
8b6814cb-7c0e-4cc9-8224-3a75672affff,1,0.641900693781839,1
8b6a51b7-654e-41d6-becb-4aa7a5b7b272,0,0.049708126605532706,0
8b6ed7cd-2859-4335-b9aa-06e6c8e67adc,0,0.04166090892172816,0
8b7b4848-d031-47b0-94d0-10f0b732bbf8,1,0.43491658273015493,1
8b7fd16c-f073-8d7c-52e2-7e446cdf1b64,0,0.046566717823586026,0
8b833c49-241a-4314-b67e-0a8091694a14,0,0.047306030854696486,0
8b835b93-7865-4888-a494-de3a1415f7c6,0,0.05414446253107704,0
8b8701e6-5bbe-498b-883c-c71911ca5f13,0,0.045341842964176274,0
8b87da44-13af-42cc-b1d0-4332c9d7652e,0,0.10671507448689406,1
8b8dfb1c-2a95-4ae2-afb3-a1d00da48cb8,0,0.04485507451717837,0
8b91c2eb-3351-4d1f-8bfa-af76518be4fa,0,0.04449033918554713,0
8b91ecc6-c7f1-4345-ab30-2b2c258860fc,0,0.05486922802622543,0
8ba0e701-c83a-42d5-82d9-b850faa5a166,0,0.04807481428427978,0
8bab9c75-a76d-41ed-9a66-0a6e08cf1a8f,0,0.047635262906818826,0
8bac709a-251d-4278-bf2d-1fffc296142b,0,0.04317425513828992,0
8bae4668-4925-4473-9c1c-dd2b1561838f,0,0.05212454073005346,0
8baf1609-c655-42e5-b8ac-8ab3a5e1f48c,0,0.04213688212890567,0
8bb3442d-3bae-4c76-88a4-af9a1dadaada,0,0.06453192375196766,0
8bb3b5ee-031c-4a28-a829-90dc47d6f0ba,0,0.042695420370042425,0
8bb7306a-4277-4165-9cda-b0f6f617eec2,0,0.04618721097350157,0
8bc10e07-611e-448d-973f-6628cbfb9ff5,0,0.06157336678717936,0
8bc61da0-8f55-4c12-90ea-d30e54a8b912,0,0.047498851194176316,0
8bc6bab3-8649-4353-ac75-61b5292feaac,0,0.0528710408341508,0
8bc8114b-a181-4c18-98bd-51e124be8acc,0,0.06462003021077037,0
8bca8300-39fb-42f1-a4f9-4961dcc1d19f,1,0.049105453993578276,0
8bd302c0-d980-4578-979e-49907a0e1f7e,0,0.04870660533929974,0
8be4d81d-42e6-41c6-902e-acb5cb12cfb1,0,0.0514864768743696,0
8be4f4f3-ca49-4160-af60-5f1fa354b267,0,0.04480768180953539,0
8be64a80-1073-44f5-8d19-ed68d0a9e15b,0,0.04805962389013919,0
8bed8150-1e13-4891-8dcb-cdab4788a4c1,0,0.10711500987224679,1
8bfa7761-8896-48fc-9ba8-3e8ae758c18e,0,0.08842091508822854,0
8c014793-d0d2-4021-9f72-701101fbe8ed,0,0.04319345381913954,0
8c066314-7a4c-4226-b394-3ee7f3275afd,1,0.1259738952409934,1
8c262ca6-f515-4c56-a06b-26464f2ad655,0,0.046720497317649906,0
8c2d9681-5f81-4bd4-8072-06afa952b91e,0,0.04241892274470337,0
8c2df19d-7f60-4e8d-b63d-fa3a47198faa,0,0.04413068791526775,0
8c2f1b16-7239-431f-a658-da1a4e0eb93c,1,0.8550789745720438,1
8c369596-52df-4341-b061-c3242d202db6,0,0.046976083880072905,0
8c3a15fc-427b-4280-852a-bcb062716e50,0,0.043934597411581816,0
8c3c30b1-7aa9-4369-ad3e-d00de8905ff0,0,0.057777494065874124,0
8c450556-a044-48a8-904a-b7a95056ba0b,0,0.06307961253043194,0
8c4d1683-f242-4eb8-b9da-7243d8fdb692,0,0.04701521977114325,0
8c523672-f633-4e8d-9a4d-16a2d04dfcb4,1,0.1476147619674741,1
8c5de9a7-b4b1-4039-86b8-fb8408471c59,0,0.059216924675074493,0
8c5f4442-cfa8-46fa-adde-90d25dca2df3,0,0.06413429793123893,0
8c6173f5-d6b6-42c9-99bd-1ae94a6498fc,0,0.08180623198372848,0
8c6e0d9b-3f40-423c-b365-1145b1fdbafe,0,0.04529315470489419,0
8c6f3f3e-16c6-4426-9487-3c6d4d630ce2,0,0.04261978318164586,0
8c74fffc-a86b-45cd-8714-e17e0c932a26,0,0.0482129208763421,0
8c7890b4-9481-448c-85b7-eabe5527aef8,0,0.053708254872901394,0
8c7a01c6-73d6-441c-b924-b9358c11faad,0,0.0452896033040779,0
8c7da403-0b76-45e1-827a-ae1234a0508c,0,0.046046247346304296,0
8c8e2bcf-8403-41f2-8eb7-5b768026c4df,0,0.04347542640747235,0
8c9015ae-c001-4d38-834a-bfaa2191ff59,0,0.12532912822713665,1
8ca8ea72-5593-4986-a213-fc3a48f1df43,0,0.04273236452556884,0
8ca9859a-2e0e-45a3-bc06-955a1f351d76,0,0.04946375595854931,0
8caafe7b-c7bf-45dd-ba01-961a33c4744b,0,0.05170585705239145,0
8cab0607-61c5-4a98-a3d3-bb047fcc23e8,0,0.04125978685711565,0
8cabebff-6a0a-44b9-847e-acfbafc76925,0,0.05280896046086706,0
8cacfbaa-1c11-4ead-b4c7-5e650f28b6d3,0,0.04129204208092427,0
8cb01e85-d215-44e9-92f6-750bb3dbbe9e,0,0.047113124827484164,0
8cb45afb-1a4a-475e-a34d-378c1b48d478,0,0.04743788324861254,0
8cbf3585-de9e-40cb-9cad-3c624889cc75,0,0.052444583290491564,0
8cc6dbf6-bb3b-492f-ab55-7cee95d105c0,0,0.04324011675358287,0
8cc89deb-b5b5-43a9-b098-a5bdb7a737a1,1,0.24148444032680372,1
8cceb1be-1b8e-4a74-804c-99fb2be8c5f3,0,0.050685807587847506,0
8cd896f4-54ba-4536-92f7-d840f52ba5d2,0,0.045535004167893134,0
8cd9ec23-8914-4002-9b94-a37f9b9a1d3d,0,0.0519264190234246,0
8cdae2b3-db9b-46b8-9b45-4cb45f4d22cd,0,0.042935536006678,0
8cdf65cf-1da5-4b7a-a4a4-ae50d26f6a7a,0,0.11198495832453796,1
8ce0f27b-e39a-42fa-8d9f-93df4cf9e454,0,0.42716678669220454,1
8ced579a-f717-49a0-b330-696719e35da9,0,0.04575530611199591,0
8cedd3d2-f018-41e5-a35b-3686c7c639c3,0,0.04376780000708407,0
8cf8170c-ce30-4dbf-88fc-6c95cd10f353,0,0.04804224760209662,0
8d101cbb-a83d-4ae6-9533-f83722e55ef5,0,0.04252148310853324,0
8d176f3e-a90e-48a1-ac13-760bc81a4583,0,0.0506732668513053,0
8d21e79c-6a21-4472-a09b-a43a41545f88,0,0.0511609157548699,0
8d2582ff-8031-4b06-819b-a653eb1cb832,1,0.07332915447017224,0
8d259abf-ad63-4019-af02-418e462580da,1,0.7242920310600418,1
8d26685b-d096-41ac-af1d-dd3e53493244,0,0.04644265742547742,0
8d3565e9-c1a9-44c8-88f8-9dbfb0ec56d1,0,0.05360963820668069,0
8d39e541-43c3-4255-b539-d3e84d164318,0,0.05040186117875139,0
8d46dcfe-7cbc-4ae6-b86a-90cf39056ab6,0,0.04533339162640871,0
8d4977d0-b48c-449e-9bd8-244db5fe52ee,0,0.05960802314457647,0
8d4d803b-bfda-47cd-80d4-e4e3680df70b,0,0.044600024385911326,0
8d6163bd-da6e-4c5a-872f-d920b8ff62ae,0,0.053488654622922294,0
8d681f97-b574-43fc-876c-fd746861fee6,0,0.042954131819014876,0
8d8694d3-271a-4d03-82ee-28d5fbcbd53c,0,0.05507824388606655,0
8d86a37f-9ef8-42be-bdf7-831a36113a15,0,0.049741955476729695,0
8d974583-e217-4983-aba9-8a3daff91ea2,0,0.05070418292127306,0
8da472ba-4013-433a-8b8c-cfd7a4575a80,0,0.04429996350295036,0
8da81153-e2e5-4b08-b693-2fd04710a33f,0,0.05425654275036428,0
8da86788-5366-4080-9430-aa711b677f79,0,0.04730234323137043,0
8da91747-5d97-4b68-bbd9-f19544dde8ed,0,0.04775988314601572,0
8da978f2-55db-4b9f-a516-2b68ba3c0efd,0,0.054855646153449476,0
8da98fd5-2e20-4b4d-bf72-ac3555c817a0,0,0.07120971072494359,0
8dab3350-00f6-4ba8-8b84-c01dd3d86a35,0,0.04552754926476729,0
8dad9a57-2b10-493c-8292-a59ed6deb8c8,0,0.07079454845255083,0
8daf466b-d061-4f18-b2ff-8107eb9b9bc1,0,0.04179452980927607,0
8db071aa-50b0-4c23-95e8-4a60470f0669,0,0.044934794767032965,0
8db38fe7-6335-49f2-aee8-e69ac60b1038,0,0.06418982132082479,0
8db62fe3-93cd-459c-947b-d67e46bd4e43,1,0.06174400832502799,0
8dbecef6-5e08-4d4b-9659-9e2270a1038e,0,0.05239410398321321,0
8dd22f99-8632-49b8-a865-6cc882a002b4,0,0.050365865521701574,0
8dd9ee89-70a5-4ed3-8616-502a50cc67cf,1,0.08870283564572418,0
8ddf796a-4fc1-4a38-818f-f268b1ae45ff,0,0.0533254391990558,0
8deee69b-b85c-4cd9-aa0d-ba1fdb926b5a,0,0.04532533204148592,0
8df98067-6934-49b0-8a0e-90e014ab41f5,0,0.05294588715238825,0
8dfdb707-8c00-4307-839d-b2002fd50a15,1,0.13680402086557467,1
8dffbf03-c3fd-4e8e-9587-d4c2c257c57b,0,0.17988300266619953,1
8e0b2a86-7d8f-4e20-bcb0-4f5b7ce37ce7,1,0.766084195991127,1
8e0cc05b-4408-4a78-99df-dbf78210c643,0,0.04572415025289851,0
8e0ed6ef-62d3-4afd-b623-012322a9bc7a,0,0.0640461961153291,0
8e115b6a-e25b-4f29-92e8-661e2b6a118f,0,0.06707968544647125,0
8e135604-fb2c-4cbe-b0cb-4c7b6e5f4393,0,0.05623745025397448,0
8e15d8ce-2847-4710-ad0a-116c268d5357,0,0.05116749177405981,0
8e18ed7b-b6b4-4d9c-89e5-1d7184864b5e,0,0.09597229854198769,0
8e1c2625-13b0-4ca4-83e0-e392b9cf0e2e,0,0.05303337706667876,0
8e1f0549-655a-4d3b-bc82-25d3e05a8e92,0,0.0473701475102221,0
8e27f475-61ce-42e9-bcf2-0ba6dfe7bc43,0,0.06725410278863636,0
8e2bfb67-09d1-4b58-a253-e43c1c703486,0,0.16285183520111252,1
8e2e251e-e246-42e4-adae-005c716afaa3,0,0.04376353345210703,0
8e34e9f1-5b99-4169-b20a-e64dc2728c2e,0,0.05786184531351104,0
8e36e2d8-6201-4963-b31e-a134b380d66b,0,0.04194314653093101,0
8e38fcf3-1ed6-4165-aa15-a58dafa8bb21,0,0.10000001338277986,1
8e4d9157-a45a-4d00-a778-dafe657532d0,0,0.05048141344887545,0
8e4e73a8-0f81-4e3e-9c17-caaf5fe3792b,0,0.04784802408317259,0
8e4f9e5e-f741-435f-aa5e-67a088dbb52e,0,0.053026285678168854,0
8e52dc3c-a156-4fd6-bbb8-8d87f04b65c1,0,0.04415714126539857,0
8e5492b7-4dc7-4362-906a-a6ef7cd66ec0,0,0.05520436506008563,0
8e566957-748f-493a-a5a2-190f2fb5dbfd,0,0.06575407008868574,0
8e5780e1-cdc8-4d51-86f7-5bc9b8aa3b40,1,0.07899157056183127,0
8e663ed3-6e90-4d6e-b76e-1e9be8c4acc4,0,0.048366018356275846,0
8e678fd2-6109-46cf-b4d3-9bd5ef1fb728,0,0.810800736013754,1
8e6ffa17-c21d-440b-9dec-086898bd7658,0,0.04866788507762389,0
8e781f5c-45ab-4e19-bb91-588c279b5414,0,0.04848789002928395,0
8e787ef8-8a80-4e88-92ea-94e47495fc6e,1,0.17744138854020391,1
8e80b1ab-bb6b-4762-8082-fb6690fb3996,0,0.10251381942470117,1
8e82e3f0-5ab2-489f-986e-2baf0f1c55b2,0,0.046040745822238625,0
8e87dcfb-5d78-4508-b197-01c1319e2a44,0,0.06731063696081795,0
8e8e11f1-8f68-405b-8cfa-ffb67fff78d2,0,0.04312742497507537,0
8e985cd0-d071-4701-a6eb-5a5213bab8cc,0,0.07983955952581256,0
8e99c323-eec7-4a06-a816-5d5e6ddb798a,0,0.04464863274814655,0
8e9bc654-efe5-4c51-94d2-dba70794ca47,1,0.6246125522365158,1
8ea1b2a4-0d2e-454d-a43a-54a515ccac81,0,0.10689880131059668,1
8ea36849-b384-43e0-bf50-a1b0ed8650a6,0,0.06475963959487402,0
8ea77095-c742-4ff7-9fbb-86c185ed3e64,0,0.06320713689742398,0
8eae0c0b-4ab7-44f8-8999-b16acdd83b0a,0,0.050637687787511466,0
8eafb598-6e53-46db-b6ce-c43a21f3de01,0,0.04108893205042305,0
8ec4ce60-01ed-4430-9129-fb31f4356070,0,0.04161604838059092,0
8ec78913-bdf6-41de-8a13-81eac47d940d,0,0.05063473872876655,0
8ecb0040-a19d-4532-a67d-c6f3be6c0b59,0,0.05060876567084757,0
8ecb2225-614a-415a-baf6-c81e2a7f2e8f,0,0.04298103554326331,0
8ecbba7c-abb2-4228-bc73-3f0acfef648b,0,0.045518483916761956,0
8ed2c8cd-8709-4e30-96dd-5aaac6c80edf,1,0.10567924236206122,1
8ed572b4-89f3-4698-a5e9-e9d88704ec81,0,0.06471591355549047,0
8edc277d-83be-4858-8b4e-1a12bbea446d,0,0.04236562915343162,0
8edc3016-ab94-4c73-8951-05f0392e3914,0,0.043723535828062904,0
8ee04c26-ec84-44f7-b96f-458cda551b66,0,0.04346135891315203,0
8ee27261-ad23-4752-b9b0-884f2bc642ca,0,0.04657947810077295,0
8ef36b07-e624-445c-ad4a-41012431c4ca,0,0.04654138546203364,0
8f08fc3f-8ce5-49e2-af6f-3c4c7bce6364,0,0.06942313286327752,0
8f2f51ae-93d0-47eb-be64-2bf4e401a69a,0,0.051388325391661806,0
8f359b13-43d4-457f-a047-cc677c7ade82,0,0.05395506771482954,0
8f4694ed-76b3-4a4e-8f31-7ea28bf8eece,0,0.04446129621430317,0
8f4ee871-9ad5-4cbd-bc27-84d38b7f42da,1,0.35572084023039147,1
8f591dcc-1902-4e05-b73a-9b9b8d13e6e4,0,0.045738904830618876,0
8f617d51-6b72-4fdb-81d3-01e8dc60b215,0,0.054172966651170724,0
8f66729d-7b5d-4b1d-9b0e-290ad14c28ab,0,0.05547170895164489,0
8f6e86f5-56d7-48a5-8625-1c8951711b1a,0,0.10554302177796472,1
8f706ec5-0b02-4d59-9c04-8d4a622e90fe,0,0.10459111492814298,1
8f74e42c-d1b8-4db3-9760-5311c060d4a0,0,0.05513814540593535,0
8f7c953a-733c-4eb3-a865-61b7f139e10d,0,0.05424123807919378,0
8f7d7a8f-64d8-4d4d-a3b0-f1931bdf1d55,0,0.06423495608556426,0
8f7da8fc-bc93-4f45-9d08-56ca5c4b18fe,0,0.058904916147183246,0
8f8e3281-ddc9-46cc-b149-2cc98c28f1c6,0,0.048322382840533314,0
8f8f4bb2-a823-4232-ae01-32a5696c33c8,0,0.05643107278595895,0
8f989283-ab83-4c55-ae7a-a9c4ba604092,0,0.045627060682696556,0
8f9bd166-8200-497b-bf02-b0078c897319,0,0.05780619121449733,0
8fa6cb2e-5b04-4318-83bb-9126bf1cf9d9,1,0.6970747322340894,1
8fba4b07-8ba2-4d2c-8109-e672664b7b04,0,0.15435711802867091,1
8fbfd0de-2dd4-4603-8136-adff4d4c5bfe,0,0.05215258939951556,0
8fcaa4a7-f93c-4f2c-885e-473fe47efad9,0,0.05302581659868842,0
8fd231ac-e085-44a5-85e9-bbf52ceb9d73,0,0.0487651699711888,0
8fd35ec8-338c-4c51-9714-144257ff3e50,1,0.7165732231783237,1
8fd47881-f670-495f-9b67-d5019bb4b355,0,0.050150101792897805,0
8fd68e78-c9f7-47d5-b821-329eed5fcaf9,0,0.1618057904574588,1
8fd8a03d-dc14-46d2-811d-a1b849b31366,0,0.045702651854369294,0
8fe39330-386b-4c7c-8e61-d939c1a83d03,0,0.0580390043874972,0
8fe55404-ff27-46de-b58a-ede923e14dac,0,0.05641590908396078,0
8fef62c6-6346-4c12-8adb-1064f3ad2fb1,0,0.04653113135958565,0
8fefb877-367d-46a3-a19c-80cd0c267710,0,0.07271360566216908,0
8ff1df43-9a56-4c5f-8fad-e023d81e10b0,0,0.047422856388431106,0
8ff4a367-862f-43f5-b06e-379285a67a8d,0,0.06894394651107916,0
8ffa2964-7c27-4579-ab3e-efc278aaf6f2,0,0.09226950931124557,0
8ffdcc61-45c8-414c-a65d-897e5ca4e914,0,0.05220698777933066,0
90139326-ce4b-4ff6-9adf-092be36542a6,0,0.04425835584217844,0
9018c7b1-71b1-423a-8c4c-3d9a9bea5344,0,0.04406756658370161,0
901b9e3c-3f8f-4147-a442-c25d5c5ed332,0,0.05242709710860892,0
901c5e73-c65f-43bd-b1f2-b69090926369,0,0.054101467280792404,0
9021beed-6573-4751-9772-e8efc1a25300,0,0.05021173059482923,0
90222c7f-e14b-4722-a6f8-cc2a933d6fdc,1,0.07811712986479732,0
90313291-d04a-4a89-ae38-9928364be2cc,0,0.044788903378887426,0
9036fd04-5afb-4cf6-9165-d7b6e4ef81f8,0,0.05555989416347205,0
9041a5c0-685e-494e-9e29-e17df3bff2ec,1,0.05083802076706037,0
90473741-5dfe-4c92-a211-cc7c4ec73f00,0,0.041530684726201424,0
904e2a89-8144-44cd-a7da-f3732b7c1444,0,0.045546449750485316,0
904ec394-b80d-4985-816d-2ff305de6e7c,0,0.0491885201993594,0
90582d7c-24ec-4b68-ade6-851b8ba51f19,0,0.0439672533275627,0
905eadbb-af4b-4743-8362-f2bfca6d9178,0,0.05152127360494837,0
906a13f6-5d04-481f-b04a-fd33d48d3518,0,0.048441937839094534,0
906ad475-6770-418e-8ffa-b23cea2d0059,0,0.042662518255406054,0
90747545-b6f7-40b6-a534-557eafc75ed7,0,0.047118478446053096,0
9077b328-db85-4adb-a98d-14e683b7196b,0,0.05141703794705821,0
907ac1a5-8b37-4d04-90d4-e3556489a508,0,0.04097331545208004,0
9080a94a-95df-4e1e-bf33-cd8447dedafc,0,0.05123676603648099,0
908c2194-d793-4cab-b106-55959d65cfec,0,0.043686069204777696,0
909c333f-0b52-45ae-968e-deb1a849c53e,1,0.615657348231815,1
90a3c866-f519-4e33-93a4-cb6c7e44a5ce,0,0.044830207576684454,0
90a56a3b-18e1-43ca-8a5d-0bedfc1e8285,0,0.042557751400016115,0
90ad675c-9c50-4ca9-ade4-afe114a12772,0,0.06269968030634898,0
90aeec7c-421e-4469-8fc1-36476b9cce6a,0,0.04232163196645042,0
90b4508f-8ba6-47dd-8a2c-d80312c32d42,1,0.09927644661188241,0
90b4a573-9fe8-4f5f-adfb-e851e6be864d,0,0.04447856562255079,0
90bb38dc-bc96-48f7-b147-0460aebef4e5,0,0.05510496731524171,0
90bc64cd-d823-4663-9f75-a566e611bf57,0,0.045551915509329806,0
90c4cf4b-ea9e-4c03-b172-92402983d5b6,0,0.05764991950251609,0
90d88b2b-c009-4d20-b3e4-1bd7be52e289,0,0.053664780667231585,0
90d8bebf-25e8-4ab5-b900-9a15205f0dda,0,0.0488694428635649,0
90da37bd-bb72-4b8e-b9f4-419c7dd12771,0,0.044305536437577425,0
90dcac67-2257-4cbf-a4ea-030fc9f7b3b5,0,0.057696774865748514,0
90e2aaf2-3819-49d3-be6f-b60672dd1ad8,0,0.04604793773250376,0
90e2fd68-bde5-49f7-8aec-f5d33441c1f6,0,0.04395445407671413,0
90e3e003-30d5-4681-834f-1e330bab81b3,0,0.04072031479722743,0
90e44ccc-d779-4da6-bd3b-fc0629c8fd95,0,0.05302023287247451,0
90e68b02-bf18-42d6-8292-490f0dfc321f,1,0.05929184059160945,0
90eaf628-3b43-4364-bcd6-1326d1b2e7e1,0,0.04428164755819903,0
90ede141-84d9-432c-8ef4-c5b0052b2986,0,0.052233988288151095,0
91042934-eb44-4289-9cb7-794a4fa1e71a,0,0.07821411841550215,0
91116e11-e0b9-4402-bf0b-41aa658c944b,0,0.09531485348558003,0
91149904-adf8-482d-9e46-a3fe6575e117,1,0.0861108428498572,0
911a2673-37eb-4484-b1e3-03c57cac1ce5,0,0.04312493530937263,0
911d15bc-8b52-4e5d-b5aa-9b3d1ad17cba,0,0.0438734015663686,0
911fe262-382e-4ae4-8a8e-f7ec4d3adf86,0,0.04722311565225796,0
91200103-87ff-4a96-8b96-033d5bb02fce,0,0.04653716135863458,0
9120aa2b-ccfa-485e-9743-f94c5872b8c8,0,0.056980889871997537,0
91218d05-28d0-4f01-be2f-02f6894ab19d,0,0.1699450201490584,1
91241a14-54c8-4db1-8d0a-2c38eab7af7f,0,0.04727041734000503,0
9124694a-4fa9-46f1-a07f-4b37c1601603,1,0.06556788881103665,0
912e95ab-b5c8-4807-a6f7-08820ccfa0c2,0,0.044784158888745026,0
91313f30-e0df-4ded-9627-9bf2088e8269,0,0.047285285125907364,0
913744ef-65a4-44d0-833c-18f2005886bd,1,0.5091219172768364,1
91395583-fb35-4985-ab0f-95702edaf6dc,0,0.046766547827989745,0
913a755e-4aa4-4777-a01e-b00edeea311f,0,0.044284807360340635,0
913b2552-720c-4f3d-99e2-89c2a625054b,0,0.05090296492205148,0
913eea57-5508-476b-a980-9b696d61082b,0,0.05209780910111402,0
91457fad-4fc3-462c-9c10-a3b394235d8a,0,0.05538281418542164,0
9145b82f-059f-454e-b621-c8cceba1d822,0,0.0446380890597108,0
914e14af-7e41-4fc6-bee0-b0336ae1ef3d,0,0.046197587724014104,0
914fb367-728f-4e9c-bc90-d30f29e04685,0,0.06101126507435844,0
91645fc3-d2bc-4a5c-9c34-5451c3e7fbce,0,0.04984974011645941,0
91674d4e-756f-4c55-a75a-162ecb85b3cd,0,0.06083333153326129,0
9168ea4e-8387-4428-99d3-d1c8ff2af244,0,0.3451244000647999,1
916968cd-b216-426d-af70-043032e4a4e8,0,0.051838860524441796,0
916c6e0b-69de-4452-aacd-23d9d29ed647,0,0.09441015896639414,0
9170f1e3-1350-4fef-99a7-0155e53666ad,0,0.04642250235494075,0
917740b9-c238-496e-9083-6db405813062,0,0.05210646627205829,0
9177a6a2-b9b5-4c4c-8654-dd85caf53dc0,0,0.04160857861600089,0
917a738a-5505-44b0-b336-96f5f0028b04,0,0.04748840248555571,0
9181b544-8373-477b-b59a-75b2775a6c7d,0,0.04089508157027838,0
918c33db-9bb0-41b9-a148-47523330eddd,1,0.1842894339815166,1
91966587-df60-42c9-aecb-ac1275072364,0,0.04874328389563844,0
919990a0-7996-48da-9e0e-9057133e9e88,0,0.04192935042355004,0
91a5a8fe-453f-47b5-b649-5262f5073389,0,0.04463720069684473,0
91a6f433-1845-43b6-9479-71af37e81a4a,0,0.04441255037278501,0
91acc687-6ca7-49d6-917b-0eeddcb9c508,0,0.039963907114369056,0
91b3ce70-fe8b-44b7-8efc-4068d6293e49,0,0.05120450208794784,0
91b74528-4f85-44d2-8c2e-adad4acae67a,0,0.04968438115467801,0
91b8975e-b4d0-4fdf-b2be-86a6b2a7ebbf,0,0.0500545068537874,0
91c11df1-5ced-4eb2-b672-ee5608e82d1f,0,0.05512058913786252,0
91c23995-c968-42e6-9baa-9e31a33fb6e2,0,0.050548776087560546,0
91cc073d-edef-49df-b6be-0f513eb1e001,0,0.5579291881824364,1
91d28b93-5d33-40f7-bf4f-98e856dabe3a,0,0.04776300927867399,0
91d7edc5-090d-45d1-bde8-6213948afb4f,0,0.05713537458026414,0
91d9a628-7721-437d-ac17-527b36194cff,0,0.04326893352614765,0
91e26670-5316-49a6-a434-896ddf56e56a,0,0.05651556857402357,0
91e8c7bb-aa60-4667-b434-6cbd188192fb,0,0.04511971263969761,0
91ea6aab-448a-4edf-a81b-b7f91360529d,0,0.04443928736971578,0
91ecc5fb-66e3-4cda-820d-1d7121f7af36,0,0.054776510761354785,0
91f1e065-99b6-44c8-ad44-515f1adbf8d6,0,0.05260783526091351,0
91fbed24-5b63-4955-98ae-84025338ad54,1,0.1732089332904908,1
91fc2ec3-6cc5-4ccd-8441-3ced928ddfb0,0,0.04746837826979664,0
91fc3c7c-502b-4b11-97e6-e86d854dfd63,0,0.06950755229973729,0
91fe8a25-3d4b-7b5a-47a8-cbf36f63490d,0,0.0630550278256358,0
9205ee6f-bbea-4acd-a4b4-eee3c0580d1a,0,0.3052565274122269,1
92095088-c557-4144-9e29-dc6533386266,0,0.04210356545863368,0
92101c4d-5516-4306-a4c7-a77d8e91e6fd,0,0.05086263732488143,0
9217b74a-d751-4a51-9157-ae632ed1ae55,1,0.5268109919032896,1
921bcaba-b824-47f5-9daa-df40f71b36b4,0,0.051293521092766775,0
92293bb8-81b8-4663-bbdc-3467924a9088,0,0.05177673002653697,0
922a7ce9-c249-4f18-8239-0e6722dc6879,0,0.042533592739106035,0
922f2282-65c6-4545-9a7c-bff14be0d2fd,1,0.7585002577705903,1
9233707a-29ef-4f75-a3d5-2cef1d7b6f0e,0,0.05464179043295945,0
923516db-9e61-4e63-8ff0-42d62a0ad622,0,0.04223756565001694,0
923c597a-f897-4b04-8ae0-741feaa00c18,0,0.046937287934367036,0
92420f76-4310-4836-b747-e867e036da37,0,0.04602579969624874,0
924256ef-068d-421e-bf4a-1f8e2f2bd229,0,0.04926955176319499,0
9245c927-44f8-49ee-bfa6-2a08affe4bfa,0,0.0673730691311007,0
92461a71-70f9-408e-ba02-211f4ba6d33c,0,0.04270337939423036,0
924fbb19-5bc0-4bb6-95fb-c2407b9b62a0,0,0.10659788305002298,1
9255406c-5d72-4c6f-98d7-420589d0242d,0,0.04657523259168599,0
92620b4f-303f-477e-8d99-ed5b4d89ce69,0,0.05021728731309895,0
92700d7d-9a4c-4b01-8660-207019a62920,1,0.06337832249650496,0
9271c39a-52dd-413e-98f3-fed0dfc5c8ff,0,0.04329082738392674,0
9274c958-a2ba-48c0-860b-6365ab6f9621,0,0.05616652839253223,0
927b0514-11d1-4a6c-9340-b9cbc884c4f1,0,0.04356466995156661,0
927ff3ee-ce0c-481a-b416-310b04529cff,0,0.04874887048332343,0
927ff759-0cb1-4c11-99be-239cfa68068f,0,0.0549836758995129,0
929cf727-5d75-4eeb-b3d5-0bd631e57a11,0,0.043656297613117935,0
929e8711-2568-4ae2-9d0c-4995f95a8731,0,0.0839108573091136,0
929f0565-e854-455e-83db-d3f472aca8c7,0,0.04944889528093488,0
92a1b801-0a36-4ba7-af49-bc9bef374865,0,0.05387670388263109,0
92a2f838-b6a2-4850-9668-caf138caf9fb,0,0.047482961981254054,0
92b1918a-b002-451b-b551-4723668aa859,0,0.04621250164981773,0
92b99fb8-3d6a-47aa-9f8d-359b81090704,0,0.043311684229012735,0
92b9c7a9-f0c8-4b05-93c7-8414f567bec2,0,0.05509502114481537,0
92bc0a54-4dab-4748-9a39-edbb4c760254,1,0.05591118493409863,0
92c36e5a-6cb7-4261-8c87-f61e6ba68352,0,0.04537132465643702,0
92c5dc85-0901-4400-9b1b-c6a918b8c859,1,0.053261276186423366,0
92c6c4cc-7e65-46cb-a63c-8dee18815e7b,0,0.05200435106290388,0
92c6d7b7-21cc-47eb-8e79-7c836bddec04,0,0.04475115930606682,0
92caaf27-dfc6-447d-af7a-790f67bec41b,0,0.08646137308745865,0
92cfcc07-ad49-4979-a2ee-abceb6d8f1ad,1,0.11837255252837692,1
92d24e81-856a-4157-8689-d38a4a8210bf,0,0.052092380358018726,0
92d640ad-c2c4-40ef-a6f0-bc39d0a077dd,0,0.045731629886903984,0
92d663cc-c128-4e76-86d4-278649b437e7,1,0.7809995138268487,1
92d8a5ad-ed5d-4a46-805e-7e974732014f,0,0.04316830068783695,0
92d8de20-3ea9-4b46-8a74-08a8490cab18,0,0.15938904746592955,1
92db00df-37cf-4b7a-a331-4b097f88dcfa,0,0.05167194698864896,0
92dc7229-7a28-4bf6-bd91-8a65cceba2b7,0,0.05035335535478042,0
92e55989-35d3-42a1-a7e1-ef3dc2de9d3e,0,0.0510122936666232,0
92e8f200-74c0-4908-a4ef-c18fc94027dc,0,0.5398119380225118,1
92efe89a-51b2-47a5-84f1-3a826f7ae416,0,0.04210500562891895,0
92f2974c-2396-4709-b200-e39ac471a27b,0,0.04335508416535116,0
92f43709-0c6f-41d0-99a8-19636fa184b0,0,0.046424855396454315,0
9308cb1d-3bac-482b-8777-c12da8486748,0,0.05056077975007244,0
931a6301-7aca-49a3-b763-64227822d966,0,0.04641411487401911,0
931b5bb8-c215-4e7f-a724-2a9229a503b8,0,0.13465685170679229,1
93236651-68a6-4f72-87d6-ab9f23e9a2bb,0,0.05967341050681963,0
9324a0e9-5cfc-44f0-b9d8-49c4d8f17e67,0,0.04828428236002113,0
932c666c-591f-4728-aeb1-c619a270793d,0,0.05385427998063185,0
93371441-b2b7-4fc3-85f8-bddca2739825,0,0.045459831351851644,0
934b9945-ea2a-410a-a964-4c5e6cae6959,0,0.14726592536033195,1
9357ea85-8688-4784-b15e-edc8fbdd068e,0,0.049583181432462306,0
935acf8d-2fec-4b32-8dcf-d65d428a0aba,0,0.04656766144812441,0
9369362d-20cf-41a2-bc85-49c11cf5d5d9,0,0.049792090474496904,0
93699d3a-ff61-475e-a049-fe4b4142dd51,0,0.04514108499081076,0
936ea169-6571-4939-9c50-4439805297b3,0,0.046969532146486914,0
93774fa5-7eb6-40a5-bfea-a0faac9da69c,0,0.04505697373990323,0
937810a2-db01-4f8b-8236-3108ab2a3b1a,0,0.04447887373073988,0
93957b68-46fb-467f-bf08-da29a6d59b4d,0,0.11588504570421666,1
93a13810-e074-4852-b91b-a6dcf6a12c2d,0,0.049342919420374276,0
93a5f040-2ebe-4b92-9495-714ce2ae539c,0,0.08670838356795882,0
93a67171-87b3-4ffa-aa14-a9a8ae415542,0,0.050049271876402006,0
93a9bf0c-03d8-4a41-a249-d10479eba5b8,1,0.05360351251648252,0
93b8c8e5-beb2-418b-be16-2a1dfec1ebc8,0,0.05518983419398254,0
93c13229-3a40-4972-acbb-459d36a79c48,0,0.05349533815942079,0
93c9be04-f5bd-46c8-8e9b-4c0dc60b9d3d,1,0.06287669839573375,0
93cb9df9-2331-4678-b18a-d7adf74891c7,0,0.04583538243675455,0
93cc648b-cb2d-4e54-9188-553a2621a94e,0,0.0473426256071243,0
93d575a3-782a-4c62-863b-64d5583212cf,0,0.052784299506055954,0
93da12d1-0199-48e6-85cd-9e52f956fa63,0,0.04129919920800116,0
93e5efd5-3da1-41a2-8069-1b1917dce798,0,0.3385314227567645,1
93f9e8ab-7f5d-853e-e7b4-c3d9d68fbbf1,0,0.050675178545865535,0
93fa3306-ee6f-4201-ae9d-e24b473f755d,0,0.05138811616108811,0
9409ca36-8919-4196-b997-45a363c14221,0,0.045436681490580506,0
940a2804-b8e1-4e6f-ac01-0ba666599daf,0,0.04766451501268567,0
940ecdec-902e-4ce2-9455-8dbecd5c8443,0,0.045952250112012705,0
940f7eee-b34c-4f79-984a-a7dd4b116aa3,0,0.054524336044111825,0
94108456-6f9c-4edc-8ca1-bc8004d946df,1,0.8278968183967014,1
941864c3-c509-4dcb-80a9-2f21b8797873,0,0.053259169285276284,0
941b6326-7e07-462b-8414-db58b33db3ed,0,0.04770752218562792,0
941d023e-44ba-4b9c-a6e4-b214efad5a8b,0,0.04678947926935914,0
94210c73-dde2-4dee-8e0e-f28d99e38a81,0,0.05057331926200116,0
9424beb0-46d5-49fa-b54f-2a23a5139036,0,0.053404694722822534,0
94263fc6-8b10-4f18-831e-68baf947961c,0,0.04570878015224803,0
943809c4-e2f9-4cdd-a0a0-30dbe3d23ba3,0,0.042018712223964874,0
943b4211-29a9-4051-add7-93f77b002a98,0,0.04572646888123731,0
943bd411-99ca-4150-80e9-a16dcd905a02,0,0.04453942624177988,0
9444337f-c3bd-4470-8ff2-85731d3522c5,0,0.05053389774563572,0
944a09e4-ad72-43bf-875b-06c7ef13bded,0,0.0496346798890112,0
945372bb-7297-4ae4-b35e-80eeb8578268,1,0.6031082671026526,1
9458c71a-b331-47d7-9442-9b7e5397b2aa,0,0.07219050837576335,0
946052bf-944e-4542-9f3e-c54ee839c503,0,0.07768648935304322,0
946bc6c0-5efe-406d-98a5-22ab0ee6ab73,0,0.04432291586885218,0
946c8a5c-274f-4ab5-9a59-11256875dbf0,0,0.042946439380687186,0
9475b77a-1b4c-4aa1-a29b-67fe367efa16,0,0.04241579990595094,0
947eed4e-e05d-4c85-a8b4-232c24e5d553,0,0.041770676410819864,0
94834f5e-63bc-4730-9659-78ec371c8858,0,0.07351222341386707,0
9485f973-4399-4a35-b33b-b8c1cc63a2cb,0,0.041404222068511215,0
94882507-875f-4c7a-a1cc-8651d3129ec3,0,0.1818039313077471,1
9489170c-5ac9-4c77-a3e1-7c5e3f4a47ad,0,0.07021082614282173,0
948aabce-7298-4bba-aa58-8efe1942422d,0,0.055867649681674056,0
9495d4c2-711c-4fc0-8bc7-fbc081c26e1f,0,0.04361682958822417,0
94976724-8542-4654-839b-5b2294944448,0,0.07360418320967227,0
949986a7-a444-4812-8539-d1b59595cc07,1,0.07365760796044439,0
949ae2e4-308a-4cbe-9c77-c5fe5ca44cdd,1,0.060870429931834176,0
94a2ab9c-f5d9-4f76-9c36-7b449b0f1719,0,0.043769744541449065,0
94ae64b0-6388-49b5-9000-d8539715ddf3,0,0.05666357695507548,0
94ae7131-d357-4a3d-bda0-5413fbdf683e,0,0.04448775832948819,0
94b5247e-5fff-4fb6-929d-a5c506a001e3,0,0.20141551225516272,1
94b897fc-80c6-492c-a456-707398c7cc8e,1,0.28110640246167273,1
94b99328-b98a-4b6e-b9ed-c8c0cb51b591,0,0.0442251446295773,0
94bb3f36-d855-4ed6-a30f-f32ba44b6cc3,0,0.05788107511909791,0
94bf4d8e-59c6-41cf-85d5-34b4c9921311,0,0.054634778509409315,0
94c68486-1e33-4639-aaaf-3ebee593c1ea,0,0.05209111132473517,0
94d6e813-086b-4e97-8580-24eae9d2b307,0,0.06901723021430108,0
94d769e9-bd31-4fd7-bf09-bfbc5a28eaa1,0,0.051108326711683055,0
94db68bd-858f-4edb-aac3-a166b3258258,0,0.04403569973382132,0
94dd0482-3f3e-428a-89a3-5885055255a4,0,0.051430541886353036,0
94e3ba75-6ea5-40b9-9c6d-922c35010a19,0,0.051919835920123995,0
94ecced1-e381-4596-9041-5bed0b1331ba,0,0.04735031474192988,0
94f423a8-cdd2-437e-abb7-aed8929c63f5,0,0.04649284385138959,0
94f48ece-67c3-4b71-a766-5f14981a6c17,0,0.0554144513284166,0
94f9abaa-322b-436c-9543-9c7b22d395d2,0,0.05753186495314191,0
94fea8e0-c8f9-4be8-8dcd-46945c8e82d3,0,0.04943987923311034,0
95057af0-3c31-42dc-a42f-d5814b581410,1,0.1697199694321165,1
95126fcc-8913-4028-8ca2-3bc01963cb4b,1,0.6709114199792128,1
951b195b-3977-4612-9751-e4edafc4c1a6,0,0.057924786296100254,0
951f9b96-df58-4939-91c4-6f848b3d54a4,0,0.04930816756601141,0
95244068-e123-477b-a90a-cefaefae3653,0,0.04996446148667808,0
95267a2e-0517-44d4-980a-efc8a1fe1a62,0,0.04361066873138467,0
952abb94-d464-489c-901d-ef10486a8ef2,0,0.049578165008121206,0
953c96d8-60ff-4647-9151-330366d189f5,1,0.8647450442017401,1
9540e8ad-d8c6-467f-847f-3e5347a86e1f,0,0.043476084176223916,0
954140c9-fb02-4b56-aeee-1693cd5b2c63,0,0.04847045057231201,0
9541cdf1-a138-4466-a84d-bdcc2b3c5576,0,0.045254006069941566,0
9544873b-b262-45b4-8288-6e755cb0299f,0,0.04892784895726871,0
954c0d20-26dc-4921-b0f4-7ca4ae217f6d,0,0.044268683930410196,0
954d4d31-0f1f-43af-9fb0-d302911825e7,1,0.07090298064672051,0
954e2dae-3d68-42c3-ac59-13be3e2f39e7,0,0.048696015585339036,0
954eab76-6d83-43ef-a818-084769bb189c,1,0.06693248768181045,0
9578da4a-6177-483c-a5f1-e0539b535f67,0,0.043226679885538286,0
957a2945-788e-4b0e-8408-81ecacd8e97c,0,0.07065252532000946,0
957a8c32-82d7-4b44-8513-66968df1c3af,0,0.045610879962485446,0
957e7e94-efd8-4b01-9ae3-c11d63d0f2ea,0,0.05427595640509787,0
95800123-b6f1-4405-a2d3-0da0bc05b5cf,0,0.04237618237088337,0
9580c07c-0de7-4897-bf31-32fdc439de3d,0,0.050689881728893944,0
95870b68-e13f-4d28-8d86-b03511b28028,1,0.07184207185592995,0
9590201f-8f41-4d58-8ddb-2100d2527eea,0,0.0457296992738048,0
959c490e-bfe9-4874-9c92-377e06d74797,0,0.04595299734307633,0
959daf6d-a84d-4566-8010-4ec5e684413f,0,0.04664446929975416,0
95a41d09-362e-4b88-81ba-525f55594cce,0,0.04846158525138108,0
95b0ed0e-2589-4654-91c3-84b0d3f0fb0e,0,0.046305944288437734,0
95b96d87-fae1-4c4a-828d-79dc37c37b1b,0,0.04091396762449626,0
95bdd147-f8a0-4a58-a264-8bc400565aa6,0,0.046034094408262345,0
95c26e98-bc50-482d-ba50-6e62c926dbe0,0,0.04182749089183628,0
95c6581f-2abe-4859-88c9-41aaa01a31b6,0,0.05021157214828208,0
95c73e9f-c1af-41da-9c11-cc47b0f7c493,0,0.06039977832282044,0
95c9d077-a890-46ed-902c-ae62cba59e5f,0,0.041705770757983436,0
95d35496-5f57-4e88-a2f1-5f71f95964ec,0,0.04961945520344905,0
95e12155-9ff6-40de-b542-643c593f791d,0,0.04549665953888434,0
95e9bcda-e242-43f9-be90-b40ca12f1ba3,0,0.0842082209298879,0
95f5a451-5a61-4512-9db1-7e07e31eba11,0,0.044942645826358554,0
95f86b5b-eb2f-4c95-95df-14119e917f94,0,0.04863642814225082,0
95fbef8c-e248-49de-9f11-412354de48d8,0,0.06175454673587028,0
95ffd9f4-3bb5-4b76-af1e-52c552e67652,0,0.046654583884257236,0
9614e446-b65c-4dc3-969e-73148755c18e,0,0.044341689801129236,0
9615151c-b4a9-4933-b1d5-9f78061dece9,0,0.04898586787590689,0
961b272b-b9dc-4ca2-bda6-ebe4527afd5a,0,0.047043930176712774,0
961ff93c-0af2-4319-9535-32f6f3fc08fe,0,0.042456521176578534,0
9625b527-4e93-4b0d-9379-39aad4cd1936,0,0.0465866986046281,0
9627cb82-55a5-4e28-b79c-4e857f94bfc3,0,0.04373444475051817,0
962b40a6-64bc-4671-a270-7a77c47a843c,1,0.20578162022837257,1
962eb988-6a5f-41f1-95bf-0f6eb3b4dce8,0,0.048583616156225404,0
9631fe3c-2ca9-4893-9b36-1499e55beeda,0,0.04257897721301337,0
96325812-3eed-4d66-9c30-78be795cd91e,0,0.05121694791415701,0
9638695a-78e0-4d16-929b-7a49b041b50b,0,0.04825464788402807,0
9646976c-0f9e-4f52-99ad-1ddcf0e613d4,1,0.5622401745881814,1
96470060-fa94-4b12-b84c-c560c25945ed,0,0.04546363112381223,0
964d2227-6106-4b23-b232-a677e0a245e5,0,0.0781678262059933,0
9665da04-d44c-4e86-80ec-c1ce082789f0,0,0.05221656663629843,0
966ca97f-d256-4f9f-a6f8-4e1f03fe2e9c,0,0.060081358518100376,0
966cbde0-4120-464a-8864-aabd3fc73779,0,0.044986467628467704,0
966f9858-c4b0-44de-9383-8486331e1221,0,0.04623950150023273,0
9670c03c-24ef-4352-8a4b-4b73bd8e03ca,0,0.0611023778637017,0
967425d6-7422-4330-a750-4b329deb23aa,1,0.24811863232893727,1
9675a469-f316-44e3-8edc-ef9b4f6af85c,0,0.049161424828994806,0
9676bc90-7da2-44ea-a839-4f835feedbad,0,0.04393041118933028,0
9676f15e-2727-425d-b9ee-9311cab28446,0,0.0412100091251487,0
96802e73-0fbc-42b1-8cbf-ccb5208cfd5e,0,0.05809437163247045,0
9685613b-ae04-4d4d-afe2-91e11614b7ba,0,0.05914955664810863,0
9687a9d1-0cb1-4e14-8f5c-0f90659cc2a4,0,0.044341025348083395,0
968b16f8-506a-4883-a7c1-e6d43d6dfbde,0,0.042443954879535215,0
968efad5-8d1e-49d4-b886-161cf900bd9e,0,0.06422545575403592,0
96956d37-31e8-4709-9d29-36773b5a9f16,0,0.04841355862545735,0
96a06f38-022a-408d-9086-8b0b3e204523,0,0.0442506354663497,0
96a148a7-d3ea-4c20-a631-466638325a72,0,0.04963761552435785,0
96a21ac6-5e64-4aac-9855-c7188b3a8667,0,0.04394103524382095,0
96a40409-4df7-49a9-8771-276b28b442c4,0,0.046583583902674724,0
96a46816-71b4-41c3-bcfd-e912d50f3b97,0,0.05122600105182483,0
96aa13d2-dfaa-49db-85b0-ff659f396b94,0,0.04541199471374946,0
96ad8bd8-1e5f-4fd7-861d-b629c98e8b0f,0,0.049368099702049625,0
96b1f274-05f2-496a-bf14-0c170cd3eec0,0,0.04711067795687359,0
96b3287c-bb1b-4ec2-8d24-11401c3c7e30,0,0.05023496834888322,0
96bd53af-53b8-49fb-9b39-4a86e0d4a7cf,0,0.045607751973808536,0
96bdca6e-a6f1-444f-b775-7f9f25342829,0,0.11517751746544626,1
96c150cb-92af-4b2f-a83a-5082b4093561,0,0.09031496016815557,0
96c24eb9-9437-440c-89cf-bfd7f053f362,0,0.04907982741742836,0
96c627f4-af7e-409f-bb83-a8ea4bdc462c,0,0.0434146101083419,0
96ddfdb1-3d89-40a4-b598-c79176767038,0,0.05458627702178154,0
96e09992-1cb4-4990-b74a-d3db4d8af5fa,0,0.047961790938066844,0
96ecdcbd-bdce-4e82-8646-ec502c0ae4e3,0,0.539398598537604,1
96f547e5-2b01-4b1e-9dc0-a61f7ae177fc,0,0.050013672023517995,0
96fd391d-1409-4ea2-be3f-71c9c1e1b815,0,0.06777803274017646,0
97014517-6988-4d2e-baec-c2f17fd10b20,0,0.04843065445352951,0
97056c2a-1ddb-4c5a-b8a2-ddea526ec104,0,0.057858352167027456,0
971dffc3-1f19-4f87-b0f1-4828f44364ad,0,0.04616152457886285,0
971ebb77-7cd1-474d-8e51-2295e7b0b93d,0,0.051419092059147846,0
972941c8-6f73-46a2-bd45-e36092f9fb82,0,0.04676519339660738,0
972f8acd-bcd3-4c20-88e2-97a10fcb692b,0,0.20260124286568018,1
97307d46-1a4e-48b1-9609-7534c27fb1dc,0,0.04295735411240112,0
9731d1e0-5f0d-41ec-bfaa-dfd41630509f,0,0.0434147670675101,0
9734a6c1-9102-4e8f-87ec-11bc450b2e24,0,0.051257508419907,0
974572b5-1793-499f-8b9b-cc42355ffecd,0,0.04923768239541634,0
974c310c-83b1-4952-ae7a-23aa2e32464a,0,0.04344912610369128,0
975aa403-233d-4e17-b9cb-3d1ac84bb2df,0,0.045670295474169,0
9760df5f-35e7-4258-bf12-d5e817c2a953,0,0.09422453721180768,0
97687b7f-1213-43c1-8197-fe36f341aafb,0,0.053418706618075046,0
977327bd-3659-4189-91d4-3fb2d5eb90c9,0,0.08224127443109386,0
978231f7-c8b4-4b7e-92d8-f568c55828a7,0,0.04352421074827217,0
9783cca8-6608-4554-b3c7-9d86d911eacd,0,0.2947849405858746,1
978850f4-5ea1-498b-9df0-1b29f94e17e8,0,0.05190699502105197,0
97898576-e083-4dbc-a7d7-dfdb873568ff,0,0.1033019255886758,1
979ec5b5-f6b2-469e-819b-89ba57b3f3a7,0,0.04953553242647059,0
97a54368-3848-44ac-a249-14f84aeb3435,1,0.8174153406068954,1
97a8fa2c-5160-423c-a88e-282305609c0b,0,0.05214043269470143,0
97b3e831-2774-4796-aa1d-3a22d9b3cc31,0,0.043409468713862816,0
97b7331c-0b84-4e70-bd1a-5c943a9053ac,0,0.04998592714143942,0
97b9da13-5a46-4333-b95a-2524667dc140,0,0.0497262879389254,0
97d6eb23-5c5d-4127-99a5-0b310fed9aad,0,0.0451667770123554,0
97deed8c-ff17-47ad-8175-79a82cfa7976,0,0.047760423626270254,0
97e544d4-4b5c-4243-8251-676389ee6552,0,0.047777941385208036,0
97e9048f-9eca-4a8d-8dba-6e47ea1d1721,0,0.04465361783076346,0
97f24051-69ed-4c6c-b613-4d16e060fbcb,0,0.04417448334463657,0
97f81654-3a00-4266-a547-f13d671fc420,0,0.0485941924990848,0
97fdd154-4b5f-4ec5-819f-9e8b6ed54de1,0,0.04172774323391812,0
97ff6375-e50b-451c-8296-ff875dcafdc4,1,0.06515194584246865,0
9809a0a6-24df-41be-8a93-7628c07bb668,0,0.053527153258330205,0
980e114b-2429-f562-9d6b-1a04c22d8177,0,0.05472374490293143,0
980fdb2e-f54c-4d15-97a8-1f32e3e0ac93,0,0.04426613178144968,0
9810f35d-094f-4957-b772-bc9a191feab9,0,0.043677740760248183,0
98264662-dac5-469e-a587-4551a5391f04,0,0.046059328281532745,0
9848fa18-229b-4541-b68e-bb20884c613d,0,0.05107975239266212,0
984efb91-8c24-4dab-8c08-8feea4039ab2,0,0.04231980813031292,0
9857e9e2-b282-485f-a165-494342792876,0,0.046580737062514956,0
98596afb-17ee-43e5-a8a1-3b330c93500b,0,0.04286751658035773,0
98664668-efd0-4fef-8af0-023ca68560ab,0,0.052817568673340635,0
98676fee-9c5a-4ad8-826a-a9db68954f8a,0,0.04550668168651365,0
9876f3fa-1198-459b-9ca2-7d46e6981d5b,0,0.0607882711265004,0
98787024-8c77-4cc8-b0be-ebf919dd2d9f,0,0.3555122077898733,1
987d54b5-aa1a-457c-b84c-b03a13a5f428,0,0.04402731881876422,0
987e6057-1258-4333-9b7a-ff7db549a155,0,0.05110473445086142,0
987f7397-a626-43ef-bc90-23974aa0d57c,0,0.04507881570996663,0
98837096-5cc9-49db-b7a4-7fbeedee5afc,0,0.044660673103740646,0
98945ddc-769f-44f9-b9de-5cbdc2a994f4,0,0.0730392963469515,0
9899f36f-f516-4abb-9c31-33a89d1c8423,0,0.05883273697772684,0
989b252d-9de9-415e-9353-81c7c9f7162f,0,0.06530337385072284,0
98a48ffb-2531-4928-a5b6-d8b2ad821bc8,1,0.5425413480151886,1
98a6d45e-8154-41ac-8683-9d3ad81cf8e7,0,0.05216965119677815,0
98ad77ec-4347-476f-8183-53572353f1cd,0,0.046413025190036324,0
98b88fa0-d8fa-4b9d-8a71-3dd403afab85,0,0.051807208349987144,0
98b9722a-b1d1-45a9-8970-adaa326d788f,0,0.04458267276358589,0
98bcf0fc-8c77-40e1-841b-0d1a36221af8,0,0.0660122044023886,0
98be3a30-3c30-41c9-9ae3-0bb9882c6fca,1,0.8531623917186022,1
98bf5df9-8b54-44d5-b67d-f7649c9c0a5e,0,0.055690950977473966,0
98c2d495-def2-4472-8f25-49e190459d93,0,0.04887254185135701,0
98ca7e03-6a63-400e-a5ae-38e3e91d5ad1,0,0.047716370779954165,0
98ea3e1c-ffb4-442c-89d6-5e829fdefca1,0,0.1585018012419744,1
98f83b07-9c67-4502-a908-2fe1cbd8c0cf,0,0.04441342336553156,0
98fdba9b-75de-4d48-991d-58fd7101c7aa,0,0.14011443333720097,1
9903d4b3-29b1-45eb-9765-13463d1a667e,0,0.04846797464974279,0
990856d9-c28a-4689-b28b-3fb4e9a346cd,0,0.04432186057627676,0
9910f465-9fda-4468-a898-1591f09d0622,0,0.06546753440869989,0
9914c0c0-461e-40e9-a8be-d2c327201369,0,0.04180315990622297,0
99169911-4fb2-4311-b41f-a77fdf3b4f11,0,0.04311275564292138,0
9917e4b8-0908-44bd-ab81-8d2ce52871a6,1,0.5368950345634851,1
991b51f1-9dab-4966-841f-7bf10a978aa3,0,0.04469829227241183,0
991d5cda-5f15-40af-ad85-01bb140bb664,0,0.04841182479317946,0
993ab8e0-9c33-49a5-9eee-ae96bf4b4290,0,0.19917430189371574,1
993e3b7a-d021-4d71-8d6f-907868df6366,0,0.04343257809277061,0
99452e5b-fb87-438a-b518-3e71c9819bda,0,0.04989659903855488,0
994610e8-e0e6-4979-a8fd-9e8e27b00309,0,0.13902221251818417,1
9949f470-9c07-487c-9846-432a8b214f57,0,0.04218288415901555,0
9951bd59-4715-4e8c-a3ed-2b83842f33db,0,0.042589573159342906,0
995d118a-87c4-464b-a662-226aa874e8e9,0,0.04812189317357403,0
995e05df-2f96-4e40-ad76-8965bae07f94,0,0.052030209386312753,0
99617d1c-1b5a-42f8-99f1-42ad83a6155f,0,0.04750155945587849,0
996e78db-a0c0-47f9-9a57-4c2f49201e47,0,0.04094779279754154,0
99777ec2-b7f0-406c-99d1-ccc4915e5c7b,0,0.04069555603048144,0
997bc5c1-9d93-40dd-ab45-749ea7218fd0,0,0.04196688148986867,0
998333d1-c33d-4d41-a975-bc7df5d5f187,0,0.04925616209305293,0
99877fbe-d5a8-475e-a662-66bc9d29b6f8,0,0.044564382150327125,0
998e1bed-a929-49a6-955f-0d9e769f10dd,0,0.04643485240282751,0
9993ade0-46ac-400f-a1cf-da247ba67050,0,0.04557352875650875,0
99945453-0f6b-4ad4-93d8-c6443ec0747e,0,0.04572422510195123,0
999afb58-77ce-44a7-ac61-12daddccc17d,0,0.10169794105686698,1
99a048a1-1025-49f5-ae29-1a37c2b8917c,0,0.060470247236190426,0
99abf175-5c57-4a0a-aecc-78c07ea1e9b5,0,0.051695321091908226,0
99adff8e-85b4-4be6-8c1d-c50d9a5859fd,0,0.04791718686549462,0
99b36fb5-1e83-4f8e-afc0-f97527a7ae21,0,0.06517597378382815,0
99bddfc8-3ee8-4aa1-94e4-ca974ea6a787,0,0.043836441079326854,0
99c21856-317a-416c-ae38-81b5f8e2781a,0,0.047065525573205806,0
99c27df7-2474-4beb-8b71-adbdc9b52f14,0,0.053905261632500694,0
99c51ecc-e817-4421-8a92-faa2a61c17c3,0,0.04184861161178675,0
99cddea2-9e44-483f-88f2-a05a4b60fdc0,0,0.04666945212622092,0
99da601d-df21-435c-8e6d-3db96d4d2211,0,0.04979255570858117,0
99e7371a-3b97-4599-ab16-e3f4d20fd6dc,0,0.04669671401202269,0
99e85f11-be2a-40c9-b5f5-5a5d10cddea0,1,0.0682062458879645,0
99f2b4b1-c503-426e-bd06-cd32f0c9bfb2,0,0.04548220720587292,0
99f81ce2-9f1a-459f-a1be-f29df544fad7,0,0.043447550666912846,0
9a054237-c302-41be-936a-e9525d34a97b,0,0.049559978582413754,0
9a0a8401-1ae4-45ef-bf2d-dfeb86050cf0,0,0.06131527619948481,0
9a11bd48-651a-4886-88d1-1be6f09b4a92,0,0.053117737120208564,0
9a140c80-b918-49bc-acbe-5560342c76c5,0,0.048929445342081004,0
9a206ba2-37c7-4354-9d31-37ff3bb297ed,0,0.04249758025005269,0
9a20e052-2e86-4127-bf24-a60b7931aaa1,0,0.11569618317472796,1
9a2deca0-75dd-4bfa-8787-bce0af701a24,0,0.04475886050041472,0
9a34ac2f-b415-4290-bd33-482a57ed7033,0,0.06311635460521951,0
9a388269-51ea-4718-84fd-329034ce1eb8,0,0.10492353857929265,1
9a465e5f-6ca8-47d4-82a5-a06531c66eb7,0,0.05493557865102908,0
9a5a39cd-74dc-4d15-9537-af2e9c9f9cb9,0,0.04583714819370412,0
9a5c01e3-4151-4853-bc03-abc0991f05f9,1,0.061666538235412766,0
9a5cf11d-e910-4969-a92e-d86c860a7545,0,0.04564748916055444,0
9a5e6f92-07d1-4b19-bdce-3f9c6b68981e,0,0.0466049998671959,0
9a69c4f5-59e8-453d-a6be-95f05809ebb1,0,0.047830896587871076,0
9a74ecd0-4e3b-4f35-943c-0bc4e165a3d6,0,0.04294851084111862,0
9a78e659-7f2a-458e-b06b-524cece987e3,0,0.046890938672537755,0
9a7c5cfd-a60f-4c16-9e2a-65b98be72185,0,0.04349602109155933,0
9a8095c4-a85e-4843-9d30-3afff23c6909,0,0.044373161726434386,0
9a863328-d6c4-45b2-9a44-50570b857698,0,0.042921237866822164,0
9a866c10-754d-4191-ad48-c0005e8d2c63,0,0.045867409071076885,0
9a87a17b-f642-4d76-941b-438eda832e1d,0,0.05409751574872294,0
9a9c2d22-43df-451b-aa61-77b5dcfed70d,0,0.04471178223038108,0
9aa2f1bd-bf12-4eda-a797-a5bac8c6dee1,0,0.04346968869572681,0
9abbfcc2-592b-4d18-a8ef-4dbdc8707790,0,0.04280772593858542,0
9ac1f974-3c92-4fab-8513-64f0359b6eaa,1,0.8303434285521311,1
9ac2ac3a-6607-4c02-a8e3-357d7ef406a7,0,0.04563502056875383,0
9acb33ec-e99d-46e3-8a44-47b617c80f6d,0,0.048332481234309714,0
9acd3cb7-79b7-4293-bb81-bec02a1c9cd3,0,0.0453263355416536,0
9ad75f1e-f347-411a-8cf5-648d6184dd0d,0,0.04442089221390849,0
9ad7d2e7-3150-4478-9b1a-f6d5a4040e67,0,0.0523750733825852,0
9add63fe-1abd-4b8e-917f-f5995a9cbad1,0,0.3262351627425239,1
9ae07d67-a221-4cb5-a3a7-5e95e8a5e6c5,1,0.055851446056739876,0
9ae46227-a8de-4e21-9408-0ac8ea70636d,0,0.06295648231506577,0
9ae70a41-16e7-42c2-a148-ec725c7d6737,0,0.07082870167276474,0
9ae9d572-b2c1-4bdf-8b59-9c9b589a6cbc,0,0.045189434507939504,0
9ae9e99f-133f-4f80-bd5d-27f253e7bf23,0,0.09475251835497146,0
9af40fad-cd57-42cf-85d1-72c1e0bf3b12,0,0.06585352987411772,0
9aff0123-4404-467c-bb00-a2d4af93f5a7,0,0.04944849140392015,0
9b04ea43-e18e-4cb9-b019-d45bebae92fa,1,0.44201204618424883,1
9b15fa0f-85e1-4035-9f01-cce93effc403,0,0.0439802556144774,0
9b19cf74-43cd-4cc3-bfee-49ba2ec648c6,0,0.04862124249354404,0
9b2805ef-07da-420e-9932-1829cdbca0e8,0,0.08606856328123265,0
9b309a48-250f-4b97-be28-f2c7c6826fda,0,0.07596365409208494,0
9b371276-c400-489b-817d-bb175da04ea6,0,0.045043443298601056,0
9b376ea7-66be-4e86-9c29-c912b179ac24,0,0.06291106462812136,0
9b53a253-3040-4bb2-a5ab-978be3ee2847,0,0.04807783032747817,0
9b594e70-b6d5-4518-9cbf-482c34cb644a,0,0.04924388024351672,0
9b5b91f0-c3fe-44f8-8f1e-9a81491cedf4,0,0.0555126095525359,0
9b62e5f0-6f95-4ec5-a02c-ede80c9bd1a9,0,0.04368430763919248,0
9b676af0-59c1-4e64-b2b4-34911ac10896,0,0.05378411908390038,0
9b694c42-979f-4e8f-b7c3-b57d861fc691,0,0.20958110714025407,1
9b6de33c-172a-4c1b-b8bb-6c45f9c7bd78,0,0.06205573734630951,0
9b73ffc2-b5ab-433b-afbb-2c79a7df35cb,0,0.059322207368603073,0
9b7aa9d4-3ec9-423c-987a-b69c73b073d2,0,0.05776082006871252,0
9b7d4924-7c33-4cfc-ab1a-2813f0a9d4fa,0,0.18388253036652322,1
9b7fa033-a01a-44bd-8b06-3c9a7811ebf5,0,0.04406764489213965,0
9b80273c-2d55-47cb-82a8-79f9ea691060,0,0.04572989968018078,0
9b823f2d-10ea-4f3a-92a8-d3dd6b3e45ee,0,0.04533492930158476,0
9b933e88-191a-4724-94a7-be51947b021d,0,0.045801771630087536,0
9b9cc736-3daf-4451-a2d5-05c53011c2e5,1,0.06308575739269659,0
9ba2194d-970a-41dc-9434-214f08243155,0,0.08191377784262671,0
9bbf0a7e-a23a-48a9-9bc4-719269b69e75,0,0.0438085085810038,0
9bc2dcc9-2c6d-4b32-8e04-3c162285fbd4,0,0.057089637857011634,0
9bcee4ed-01fa-468d-906b-565bc222fa21,1,0.12781773022325055,1
9bd11c77-99e4-4c93-9a12-8acf2d8af680,0,0.0546392405170832,0
9bd27ff6-dd23-46c0-b159-6316d7678ffd,1,0.0556681986255021,0
9bd70904-6cc7-49fd-91ff-d8dca1aee8d2,0,0.04685267416428056,0
9bdf25bf-317f-4c78-bc54-f7dda0113317,0,0.052451274444189504,0
9be9fb36-e81c-4864-b7fa-bc5882b1a5e7,0,0.057731027165234095,0
9bec5f78-89b0-4025-8ceb-fb4f71a1a212,0,0.06632504588169263,0
9bf3c521-4e41-4e3e-ae25-b8aa759d7256,0,0.09428619668042043,0
9bf3fe1e-8f8b-4f86-88c7-509b3051dbed,0,0.06634886044508707,0
9c00b09e-8ac9-4bb0-8c89-e4bb302c136b,0,0.6477167189641858,1
9c0ffda2-2a16-4c20-88e4-ec6ffffb296b,0,0.04298543357476678,0
9c145294-304e-40d6-8da3-d74c37c18c42,0,0.05432289858348818,0
9c23c165-1485-49f0-a91e-27464750ca0d,0,0.04615496360213739,0
9c26bcea-a570-4833-af72-1a2f51eb486f,0,0.049018830521546895,0
9c27b36b-b248-4d97-880b-8664a4f68f5a,0,0.045659325233510226,0
9c2e2079-3d98-4b69-86cb-c4a4d6062778,0,0.10033585831764559,1
9c553f91-3a25-4443-96b0-393006d6c5e2,0,0.050635375522424406,0
9c59b0a5-c11c-4359-9c4e-b35ab353bc51,0,0.056947478634651,0
9c6ae552-b6d1-420b-91c4-1b5270bceb10,0,0.0425185903275186,0
9c6b93f8-1bfd-42d8-8199-5feb55a21938,0,0.04526468480171256,0
9c6bdb71-26d7-453b-9dd8-db3016bf1937,0,0.06261819301862065,0
9c71bf4b-a452-47d8-850d-7f43f42cbfaa,0,0.04592768429918986,0
9c7e431d-da4b-49a5-886b-8d0567e35648,0,0.05146454687877743,0
9c80a69e-b962-485a-8fb9-7dd8139392b1,0,0.04365345035575851,0
9c8f1174-349a-41c8-8754-a2759927ac50,0,0.05037991078983538,0
9c91461e-5924-4ed4-b01b-4af180562459,0,0.056112412771885924,0
9ca41d29-cfc8-4981-a0d9-7fe39470235b,0,0.04295926892672409,0
9cabf867-777b-4cd8-a252-136f6d365cc8,0,0.04551382530215346,0
9cada508-1828-4284-a933-55ad94bd8e87,0,0.04919851914427611,0
9cb65599-b7b4-45cd-9764-a972f6c3301c,0,0.042266909167946835,0
9cb9a652-4610-4816-89aa-16172726b56f,0,0.04311467992547708,0
9cbde611-7b2a-4af0-b414-bfed30ae0991,0,0.046418009168079616,0
9cc0d7ba-50d3-4f55-9e92-c26c4d9e1bdf,0,0.041541634409036174,0
9cc14b4d-fead-4b6a-a570-12c7bb154a0a,0,0.05400965948716123,0
9cd48957-1a48-476a-8bf1-50fc5557b170,0,0.05633742524571073,0
9cdee65d-12a9-4b66-892e-0114b3c20d71,0,0.046084998250590016,0
9ce1dd59-3579-4890-88a2-364f44bef040,0,0.046818327728417444,0
9ce2aa7e-5f30-4770-a31d-4b982b0e4550,0,0.0450324228073945,0
9ce5ba06-2e16-4e66-a447-e78f944845a1,0,0.04787643430949035,0
9cf036fa-a4d5-4dce-adc0-3f0177c7f46a,0,0.05108622062658303,0
9cf1c2d7-dd8e-4d86-bad5-deade6e91769,0,0.04534365168553329,0
9cf42662-8687-47d9-aebe-5fac69b996fa,0,0.04327629822835094,0
9cfe12e3-fc9d-40ad-a72c-97fc7c19dd8e,0,0.10919171764165159,1
9d0c1e92-4459-4f42-aac6-8ddbac83c900,0,0.04347290077938367,0
9d139bec-2683-49cf-8078-a2694b769215,0,0.04185458958963283,0
9d1be4d2-be3e-4eb9-aba3-87f3f79c05ab,0,0.04725449934134299,0
9d1c0016-d8c4-4869-a3af-5cad90bce03b,1,0.718100826977848,1
9d1ee322-0c07-41a7-8fd2-4b71053cd937,0,0.052636336778965856,0
9d1fdb85-5482-4468-95cc-9b251a098cf9,0,0.044453055918194394,0
9d21088a-705b-43ea-8d43-a7be6fe5ebcd,0,0.04457001553482254,0
9d35027a-2fa5-4b85-88ae-2dc2ae492fbd,0,0.05075883282675676,0
9d395a64-9515-4c5a-b0bb-9d196fab9f6b,0,0.3294244191978052,1
9d434215-f413-44b1-9c12-9d3e4d83111c,0,0.04475745262475987,0
9d47453b-b672-452e-a6af-da654e2da4a5,0,0.06382126510835731,0
9d5422b7-4d1c-4b4e-995f-4a6962dbe374,0,0.044977891150568355,0
9d5667df-ec84-4c27-9257-07cf90d5a47d,0,0.046016571410137014,0
9d5fdc7b-3047-4a28-b56f-8d52c610f35c,0,0.044329707051020274,0
9d672978-17c1-4f4a-9fe4-f5110345b85d,0,0.044553911850535095,0
9d7917bf-d4c9-4713-b020-a74e1c39cb4c,0,0.04284938567418351,0
9d85ca8d-2ee7-4cdc-acd7-d40c38a6e2cd,0,0.05587729042422679,0
9d87a1b9-0e3b-49c3-8e8b-a26b559e1df3,0,0.048954060108253136,0
9d8aacee-382c-4cb4-a383-878a7fe7b1ac,0,0.04775365589174838,0
9d8c8824-3b52-476d-994a-a77cfd2bbeec,0,0.04229083186344575,0
9d8f6606-12d2-4533-b323-eb0b23d7b5ae,0,0.05005652768730012,0
9d8fd77c-d495-4477-8a28-32be9999bbae,0,0.05535690464598125,0
9d94142e-079a-47de-9068-5f322f02c07b,0,0.044839228943809865,0
9da1d632-9992-4729-b756-b5c3f72934a5,0,0.05361455270619989,0
9da60b8d-d81e-4a9a-a7d4-58cfc82f581e,0,0.055695612028082014,0
9da7ac8f-d5ce-4f36-9a22-6a82ba50217e,0,0.04579746839783661,0
9dae5e52-cfa5-452a-b554-869a63d39635,0,0.04283480957044144,0
9db076be-2bdb-48b6-ac20-e1a4034e9e24,0,0.0484629920108792,0
9dc029aa-4dd6-4b63-bfb3-7a8359645f16,0,0.04748855798705461,0
9dd535ba-c666-4b47-a3cc-0b2424ef76d2,0,0.04867993408654864,0
9dd5d46f-380a-4cfc-93f0-d01c04d3b3f3,0,0.05008899197223417,0
9dd6026f-e1cc-4fb8-b2d0-cdd194a44835,0,0.043260708014966766,0
9dd8d39e-6bad-4edf-ba38-eff6dce6964e,0,0.047851966343680045,0
9de5f09c-110c-43de-9ad0-b92bc5054d9c,0,0.04524959482725331,0
9de75460-c2bc-4411-b1d1-747bba911ce7,0,0.05053656376694685,0
9df20ae3-0a4f-43b1-900a-8ed566e3adff,0,0.05078085885450183,0
9df58d35-2d96-49c8-907a-06b7cbb65f57,0,0.041961974842617586,0
9df65cba-1846-4008-9abc-12b32cce4dcd,0,0.05133567450121795,0
9df85aec-00be-4641-b7aa-8d60ce2a9888,0,0.04145340247181765,0
9df9e472-99f5-45af-909e-b5b59d214b32,0,0.05117870872968467,0
9dfc3801-21e1-406a-9caa-4ec0195ac93f,0,0.047131349618333394,0
9e005458-34bc-4770-bc52-f4796697f6e7,0,0.04261864236822173,0
9e0953ac-ddab-4473-9920-254a29ab8ecf,0,0.04363402870254853,0
9e0d7b2f-0b52-44e9-a222-0f2d8d44c4a9,0,0.045279337067115295,0
9e119b1f-68c8-415c-baed-9071cdfb9e88,0,0.05005127830371689,0
9e12b0de-3adf-44e7-8ccd-e05025d9d285,0,0.04923584593851222,0
9e138d28-4912-4dfa-9126-384d8d5f6a7f,0,0.04298396799789489,0
9e14e0b8-bf6b-48a2-8e86-8c59d6875ce1,0,0.06518551935380529,0
9e17044e-4335-4eb1-a6c1-5826d78eacd9,0,0.04614258382777638,0
9e178c32-6bf7-4bb0-b4db-2287337e0f25,0,0.05441866397347611,0
9e20f05c-f4ea-48be-9c3e-e794496be46d,0,0.04323730063709319,0
9e25ba95-1494-4d15-8783-980caac245d2,0,0.049955263994574506,0
9e290278-b468-46a5-8990-d3a4bea35b64,0,0.04986798557888622,0
9e47b316-377f-4a71-9109-0481de3ea8d4,0,0.04361977958582331,0
9e48b8ed-9669-4b0f-ac85-c1bf31abb907,0,0.06880719468344489,0
9e494222-2f10-4e71-8a81-e7383b8e488b,0,0.04564199169952466,0
9e55d933-3e9b-484b-8d0a-595fa07722f9,1,0.3507622049724254,1
9e6e77b5-b5e7-4b4a-a7be-316d711ba5b5,0,0.054222131550713745,0
9e70af25-115e-4cd3-b41e-1cd9dce730d8,0,0.04339752587752286,0
9e74814f-af83-4719-8a75-2c515d3c652a,0,0.05376947420794458,0
9e773ffa-fc1d-458d-84dc-b2fb74506fbc,0,0.060729738001231735,0
9e77fc85-1d53-4405-9cf9-b8fcad475766,0,0.06611994012675224,0
9e794c02-1908-44f8-8684-6e79f1cfa094,1,0.056610552391644205,0
9e7d5729-4262-4af9-9c97-0251fa2a7587,1,0.04395965181019226,0
9e7da82b-828d-4ae8-9005-247bfc5c0996,0,0.05039205801157306,0
9e7db590-5c34-4682-8851-c660d03a1647,0,0.04351854845265221,0
9e8b358f-57de-4525-8ba9-0f1143ead4ca,0,0.051262378833897476,0
9e996b5c-6fe7-447f-bea1-458f3de4400f,0,0.042652476430713744,0
9e9e00cf-f7a9-4032-aa5d-22112f656b71,1,0.8166365066330726,1
9ea3ac73-0bbe-4adf-8117-9a68cad6c26a,0,0.05146430120807074,0
9ea456e7-ecac-48fd-b8a9-dd15cbda40e8,0,0.04492557373318932,0
9ea60b6a-1b49-40cc-a645-011321282d5d,0,0.04382636918472527,0
9ea76658-a032-410f-8f48-83e17af553a0,0,0.061610716053624046,0
9ea91626-4cb4-41df-a00f-82a3bfd9ebcb,0,0.044758649041914074,0
9ea9e319-461b-4983-9e61-270bbaf0cc0a,0,0.043795452978898294,0
9eabfd3a-ace9-487c-9f6d-89ef4719079a,0,0.043628323563084034,0
9eaf05b0-9919-4e37-9e9c-640849d5b491,0,0.041918737414808394,0
9eb2e590-1099-410b-9b1d-83a1bdc7005b,1,0.5091352986061951,1
9eb300e3-5527-4890-8d02-2190318ad079,0,0.04244108062448529,0
9eb98d83-c97d-43d3-b353-dec25155a87a,0,0.060975292854815885,0
9ec0eeab-bdeb-4e81-bd61-04112705bade,0,0.044191028380871564,0
9ec2f17d-a3f6-4fd5-864f-c14ca38c645e,0,0.0447601225580509,0
9ec491b6-94a5-4008-b72a-0d49a4a8c517,0,0.04549788110381526,0
9ec994c5-7d19-4687-9016-b2f37b48d7bd,0,0.045377478643180424,0
9eca4e6e-0187-448c-ac2a-2678bbb20e64,1,0.23220491617005068,1
9ecabb08-1591-4077-9627-0943fe272523,0,0.04871564615013419,0
9efbb8f5-2016-4f09-8dee-317fe3cf37d3,0,0.044981609219988616,0
9efd2190-3255-4843-8737-3b6891ad37da,0,0.04947543166323732,0
9efed3db-06a7-44eb-be95-bdbaced3f534,0,0.04511523460099165,0
9f0c216e-1a45-4b42-ad8c-1ff14469c9d8,0,0.05063760683064707,0
9f1bedf0-ad2e-4c17-8805-10f1e3a35dae,0,0.043402837807424655,0
9f22d583-024a-4b10-9d26-b47754972498,0,0.05231726344742958,0
9f29f9df-2164-42ce-aa97-e7c58119a30f,0,0.04588592810496382,0
9f2a336a-75e9-4ee5-906a-169a289e0367,0,0.042844392096643584,0
9f2c69fb-501e-4d4a-a723-83ebe2fbfcf7,0,0.05933233565678537,0
9f2d6a42-2db8-4fe4-9ef0-5bdda26d88ea,0,0.06421326181247838,0
9f2e92d7-827c-4ce8-a929-fadfa3e06250,0,0.0519141217340792,0
9f379d7a-8a82-4827-9af9-51244ba23475,0,0.14599527889432684,1
9f3bba9e-e990-4ec7-9bc1-4b43b029633a,0,0.043797233558126696,0
9f445b91-38d0-4f32-8ec8-b0ece20a3cca,0,0.56989289512991,1
9f50fc9d-760b-4142-ab08-cafb7dfa1e65,0,0.04221525468520223,0
9f51bd4a-272c-4569-b1ee-9067d95a7356,0,0.05244964359149048,0
9f5f9475-8486-440f-a83a-b404522c6ee8,0,0.050279809017051084,0
9f74e775-fa7b-4686-9181-ca6372977070,0,0.044853065560544476,0
9f88b264-fc79-421c-ba6c-4df6262100b0,0,0.04658106238304477,0
9f88e026-ba2a-4153-822d-a5f22a883a8b,0,0.04619150737302401,0
9f8fe88e-ebaf-4369-b8f9-7cffc5ed000b,1,0.08560392719176857,0
9f96b713-bf84-4851-bd85-c1d166d8aa93,0,0.047730864169652644,0
9f9de92c-f77c-452c-a0c3-e25723d224b7,0,0.041555799714415496,0
9fa7110c-8fe1-49ca-a8dc-014c03b71cdc,0,0.04907492833037522,0
9faab1f8-f21e-4e7f-869e-270f4187d481,0,0.044479988114528586,0
9fab2505-0e37-41ee-b54a-785944cda073,0,0.04462923315131346,0
9fb30591-be0d-44b2-8ffa-926d0beacafb,0,0.045282796692169225,0
9fb9a201-d147-47e6-a9de-56050965c2e6,0,0.0431927220063655,0
9fc24449-a9bd-49d5-9ae2-2ed9e6d5c493,0,0.042509302191680344,0
9fc424df-a04f-4051-8f18-4c637491d007,0,0.04316791517932561,0
9fc44674-a1a0-4ab4-818c-599e4d160d7c,0,0.047456286774079884,0
9fd029f0-5c00-4637-a304-2cab4e4b80eb,0,0.04898052542277143,0
9fd05906-772f-48c4-a485-e1338f59c13f,0,0.05787180168635995,0
9fd4b56f-5c82-4ea3-b444-6556c1bb1b42,0,0.042189387138824135,0
9fda6cc8-b649-4267-b137-4759f1575128,0,0.045332551498522076,0
9fde3ad8-f3cd-4627-bac8-b3d67730b4f3,0,0.05310199198310204,0
9fe3b2fb-d331-47fa-b9ee-1f83b4735586,1,0.7154330814141241,1
9fed3b4c-a043-43a3-a24a-32f50540edcf,0,0.06396941876256337,0
9feea04f-370d-414f-ad2f-5bd48a920ac2,1,0.553268375900315,1
9ffb653c-2f37-48df-aaa0-5ab87de20663,0,0.0426544449134952,0
9fffe8fa-fe76-4eda-8cfd-a6a34073dd7c,1,0.8371178052783956,1
a00e7736-f6cd-45cb-8c7a-78e71b093616,0,0.045148743425369134,0
a00ebf64-7b49-4746-bfd1-cb4fd83fa203,0,0.05864672268612245,0
a00fa027-7c88-4ecb-a90e-8e079e81d1b8,0,0.04344524770433267,0
a011c049-4595-4e01-bd53-0152c7d9927f,0,0.04943567307265651,0
a0151c6d-4efb-4385-810e-9a55d6752f51,0,0.05329646700526041,0
a01cc30b-0600-4501-b462-4059cc164c88,0,0.053512459684888415,0
a01f5306-6c66-449e-8ee6-f171bcb71d4a,0,0.051818902404491794,0
a02c6c68-e914-41b1-a090-2d4844841104,0,0.045566084737356065,0
a032a1c8-473c-4035-95e2-aa4b4ff90513,0,0.05313860764375896,0
a035314a-e4b6-4426-a375-be7e4ddd4a19,0,0.04843554361888103,0
a03b7fc8-447c-481f-ba04-72a7d6f94f44,0,0.05040067930530221,0
a03bc629-b6a2-43fb-b6cd-f4246b146994,0,0.05269707370756375,0
a03cb251-b8a1-471c-9a4c-070a35242d22,0,0.05366445430613266,0
a03d035b-3275-4db1-8467-b4650f249145,0,0.06236432416501261,0
a03e46e6-9aad-48b3-a90a-6767b1d98348,0,0.04627902348876341,0
a04033b8-eac3-4ed4-8780-8a6eabe491a3,0,0.18136033544104418,1
a042210e-bd02-4300-8bf4-d8f8a0768763,0,0.04878918951095901,0
a04afc8d-ae31-4517-b00e-767b2479073b,0,0.04324469999474073,0
a0638767-1da0-421f-9708-bca9ba025c93,0,0.050173650102955464,0
a0675433-c2a0-4205-9af6-4c5af316aec0,1,0.06702939911304726,0
a0693e2a-aec6-4b2e-a570-709c8bfbfbdd,0,0.047024050839091155,0
a06ac1c4-5bb5-40d0-aa75-8fe3e01d129f,0,0.0542874973987853,0
a06ea679-2769-4ac8-ac2e-89225ed5e34b,1,0.3019867119268048,1
a0771ddc-ee5e-40ab-88f2-f9b08ca0ec1b,0,0.06072983237219331,0
a0774c12-4182-48c4-83b1-26a9f92e8236,0,0.044866626196372786,0
a07783e8-d2b2-4940-9cb5-ac57bda7fa1b,0,0.04595906167941666,0
a079a4eb-9a4d-4a65-88a4-c8abd14ce136,0,0.05034331776738318,0
a07d2705-2d39-4be5-b23c-f53619e5f563,0,0.047652600831400764,0
a08b70bd-b49f-4c0e-b4de-6ff93a2fbf2a,0,0.04439041062270311,0
a08f7821-53ba-4751-98b8-7c318b20a09b,0,0.04525269069769031,0
a0951945-74b3-4ed2-b38c-20ef5039e254,1,0.8291778860765762,1
a0a1cb7a-5783-4e30-b99b-f0398a9980ba,0,0.04803131887348202,0
a0a96a30-e486-42c6-9a46-fb2967f1549f,0,0.05396109118562294,0
a0aa0b18-b51f-4d0f-b630-8abe7da6baf2,0,0.04511554825160321,0
a0af3e8a-5b2f-4ffd-87c2-fa6bd2ecf632,0,0.04307001482697386,0
a0bc3ef6-c5dd-4116-b2c7-22ca064aac0c,1,0.7180036510992337,1
a0cb650c-a9a0-4dea-90e1-6a322e392e85,0,0.04271149565769128,0
a0cbebd4-c5a7-4c8f-bad9-adddc9e5da35,0,0.06572521393916599,0
a0cf0331-44ab-429a-a0d0-f262429c2acc,0,0.04650608330036219,0
a0d19195-7ef0-4543-8a88-9b39351dc451,0,0.06500640413222658,0
a0d79f72-530c-4830-b60f-de925a059cb9,0,0.044460838536962845,0
a0d9b133-a47e-4d3a-86b8-a0d6c175c9ea,0,0.046412760027552076,0
a0e29690-3140-47e9-86b4-515eb7319f16,0,0.04746407510944576,0
a0f2fa31-caea-4d77-b40a-23136c7c81e0,0,0.042406122616835164,0
a0f6a374-0a6f-4136-98fb-47d1f0b1285b,0,0.04728609917821713,0
a1029301-45c9-46b4-89b4-0327a8a8194f,0,0.04463631942574656,0
a1067c14-f2ec-4b4f-8444-0bade6303a49,0,0.04315144046199552,0
a10c6850-92c2-4340-990d-b5b891e9932f,0,0.042070441178973066,0
a1135514-8716-4843-bd1b-42254eb9edef,0,0.05366783390233054,0
a130ef6e-048c-4789-ac90-f5aa967f038a,0,0.0426733206313147,0
a1449bea-18b0-4835-baf0-0bc002a3ff9d,0,0.04396221355983302,0
a147e95a-76aa-4e37-967e-d657a90f419f,0,0.04373732939698465,0
a14ca5d9-b4e0-452a-b095-5887cdd00628,0,0.06325523356047641,0
a1509251-6a6e-4336-8bf6-2758283110da,0,0.06317626836825846,0
a1548ed3-1187-4f52-b547-4da26e76be00,1,0.06032616802203675,0
a157e6ad-950e-4a3c-a983-aad216787b68,0,0.04408588569486066,0
a1586ab8-3f41-4b32-928d-53a2b4fc4946,0,0.050723333687850904,0
a15a1c60-eae3-4952-ba49-c5c90f03f0c0,0,0.056070709734091576,0
a15acaa1-38af-4d07-ac48-36ce4c9e4559,1,0.7971401260782596,1
a160efb1-ac34-4808-bf45-3f8cc49791dc,0,0.043681186420484956,0
a161f429-9b30-4ece-980b-95b7fa46fe4d,0,0.2708004624890722,1
a1676215-dc22-40ec-a137-d9d75961a1cd,0,0.04317186983040629,0
a167c98b-a03b-4b7b-bbf8-648b154de85a,0,0.046980794761981776,0
a16b9950-8dd7-4bbc-aa8a-3438bf7e7665,0,0.043137503104770894,0
a16eb2b7-267b-49d9-8166-bff6b7b35d43,0,0.07741843413982306,0
a172222f-e520-4c95-8484-c43774aa2ce7,0,0.06299246746153302,0
a1723254-dbfe-42dd-a3c8-31bc25b2fe8b,0,0.06292506949476773,0
a179f989-2d1b-4d9d-8336-4f78d42be68e,0,0.04484296779240522,0
a17d5faf-dd06-490f-b33c-19ffd51357bd,0,0.052200426461415615,0
a17d6b37-d49e-4241-98f9-afd6769c0522,1,0.8554702447727863,1
a1891305-4d71-48dc-a2c7-cc6e02568238,0,0.04493425181218547,0
a18d1595-75b8-4517-a299-75f35ca6064a,0,0.04469959563988511,0
a192ee5c-0d3b-4c65-96d4-7fa58927b2b4,0,0.0488178599335373,0
a1a409e0-298d-4a61-8ef2-0bf8f3a0d851,1,0.7964631619661608,1
a1a728b6-1ece-4631-bc1b-5d6a4d74db7e,0,0.044695449347894614,0
a1a9d09c-c51f-41db-a627-418126e22587,0,0.043020103401549985,0
a1af0dbd-2c5e-4f33-b9b7-dfc95392d240,0,0.04290290051844976,0
a1b2b477-2a25-403b-b244-1f4916e6165e,0,0.05730171886819693,0
a1b94fa2-0789-4db7-b469-d0c995c599fc,0,0.06812448977670023,0
a1ba2d90-c129-40d4-bf0d-eba7f3f9e321,1,0.8717492848153272,1
a1ba665f-a6a0-4af7-a0dd-1ee9cf244a43,0,0.05316522096170626,0
a1c6f3d8-d39b-4e0b-a3ae-331f6c79983a,0,0.059294342801543026,0
a1c9fd4a-a2ef-4466-b505-b563a7dca339,0,0.09528103469226669,0
a1cb76c5-a78e-44ff-be35-744aeb9c9c9c,0,0.05332699070716839,0
a1cba04c-1bd6-4b18-bf08-b5bdeb978ecb,0,0.10124969739101346,1
a1cbd479-15c4-4ebe-ac8d-582e0efc12a9,1,0.8243053511231192,1
a1d9ffd9-a03a-430a-be86-12501d154776,0,0.040837231682073996,0
a1db08d0-5821-4410-a560-f0696c962b71,0,0.04139860106975419,0
a1db3a1d-af85-4104-832f-d4d33fcbfde5,0,0.06590405382314413,0
a1eadae2-ef73-4da3-807f-2d5703e1e8ab,0,0.05701261282998516,0
a1ec846a-ba3a-4abe-8bd8-86ccae671322,0,0.05481109501664044,0
a1f7ef31-4905-4291-aacb-22b04922b375,0,0.04630115211451757,0
a1fdc070-beca-4707-ada2-c464b8ef4047,0,0.06535822551630349,0
a211fccb-36b0-414d-b5d8-236b2fb8e6dd,0,0.058829147187568924,0
a21b72ad-b293-44e6-a942-a814533cdf6a,0,0.04845996334330084,0
a22c007f-5b54-47b8-b918-7ba18f9e1ade,0,0.05984751686493106,0
a22cd2fd-d60e-4d49-a877-421678eb7148,0,0.04990190620795812,0
a236b3ce-bc08-463b-97a5-de798f2db79f,0,0.042762203482656816,0
a236d2b0-d14d-40dd-b7d0-da3aee657e48,0,0.046204058776975934,0
a239388d-09f1-4f08-aeff-c4090230bfa5,0,0.0457949886624634,0
a23d2714-299b-440d-8fb8-2eaaa8a8a069,0,0.07167905471922242,0
a242d169-1f6d-4411-a055-4b6f038827af,0,0.04314724482028376,0
a242f312-d2c7-46d9-964e-d6920105629d,0,0.06656115819556858,0
a247e929-998d-453f-b76d-8660bf329d18,0,0.04353529362703397,0
a24e9519-8234-4730-a753-cb203117f624,0,0.04584026694659959,0
a2637f21-2f48-407c-ae9a-c23e468e98f6,0,0.05007780759535713,0
a269d306-4fa8-46f2-8e4d-0b838609a68c,0,0.0470767293621423,0
a26c289e-0777-4ff8-8073-4c35542b0489,0,0.04481880950574963,0
a26d0bd0-6d01-474e-b08e-350ce289cd3a,0,0.35027170526151513,1
a26e548e-9ca7-4967-8eaa-25899e4e9034,0,0.05136435239774347,0
a278b83a-5739-4ee9-9201-c69be8adf624,0,0.05335504931678872,0
a27e01a5-c459-4797-bb1f-757168bb6fbf,0,0.04649345260992394,0
a2884150-ebd8-4f4d-b349-dea91bc422f0,0,0.052973306457833415,0
a28a528d-4a5b-4315-af5f-dce4fe50de75,0,0.042445159372533015,0
a28f3076-4ec3-43e0-b554-1bf7ebec2d42,0,0.04489605368839893,0
a2997834-0172-46c3-93a3-006b7700393f,0,0.0732482785787878,0
a29c2788-449b-41c3-82c6-f87ea45914c5,0,0.042738699725132195,0
a29fbddb-fb6f-4316-8d81-0abc17513cf3,0,0.05907363471626351,0
a2aa02db-331d-4829-a7d0-276b697e3653,0,0.049795713411661356,0
a2b2b7c9-5467-4ec7-a261-897f59b5b4b5,0,0.04702876857932895,0
a2b9bc71-380a-4c74-9a72-24d276bc857b,0,0.04494242457915034,0
a2be91b4-86ef-4ba8-b6da-aedf0d61052c,0,0.045419367700885935,0
a2c046ea-ae3a-4d80-b04d-4c9b2d2e007f,0,0.04387514543430948,0
a2c3383b-4dfb-40dc-9b73-ec72ec08d026,0,0.046397108835651894,0
a2c9af4c-c8b5-4c36-9310-d3eb0e5423cc,1,0.06224369654065745,0
a2d2117e-115b-4382-a68b-7aa574dc33ec,0,0.05431092297045144,0
a2d6281e-d767-48b7-941b-9905e130ed95,0,0.100500850897204,1
a2d711f9-812d-40cf-bb15-761a9fd0e1b2,0,0.05145380872447697,0
a2dd0c05-d4a2-48e3-a673-7ccadd1a488a,0,0.054286348467615014,0
a2ddbd35-7462-4479-aaf8-b45403b18615,0,0.04477781090595112,0
a2e08cd7-b45a-4ba7-8b04-a93d6fb81121,1,0.07180943670049997,0
a2e3c453-6a3b-41ae-8039-810aabd210be,0,0.047895274018337895,0
a2e81878-d29f-47cb-bff9-9323fe29bdfe,0,0.049882510735015144,0
a2eb85ea-5279-405f-88ab-ec079397c9dd,0,0.05373429109501741,0
a2ec276a-9bc8-4a26-816e-18a206793641,0,0.051412214896399994,0
a2f0368a-2268-4c48-858e-de8ccc235f9b,0,0.04651726381226377,0
a2f07c4e-c2f8-4f95-9e46-cec287dedba1,0,0.11583706802985694,1
a2f3fcf6-4cb2-4ed2-a29d-3df3e60a7acb,0,0.04414184260428126,0
a30293ef-9778-4596-91fb-4267e10c5f22,0,0.048356384341954,0
a3055cc8-0ea6-4d7a-b3b0-e4f1d8ec2797,0,0.10653497473692879,1
a30774f5-484a-4f1b-810a-63fbb47e77f9,0,0.07042683135947828,0
a308769a-4abe-43b7-9547-8f5708bcd881,0,0.042780313597444546,0
a30c674f-7c9f-4617-8d0c-55779486405e,0,0.0874033215404322,0
a31d4a23-3589-4513-b95f-7e9267c5fb7e,0,0.04808402646501878,0
a3231b45-b763-40bd-a1e6-b642bde7d9cc,0,0.046504754306761785,0
a326179f-f98f-4cd6-b6a1-4a0ab69bf2e0,0,0.05707262684518822,0
a32ab935-713d-4d6e-892d-300f655dcba5,0,0.04808099626030065,0
a33383cf-a312-464a-a832-3a1e8ce694e4,0,0.05039024404961032,0
a3347e0c-6668-4410-9514-a5f077f2b874,1,0.048546784798348584,0
a3353efc-090e-4c2a-bd1a-fa8b5563bab6,0,0.06376030218596516,0
a33c37e4-b671-4926-a728-59ad3fb69f47,0,0.04336662720469697,0
a3466904-e855-40c5-b3bd-6739e29ea603,1,0.19738927156876077,1
a350dcc9-fac1-462e-bfd5-4c5c6c33c700,0,0.04277355123216368,0
a35631b6-7d7f-415d-a71b-62a44b6331af,0,0.04674067173705383,0
a359bc4e-499a-4afb-b88b-c95700a92b85,0,0.042950945423096056,0
a35bf12b-42a3-4cdd-8c2a-4d879ce6d933,0,0.04917881675130016,0
a3605ed1-c8c3-4773-af97-9c9f513c1b1d,0,0.046678514199867925,0
a37241ef-4434-4295-a0cf-b4f037688e00,0,0.04226170423923229,0
a373f1d7-a1a2-43a9-bb02-0107c3c6f40e,0,0.045499276353440705,0
a3888e30-b661-4a4b-a428-cd7964d196e6,0,0.04555961137402932,0
a38a4226-8826-4653-8eed-b13337146321,0,0.045187034693213196,0
a3a61dcd-c57d-42ca-9025-8dcdde75b812,0,0.047307737686660196,0
a3a8e32d-4aea-4b4b-a0d7-300f0eba6d99,0,0.04632186983643071,0
a3a98e07-cdbd-4686-817e-98bed4030550,0,0.04345162395276945,0
a3b086b7-8f7a-416a-b940-49dc9fac9826,0,0.06212266711525836,0
a3b8d72a-0f94-4ebb-9580-fa67ba638aba,0,0.08734176682852257,0
a3b979d3-c50c-4a31-bb18-febc47a22efd,0,0.043760461769387034,0
a3c3cc84-64a5-4e37-95cb-54fa84ee3e84,0,0.04399984372011639,0
a3c6a5f4-a71c-40b3-a680-e256a35f6cf7,0,0.045494627572096366,0
a3c7348b-9000-4f6a-ab2f-bbd2f05b7385,0,0.04977076082673257,0
a3c85bca-d83f-4864-b26b-3c403da2bfa9,1,0.8493458581068548,1
a3c9309f-1d91-4b77-a1c0-e9ba9c7e81a9,0,0.058338555035645646,0
a3d0bb72-7870-4146-84d0-dc7091928f0b,0,0.05639505381075693,0
a3d715c4-399a-414f-9259-b5c666699ffc,0,0.04512593463606916,0
a3e40aee-8e05-49b0-b79e-da03c05a1d11,0,0.06472973647873782,0
a3e62f46-6e32-494b-b1cb-bcb23b163d46,0,0.043900317608825366,0
a3ee8dcc-d52e-4701-8076-bf1bee500d59,0,0.058536960015259536,0
a3f148eb-0aa7-410d-962e-3cd6733fb018,1,0.6401383097797826,1
a3f42523-9e3b-405e-a8f1-25a904efafaf,0,0.0643962392941252,0
a3f8de29-a698-401e-91cf-9d6138bf8610,1,0.24054137143816248,1
a3fa9145-420c-4c00-9cf4-1c59c4f4d270,1,0.06437993977572706,0
a3faf3db-7a2e-4946-b24d-e585c602b376,0,0.04814680026686539,0
a405ddaa-2501-407c-b7a3-b6b23ad2a013,0,0.05357538177844486,0
a4192bc0-2439-44ec-a79b-d6ae969e999c,0,0.049490291398130666,0
a41dc635-fca6-4655-9cf4-bebcc48e661e,0,0.04601160200879076,0
a41fe98b-b411-4d97-8ab9-12d72c8ac35b,0,0.044600982669930574,0
a4280c5f-6292-f0dd-f0cc-e97797ed063a,0,0.04931113794229416,0
a42db117-3b9a-493f-80ca-ff8a9c5dc2cd,0,0.04878292503654131,0
a42e3091-837b-4e0d-9e70-86e2e2ccabef,0,0.04255579532910496,0
a44228a0-63a3-459e-976a-935452f56b46,0,0.07894411601400195,0
a44578e7-ef84-4f1f-963a-0e7bb0f1e8b2,0,0.045620273838589576,0
a4580e79-4d33-49f1-8ddd-cfbaf532fbc3,0,0.05126690825324701,0
a4670675-82b5-46a7-8ae9-7b5e48e1ab97,0,0.05812347738996232,0
a4706edf-5680-48b5-8abe-be6f5cf7f1c0,0,0.05146508674747328,0
a47853d8-71cf-4ead-a923-c04c34b6c024,0,0.04349375688410477,0
a4796b13-c000-47b8-92e3-2b48300b204e,0,0.0883082192658757,0
a47ace7c-cc09-47b6-a988-66ef95e02c9e,0,0.25487410275612254,1
a4866da1-360b-4ebe-af80-25054c1d2e9b,0,0.04354794770569106,0
a48a3c3d-a0e1-4e96-a1ee-14dbb029ad1f,0,0.0692413746305346,0
a494accf-6823-4e3c-8b9e-1e00569fe8de,0,0.05395115280061336,0
a49af03c-87dc-4549-aa03-292052ea225d,0,0.044049578436414896,0
a4a172a4-bcf7-4e8f-accb-c5a1acae94c7,0,0.043310013639114325,0
a4ae0f8c-2b0f-4e76-ae43-326e951d3dd7,0,0.05844228809158161,0
a4b0dbf1-1369-41f4-814d-04c42faec3c9,0,0.07629838655650065,0
a4b5342c-f604-4553-a281-857d718506a0,0,0.04580506522616116,0
a4b54103-04a1-4099-a9b0-ac33f8557f10,0,0.04167789428421058,0
a4b55fa5-026e-4424-b703-da6ee4963ac1,1,0.3202437382281471,1
a4b67508-e96d-4903-8948-9d6fe4f957b7,0,0.041501690731929976,0
a4bb7729-b204-47a4-95a4-44ef91473e31,0,0.05939487116590061,0
a4d3b340-a5b4-40ae-9240-c6ddf46a5152,0,0.050746390435527776,0
a4de76ca-c059-492e-9b7e-b322e8b3e5d4,0,0.046453554857218644,0
a4e5e2fa-e0a4-4f18-bfad-a995ee2e1ae8,0,0.05466216367073337,0
a4ed8766-7d51-4bb6-9426-48d2322b1fde,0,0.4786263163450357,1
a4f6b75d-14fe-48a4-a00d-aa4a3e56480a,0,0.04336958018849193,0
a4fbc57a-6bbf-4a03-ba4f-c09adae404e7,0,0.04477635730733319,0
a4fee700-58ce-47c6-a549-b1781915f512,0,0.042341555791923696,0
a4ff9b0c-956c-461f-ac70-3277ddac7da0,0,0.04608130578581463,0
a505481a-fe08-449b-9404-249ee91b883b,0,0.043154928898060135,0
a50836b0-de7e-4187-a831-d6ebc005528b,0,0.050874537089036304,0
a5095860-afdd-49dd-87aa-4877c8e95c15,0,0.05250818316910478,0
a5299a29-0141-4b64-ae48-74bde41dc1a7,0,0.045887401587830015,0
a52d6bda-5ed4-4e24-b0be-3a51264d1452,0,0.04472965657387249,0
a52f5199-9523-4314-a32b-922045962f42,0,0.042935480436069005,0
a5389118-88c3-45a9-a862-3a4e3ca53a46,0,0.044940121463041084,0
a538b27d-d211-4ba1-b7a6-7975d51fdaf0,1,0.05991279672215941,0
a53ee7c4-01b4-4fd0-a60b-08a01a57f3f4,0,0.045041246998201265,0
a53f1ee0-01b0-4db0-b7b0-6175a7c94853,0,0.051945683686861456,0
a5439005-d472-4359-8efc-5a6284b9bea3,0,0.044427444493862184,0
a5468aed-4c8e-4656-ad41-2fc6d54698ed,0,0.05631511729909759,0
a54d449c-ceeb-4d52-a914-77c1d4296efa,0,0.042738527837071404,0
a561f062-442b-4343-86b6-5fa622f7187b,0,0.059704325976859846,0
a562d9ad-09f8-400d-b5b4-bd2875c56473,0,0.04875089892046037,0
a567d079-58b0-4676-ac7f-d0635daaa0d6,0,0.044632700936353485,0
a56fb753-ba4a-4688-a4c6-293055d44d9b,0,0.07490831765703439,0
a5717e2e-118b-4e1f-bae2-7e76df0336e7,0,0.049711855877264705,0
a574d1f6-8f72-4fa6-93ce-f75fbf51bc31,0,0.041542156052782754,0
a579b464-4aae-486d-842e-55b09b80a4c4,0,0.04684058467149566,0
a57c1eea-3b29-43ba-bdca-4cf3a12e7905,0,0.06650475377121277,0
a57f2aab-7325-4620-a96d-86da9665a1f2,0,0.05874014377088994,0
a5839d6f-6ca9-4f44-8024-4b1bf6212a50,0,0.052918028153384436,0
a58cc12d-a863-49fe-84bb-933fd5529863,0,0.06681272182469222,0
a5953c50-298e-4542-a132-dff1b0c8e382,0,0.749625738891515,1
a59e013f-063e-4de0-8e07-f7338dec8abb,0,0.05337935290319515,0
a5a49639-040e-438b-808c-43f0e0b61f3f,0,0.0450815435401161,0
a5a58d56-06b6-4b67-927c-4241ead6618c,0,0.048637715164542086,0
a5a92f4f-dd8e-4e0d-b54c-3d8c282fcdd2,0,0.04498713207868836,0
a5b320dc-40ff-4212-8037-d1aa36a32d96,0,0.043962539150364265,0
a5b9bb0d-f9ea-4e7b-9ac8-bc9bc995f226,0,0.04482992196789911,0
a5beb6b0-b6fe-4b3a-b386-26c1513ce5c6,0,0.04397255679905863,0
a5c7ad52-1f67-44dd-a967-dc96f3b88418,0,0.048558889109382906,0
a5d1b441-5f36-434c-94e4-d3bdb78da020,0,0.050945122350536415,0
a5d77a8a-bf6f-cee3-9b6e-afd9f3f04a56,0,0.043887065518155126,0
a5e55755-a6e2-455f-85f5-324e738d6d6c,0,0.07086508925504077,0
a5eba0c3-eb3d-492e-8486-74f448168b51,0,0.04847346006736223,0
a5eeb057-b452-4b2c-96b5-206531d2c19e,0,0.048207637065873665,0
a5f4d1a4-4d03-441b-93f1-0dcd0e84b4c1,1,0.06332187526506412,0
a5f5c2b2-2a41-4cb9-9eb7-06fa24a59f10,0,0.04191246096774115,0
a5f6a895-d6f4-4e80-a402-65952bd1dc11,0,0.047801680364456214,0
a608f286-8b00-4558-8035-cae4092486e3,0,0.0630375865363053,0
a6095b10-d434-4018-b9c0-ef7f61a52fa3,0,0.048320248650156196,0
a60ca975-891b-45b5-8921-7bd0d74607cd,0,0.04572127133182875,0
a60f2ed9-45cb-43da-97b9-008ae0ac7d91,0,0.04754872810170983,0
a6140004-203e-43e7-b894-e09a7b4c7e61,0,0.04372838079197297,0
a6209c89-aafe-43bf-857c-902649c70297,0,0.08490939277172971,0
a6394d15-caba-476e-8da0-05f9d467b015,0,0.2596454239059661,1
a63cd625-4fc6-4cc0-8370-103b3bebc3c5,0,0.12484804145199742,1
a653ed61-904a-4804-bb87-f8e87443350a,0,0.06373858626244906,0
a65b3660-4ed2-4c40-89e3-2f4456834fc5,0,0.05212422353827779,0
a65f92c9-4853-4fa5-9b51-5c164cbcd171,0,0.042546803925410964,0
a6677c50-cd45-4939-96bd-5cb75836507e,0,0.057415903017113246,0
a674d0c1-9b0e-4387-8281-112a5f893a45,0,0.04463752606798131,0
a674dedb-fcde-46d6-ae52-28fd4f4a64e4,0,0.05286235495914657,0
a682bc84-d844-44c8-a1c2-cf9bb3696de7,0,0.043080415918902736,0
a68f7682-bbef-4ab2-b53b-e03a8d47c46a,0,0.05421873468385307,0
a692abdd-df38-4b46-b277-33462309b8aa,0,0.21512113712631245,1
a69e3efa-bf5e-4bad-98ac-1253a228cb08,0,0.04786199687149613,0
a6a85ef7-e9a8-4edc-a472-4e689834cd58,0,0.05330713163866917,0
a6a87556-4169-4a7c-b68e-2e71379f5397,1,0.27053076071676035,1
a6b41834-75dd-4cd5-ace6-cbe1a4fe54df,0,0.04518588672818988,0
a6b8206e-6607-43d3-9d71-38a28ee5c8ab,0,0.04669795461583274,0
a6bd68c4-498d-4250-b89f-0e130585460c,0,0.2659422103038824,1
a6c6a26c-e8ae-458a-af07-336901d0c7c9,0,0.054353607252446534,0
a6c7f269-02d7-418e-93b8-211aa7e9b6dd,0,0.04767550637180652,0
a6dfd9a7-5603-4768-81bb-74b2425e7ad6,0,0.04584819166134579,0
a6e2f524-647a-4aff-8e7f-8bfe4fa40290,1,0.23648776585846404,1
a6eb4f59-3918-429a-b5e3-1e678bc682a1,1,0.8850807565667306,1
a6f66cd9-b1b6-433c-b985-77af8fdda90c,0,0.045135462533954576,0
a6f86102-55d3-4b36-ae7d-0daf64449d38,0,0.6754586262325869,1
a6fe44b9-3585-4e11-b377-ddafb276c83d,0,0.04827319532419861,0
a704ac10-34e9-4a85-bf6d-cdaf8c83fb2b,0,0.041473460603221816,0
a7077991-833d-484c-a081-395620df9c5b,1,0.3569431216020985,1
a7079784-01fb-420d-b46b-f989079f509c,0,0.052728552635097736,0
a70c0dcd-db4c-4b14-b4e2-2e042af46f23,0,0.04627970712458121,0
a7124cb8-f0e0-4abb-b56f-17d5f2d5374b,0,0.04495959028931398,0
a7165d55-be7d-469e-8ec6-f477faf16af3,0,0.043673525380405115,0
a7173031-eea2-4246-a971-2c3ec79a77f6,0,0.05048660666690116,0
a7199207-ae83-4f87-a065-594b371f5da7,0,0.04363546920660912,0
a71d0d78-f1c6-4d30-b36d-a1a212895bdb,0,0.054647133191744815,0
a71fbc23-1eaf-4b18-bd94-52420c84096d,0,0.043819516377310304,0
a725b28a-f550-4120-98c9-89670662e53f,0,0.04208682847470761,0
a72afea7-bcd9-4393-a044-e74a797046b4,0,0.06651916592463317,0
a732af72-8b6a-4901-98e2-f0cfb3ff1267,0,0.048235366089363574,0
a734e492-4e9c-4aa8-b880-d483d39d30c4,0,0.04376522012299439,0
a736ce23-84a7-4487-b5bf-504506783536,0,0.04798921424216543,0
a73a2081-1d71-4f80-b1c6-1a8f6a0b982c,0,0.04997847642949991,0
a7412951-c917-4d0c-bf1c-94c8b5e8344d,0,0.044192615495701054,0
a741ee57-cc02-41bd-a915-5ca1eacfb495,0,0.048248629310080525,0
a749db7b-c9d5-4bc9-8a06-c58f6e512e63,0,0.04586272949563437,0
a750a3d9-1026-4a0d-9c90-ba82128267d8,0,0.04258257527113905,0
a751bbec-73a1-400e-ac57-d9505154e4ed,0,0.057142251199860584,0
a7636e32-2646-4d8b-a91d-4306749f7727,0,0.04650796715232144,0
a77eb555-0eca-4e42-9a2b-e714737e0190,0,0.05251737945952652,0
a77edd61-6ea6-4b5e-88ab-66d1e58e9cea,1,0.08621959290920903,0
a7844c03-2e47-4c44-8920-936fc9758073,0,0.04448830271260714,0
a788fa15-09d1-47f7-9b66-bf30697c300b,1,0.12090757998323111,1
a789e757-d908-4b46-aa56-7c885e86edd7,0,0.048700274844703996,0
a78a63d0-2ed7-4911-b785-43ba2cade1b7,0,0.044494224602495934,0
a78b9846-e73f-4668-9853-62c8a1753d9d,0,0.053460803420803255,0
a791e780-d42f-4c36-90ca-df6a74c8819e,0,0.049670146010782915,0
a7950b33-4e30-4ad3-95f6-178e6247f024,0,0.04288041799193638,0
a79d36c1-8e66-42f3-8e73-cbdd4c49c531,0,0.045626929961598,0
a7b53ebd-3176-4742-b8f5-28c6dc789359,0,0.04416195117810142,0
a7b685b9-3eaa-4393-b3b9-fcd306a77298,0,0.0449224390486042,0
a7be308b-52b6-47f4-9d16-1e1c2582bc56,0,0.049605966546480064,0
a7c05c8b-86b6-4100-aa67-71b64b49c85a,0,0.04436203507005476,0
a7c4874f-3b4a-40f6-908f-fca17ce4423f,0,0.044641252247542576,0
a7c5bf5c-dae1-4f8b-a742-70240b83342c,0,0.043557654631394285,0
a7cc3691-5518-40f8-b503-e1f7e3e8d254,0,0.050297921407874945,0
a7d2e204-6541-4a08-838b-08ce3075d1b5,0,0.045071815675750165,0
a7e23138-ab78-4c91-8106-d71e18c3c098,0,0.04806768604510355,0
a7e52745-07f2-443a-962f-d203a7edf060,0,0.043566324643925826,0
a7e5a95f-0cb5-4e07-ad30-834d49d42e5d,0,0.04653473538049258,0
a7e84e4d-c8d5-46fb-8ced-3ee4d0f2cdda,0,0.05821451731895728,0
a7e8bea8-a7d1-4b3b-84ce-6125e3d00183,0,0.041898194268370645,0
a7e99622-0bf6-4b00-a526-29cd2b166df6,0,0.05353643014033626,0
a7e9e80b-5f7b-4195-849a-3ebf2de10e21,1,0.05464533556708163,0
a7ed297d-fd10-44cc-adbc-08eb970d8063,0,0.042351820808284674,0
a7fb090d-3bcf-4ac0-ad7c-ce35fc28407a,0,0.056732955428106184,0
a7fc10e4-35e5-48ae-8982-abaf457776a8,1,0.10005578162617823,1
a7fde147-6bc0-4db4-8c65-2788e1a602fe,0,0.04696520949563301,0
a7ff97ff-2a0d-4ab8-946b-f4a966a5ec37,0,0.046660339027788635,0
a8020b7d-9783-4e7b-bf1d-b01723919c8b,0,0.06253893166346455,0
a804152e-4109-426b-9442-f5965766a3d3,0,0.044203490981704084,0
a804c39a-4dd2-45d7-8a23-14261cefdc03,0,0.04799100347355969,0
a81bcd36-e90f-44cd-ac76-39422f79f2ec,0,0.048837697807228075,0
a81c6e09-632b-4fc2-92ce-f85eb815ec28,0,0.04166455191481148,0
a8202bd8-84da-4633-892d-433fd2a40d64,0,0.04223670768369245,0
a8280e27-b0b3-4545-8b21-3368c3045f4c,0,0.04178392753619425,0
a831c284-9ca9-4bf7-9feb-1b3a07bb2852,0,0.054075879108736326,0
a8339190-8d99-4504-b467-d05e0629ed21,0,0.04911986717280848,0
a83c7509-ff96-4ead-a5fa-1c550be55082,0,0.049723228621193806,0
a83ce2ee-6ca6-44ae-b778-92b0d149edad,0,0.057069347227045625,0
a84194bf-05c8-4a6c-961e-f12caa80dddc,0,0.050465956042989375,0
a84add89-5189-4a17-84dd-218822c4a6dc,0,0.04802572752755364,0
a84ffa43-ff51-4aa0-ab6f-aeec55e790e9,0,0.048003112956755044,0
a85a7a0d-9af9-455d-8544-8962da16632d,0,0.12924572610052915,1
a85fb801-9992-4472-9f49-38bf61759d3e,0,0.047827804201159854,0
a8634c2e-f39a-4038-a8b4-5e6b6e1f310b,0,0.13314668592844608,1
a864a05c-cc92-407e-9969-caad0bbb029a,0,0.0456534849918395,0
a87ab3e1-a69c-4280-a2d3-5cb898463478,0,0.05412006417782837,0
a8862429-0621-437a-80ad-49ebf91bea53,0,0.043161386843050056,0
a88bb6b6-a20a-4031-8597-8749075042ce,0,0.06154427553225757,0
a88c7105-a858-466e-af05-9cb808d3dc49,0,0.05810893943538741,0
a88edfb4-2cc6-468a-988a-f7fa149ba91d,0,0.13057557282321083,1
a890ab29-1740-46af-9ea0-cb2593dcb120,0,0.05205789021226283,0
a896f11f-8b05-4973-8a44-ed2f2b9dfa62,0,0.04705647824712503,0
a897ef89-e0fb-4cff-a388-71860ee0d57a,1,0.06979271671343691,0
a897fef3-2193-4178-9dc9-eb825ae0d1d9,0,0.05704257628599883,0
a8a2029d-329c-47d0-9757-0bd83996edff,0,0.04914300687700686,0
a8a7e7c0-c3a2-4daa-b0da-2219a6b8970c,0,0.08605301702473266,0
a8adf16a-906f-4b36-9874-615014c94867,0,0.044805684789433836,0
a8b80420-f46e-463f-8716-25a1923ec5c4,0,0.04650995784397018,0
a8b968f6-9366-4226-98d7-56c642d06aa0,0,0.046409628874158323,0
a8bee641-8de5-4c5a-8e96-82bca56f4c78,1,0.10652503610882044,1
a8bfd226-eb3d-4be1-9f99-a2320be26cae,0,0.05000856694665101,0
a8c075ac-2e01-4272-b8fb-63a7a0515c0e,0,0.04875374667020819,0
a8c53d2f-e38e-0ec4-f064-0aa792a12aa9,0,0.04415583478572539,0
a8c984a3-85be-4897-8820-b40635ac3ed3,0,0.05183276997328173,0
a8ce10a0-d488-4df4-ab7d-55e4d0e2aa48,0,0.04627029957251393,0
a8d2414a-5041-4e03-8398-3b92c8fe28c6,0,0.04415746172176312,0
a8d5d869-a80a-4ce7-a3e4-fcc260de34df,0,0.06666975370802147,0
a8d6fcef-430f-408f-a4e2-d203f2236b50,0,0.06253127693122189,0
a8e54239-0c3f-4881-b0fe-ad990f427e16,1,0.7808873910455154,1
a8ea70be-d507-4554-af03-d61c9517d0dc,0,0.04717863802366837,0
a8eac623-81b7-4755-8990-b674faf917e1,0,0.04596311546670352,0
a8f2505c-acff-4f63-8f3d-e1e3fe396ab6,0,0.23442775128707682,1
a8f3bc33-58cb-498c-82de-864387b46710,0,0.32750265909087667,1
a8f87534-de42-4595-b034-656b9c8b65a8,0,0.0458059172947482,0
a8fc0591-6c6b-40db-ab16-d3688db5e4fc,0,0.04590445195115033,0
a8fddf3e-7fe0-4cdb-a1ed-91389365b5a9,1,0.06434736563747262,0
a90de848-8b1f-43f6-9d54-52bf1741c3a8,0,0.04609900119737523,0
a91d14f7-d259-4ca0-a17b-92e36b352133,0,0.04450092361338111,0
a91f1ac3-02d4-48c8-a1c4-d5078a56a9d1,0,0.042381454161980345,0
a920e460-e00d-4453-bfb4-be80663e7fc5,0,0.053395236651771386,0
a9252ec9-14e3-4666-b85a-f6ca4666859e,0,0.05289293963446744,0
a92689a1-dcef-4e5b-86a4-64bab1e2f79e,1,0.10900046133811953,1
a9351a23-a969-443e-b1c7-51d9a0beff3c,0,0.045976696795337585,0
a939d3cd-7d2e-401f-9489-703d0386920d,0,0.04571096429017952,0
a93b6c05-2d8f-43cd-8862-50cac831e502,0,0.042559124982228996,0
a94248be-ec92-4a4c-9eba-23d0c15142c6,0,0.14746109873007798,1
a9503c22-97e3-48bc-bc53-af2eac175288,0,0.045396633451509946,0
a9540fde-c988-4c0f-b317-5c1e7372109b,0,0.05804068027475352,0
a955b3e7-0efe-4850-8e15-26ff0880fac2,0,0.5820963951254304,1
a95d00f1-24ab-4d58-b314-28e07f68a62a,0,0.04832225030567633,0
a9645078-03a0-4349-a6f0-45cb4717538c,1,0.10246175259056052,1
a9697acf-895b-44da-8fd4-ef87e849c292,1,0.5099519585919388,1
a9779d91-0775-43a1-8fb7-0531e54f04f4,0,0.04344233531741627,0
a982bf87-4757-4540-8bc5-b6f63c7e3179,0,0.042820076940485924,0
a9861ee7-1589-4f0e-85a7-0540cb75e4a1,0,0.07468005962366353,0
a987a596-cf6e-41bd-adff-a638aae7ed5d,0,0.051194807778283814,0
a98c5705-81e9-47ed-a7dc-eb8fab3b3f54,0,0.04232018022032376,0
a98ffdff-1bd9-4155-80be-f05a88dec354,0,0.05914312983005717,0
a9923282-9ead-4c8c-a412-181e908313ea,0,0.04107688745727857,0
a992a81c-e1f0-4a5a-a462-d80e57c9f1aa,0,0.062372596761307054,0
a9941d8b-cb21-452e-b20f-ac438c098798,0,0.04184275408034964,0
a999581b-4a2c-4e38-bde8-ee84fdbb1645,0,0.06107631957399218,0
a99c88f1-ceda-4615-9018-1fae5c9650e5,0,0.043972899337459084,0
a9a37639-037e-4ac6-8ad2-5d4e65ee1f05,0,0.051180044109139254,0
a9b72089-b23d-4a17-8ab3-8fa6b226a3fd,0,0.06157330570223557,0
a9d36d00-6067-4ff9-b756-968214bd22ff,0,0.05127253263293806,0
a9d85b28-7f84-4b11-b628-d8d3d430bea7,0,0.04599043375126856,0
a9db2dd7-d6be-4ae9-b00e-3bc2045fe6f4,0,0.05539773521460082,0
a9e9f00e-fa32-49f1-9cf2-c04de8ac8acb,0,0.04417302386914667,0
a9f01c30-b99f-43a3-a140-2bd3eacf2054,0,0.07243362182475298,0
a9f882a6-72a9-4647-b36a-fb3437e935ee,0,0.045635764912267056,0
a9fad66f-cf7b-49e0-b78c-05109e403467,0,0.04863086330930116,0
a9ff2ab0-f32a-45c8-89e6-b97a1248d1bb,0,0.07207217582541207,0
a9ff9885-a17b-4f1a-9926-a8c2cb106757,0,0.04810218953967506,0
aa01487d-d46a-4704-9f1c-29613fbdaf1e,0,0.06251137768864735,0
aa0ba9c6-f496-44d1-84ef-94540b3f20f1,0,0.05872788714746685,0
aa13ab73-6c3f-4032-b11f-79030970938d,0,0.04294904287586757,0
aa1644d3-047b-4bc5-b649-37c64fe41948,0,0.05307970640239146,0
aa2623e8-a034-448e-bccb-a2c7fb5b711d,0,0.04741642554846491,0
aa27233f-6691-4903-af14-f40294235251,0,0.05485391389983657,0
aa2bbd2f-7900-4b2d-82cf-6bc4b248af81,0,0.046541023036707166,0
aa3621f6-edbf-4843-af19-6567f24f1d32,0,0.052522168342642894,0
aa3d3d7f-a1a5-4a8a-9f35-a230b790df1a,0,0.04538591064262141,0
aa41195f-89e7-4b25-a442-218e7e25e39a,0,0.04609053679251296,0
aa479da6-272f-4a1e-a1c2-3ea1265804cd,0,0.06040464186401624,0
aa4ca2d4-90e9-445b-96f0-a241b0bf7d14,0,0.05944960509647071,0
aa503e6e-37a7-4e02-87cb-61288018a0fb,1,0.8311443040280054,1
aa51393b-98fd-4060-a7be-38cd6142dff6,0,0.04198017417960004,0
aa55c90f-594a-4ccd-8cb0-dc5d4fea72ad,0,0.04185746146764855,0
aa5bb758-9a05-479b-b5ab-c8ad953e75fe,0,0.061674651027453724,0
aa675833-df83-42a3-bb20-a34bb62a84a8,0,0.04804761641329357,0
aa69435f-16f9-4755-a514-f564a27e6346,0,0.046673715063407416,0
aa6a9eff-69aa-4483-8892-f291822fb7cb,0,0.04640934470700997,0
aa728eb4-ae9f-4a82-a82b-d754ad38db45,0,0.07196877122691572,0
aa745814-fa13-4e66-91c2-375ee28f581b,1,0.1910523671263552,1
aa7643e0-20fb-4bfc-9463-3a67c14d0f20,0,0.042132961181700186,0
aa765874-99ef-4dc5-991e-6696ad3a923d,0,0.046910982037671564,0
aa7a700c-b22a-4d06-b624-164befd751c0,0,0.0853117768269763,0
aa7d3c04-3a2f-439c-82ed-e5ef6f9b40c8,0,0.04634991111330153,0
aa8cbfda-ba47-4986-817e-c74a1386a8d9,1,0.0612436874921758,0
aa964968-7cc1-4e22-8007-b36adf30f240,0,0.043657040326700536,0
aa9b8474-6a59-4116-be2b-e3f8cfde12cb,0,0.06930568987116689,0
aa9c51aa-2320-401d-9bf9-3ef1acc79ca4,0,0.04612208203833477,0
aa9f4659-ddc7-42e4-96f7-1b5932997e5f,0,0.05159390034601968,0
aaa25184-e854-4265-b15e-684cedfa3f84,0,0.052178353432282644,0
aaa9ce5f-18d8-40c2-b5df-f54355d5d35c,0,0.044585447052450176,0
aaabbb5b-c7dd-41e2-8908-002b4fc311c8,0,0.04780423763690498,0
aab2ff0e-3232-4b40-a20a-044c817c4638,0,0.051256582379519744,0
aab3f456-be48-43ed-85ad-7bfd45811958,0,0.042363080103689034,0
aad0774c-2880-4013-b75e-ffa677a1373a,0,0.06433667384985446,0
aad44ab1-8a06-4137-9d71-ceae1f5c51ee,0,0.05230804261304824,0
aae6de28-e5f9-4b57-a760-a584f56b2833,0,0.04242452089871514,0
aae777c4-ceb0-4a56-b015-a6e75783c7bf,0,0.2714073479572859,1
aaeeadd7-2a2a-437e-91a0-9455695c8cf7,0,0.046307219511065915,0
aaf6af3b-1390-4cf8-9066-1cb3363cae49,0,0.047081291538365454,0
aafeafc3-8871-4f2b-8272-19cbf1b448ee,0,0.042981028196913885,0
ab042645-f08a-484b-b5df-050a69920e01,0,0.04380942700428543,0
ab0fe1d9-6173-49d3-ab4e-b786bc3c1d8f,0,0.04808068771508997,0
ab1c76e1-94e1-47a2-9084-04e8be98e747,0,0.045649128708110276,0
ab1d3f58-24cf-4053-99d1-8bada3a4c5c5,0,0.052923854013878044,0
ab1d9332-9902-4ac7-ae07-6dfec4f06f2f,0,0.045934983078677556,0
ab228e0c-452f-4b44-9331-128288b9daf6,0,0.04671795912391968,0
ab3971ff-d94d-48df-8eb0-0de24586aa29,1,0.2549915195466223,1
ab42d104-313e-492c-9983-36838dc5db57,1,0.8760542363123311,1
ab512877-f260-4872-aa9a-4015f0356e28,0,0.08330432770924241,0
ab584a9e-b1b3-401c-b350-ff2e7f542570,0,0.060079279314649285,0
ab683b5e-6e76-4785-af1d-e3043f47e994,0,0.05275854538582355,0
ab6fcb86-a56f-450b-97a6-601027bc8f77,0,0.050264330297154006,0
ab73b3e9-f8ad-4fc2-8581-5c18a3eee0c4,0,0.052417328762175835,0
ab7414d8-accd-41e7-b4fb-6b1d405e099b,0,0.043044027456177684,0
ab74dcb5-42c8-4fc2-b074-bad7a2f22977,0,0.05268627472418125,0
ab765789-f012-4027-bb98-1e853b4b776f,0,0.04826234760911897,0
ab77b0a3-bc37-4b3f-9afd-449b2912fd71,0,0.06405561552992513,0
ab78bb23-10bf-45ed-b4e7-89425d13f26c,0,0.04822184425798674,0
ab7c3653-4825-4e42-a234-91922a205cdb,0,0.044224325099609,0
ab7d5ad2-b4a4-4917-8984-1073ddc608b0,0,0.05490203999495764,0
ab817647-dc63-4fde-82f1-2b04dc459c43,0,0.042311162356918404,0
ab8a856e-e788-47f1-82a4-fd108a279bd9,0,0.041172525282532374,0
abbd2155-d05f-444f-a7ec-0ef7665e4d4e,0,0.0548656261052683,0
abc36578-eff3-4885-8417-97aabacdfa97,0,0.04151368598162322,0
abc615ef-21b2-4aef-9070-95b7b784d527,0,0.050909825018715556,0
abc9b15c-d872-44ae-bb23-cbd6736aa3e1,0,0.04577206983959768,0
abcff3b9-a466-405d-958d-1d34467432f5,0,0.05500807985799084,0
abd01742-f304-4d7a-b0ff-f8430e8c3485,0,0.04718288458001439,0
abdd9d2c-2b73-487f-a3e6-3f73838891a3,0,0.04699336388503811,0
abdf018f-400b-4fa3-9e7b-c693f6647ca4,0,0.06470292537413781,0
abe2533f-5a09-4154-aecf-4698b51bb67e,0,0.0475182914349412,0
abf27709-b788-4f95-b4a6-656ff1da388a,0,0.041610782612607075,0
abf94d86-352b-4520-bd84-4796b308f845,0,0.04413871078508293,0
abfb1049-d281-49a3-8395-51459ffdba9d,0,0.04968273025833852,0
ac0b7e80-2a91-43b0-ae2f-584258041c7f,0,0.04470730909941231,0
ac0d0ec1-a246-4d24-b94a-d6a154357180,0,0.045834640366410946,0
ac0f8262-dc2f-43c6-b012-07118fb0c88d,0,0.0422227387838964,0
ac108ce7-d610-454c-b9df-e31fc54c5982,0,0.06373800125277738,0
ac11aa55-a7be-414f-80fb-ca6d89d065e7,0,0.051668255138337345,0
ac170c05-b366-4f05-ab1d-bc76c4bca28c,1,0.05459770428164125,0
ac198624-5f73-4c93-9ffc-e0de7da43a3b,0,0.04599040254624415,0
ac1a2101-63f6-49fe-8106-d03da53bc908,0,0.05355669390274371,0
ac24e310-7482-4a3a-855f-0e5c692ad658,0,0.044106538018354215,0
ac340966-1169-4f14-91c4-7ba52392551b,0,0.052311391114329434,0
ac364443-39c8-46e0-bc5c-ca97018f9aee,0,0.05158052770785095,0
ac3fe0bb-fdab-4cc9-aa32-ec0db2c8f46f,0,0.04635082980834268,0
ac415e12-faaf-437c-97d9-4dfe6c58481b,1,0.6048479120673443,1
ac41df1c-2793-47ee-80d1-d4979ae373ea,0,0.04986039315274995,0
ac4b3a99-c849-41a1-962f-a155afce3fa9,0,0.04792021583980436,0
ac557e75-139b-45bb-a9fb-f2d44f963b82,0,0.0635076565077536,0
ac5eb8f0-4ff4-4b78-b5ea-3163ace7c1d7,0,0.048394854654538896,0
ac6c7918-ee73-4d0d-adaf-a143f924cd07,0,0.045148427946940475,0
ac6e9726-33c5-46e5-ae8d-844da72f3aa6,0,0.050432691235108136,0
ac88dedc-5b35-44fc-abec-5833fb8e6626,0,0.049807479084488446,0
ac89c67d-a78b-40f5-8450-07b03ed8377e,0,0.04306210339907861,0
ac8d51c6-b90d-4ae5-b6b6-057cb30c4787,0,0.06421575361715966,0
ac919fb5-d4fc-43e7-bb04-10d62e321e14,0,0.0456893734590956,0
ac93d50a-3d0e-4d00-84ba-b7c5d0456137,0,0.04617230315852351,0
acb527dd-ff01-463a-93e2-d94df53ce683,0,0.5592355930252642,1
acbbfeda-e26c-488f-9792-d9ac8f89af48,0,0.04157546213630505,0
acbd473d-13c1-431c-894f-faefd02b7c83,0,0.05254240145422756,0
acc7c338-3c61-47f1-9ff3-5d687f5a5118,0,0.05091120421414771,0
accd639b-7800-4821-a3ac-66d9b00c89e6,0,0.059885449783539345,0
acd4551c-cdca-4643-b663-8476a24b4ae4,0,0.044889413663804806,0
acdd2b26-603f-4d50-abfb-36383795eed0,0,0.0555022916521441,0
acde9950-a94a-4dcf-a012-f8f94d02b0be,0,0.04687752225408088,0
ace36d2f-67fc-4719-acd8-946b7b639de4,0,0.045084078107533225,0
aced04b0-d626-4f39-83f0-d68afcf598c6,0,0.04289827729033097,0
aceedc77-6566-4eb8-8256-1c009f993e81,0,0.04434540584558119,0
acf2aa2c-36e9-497a-85e0-ff957bcd355d,0,0.04474779535660898,0
acf2dd4d-013d-4186-8565-3742a7ed83b3,0,0.28060038762075945,1
acf52b8d-f106-4fe3-87ca-760a5a8dfc72,0,0.053982554975369246,0
acf77b93-7522-45db-a7de-e11825c8f0cf,1,0.07064114245818547,0
acfa0dcc-85b8-4a45-8468-7aabda1e3caf,0,0.053929578775560524,0
acfe484b-fe08-4351-9697-11d358cb9de4,0,0.05329268610074511,0
ad050fd5-d957-486d-b73d-ccb34079253b,0,0.23679580777068515,1
ad152f62-985e-48b3-bd80-f1237fd7c935,0,0.04986667701333677,0
ad17d04d-dc2c-42d8-8269-db949f37d453,1,0.2826842648155724,1
ad277e95-0544-4523-a7af-bd024c38e2dc,0,0.05139187873828063,0
ad2b5b72-ea16-41f6-b43c-ee5fcd6b81af,0,0.04233114106268998,0
ad48677a-4bc3-4e36-8e54-0aa51c2bb398,0,0.17651020590190103,1
ad4beff7-d2e4-4218-a670-b5c72126eb7f,0,0.06419853292089073,0
ad583d1f-ac8d-4d99-968f-41ab044a3d4a,0,0.04610405991565982,0
ad58d03f-5c7e-4b35-9898-adf6660c8393,0,0.044737828527482044,0
ad5f92f0-4791-4073-8c35-460333094d0b,0,0.05064561793071087,0
ad6254e9-6657-4544-af95-c4f58e74b6f3,0,0.04618761708630323,0
ad66b07b-a98e-4e4c-9538-32a610efd06f,0,0.0416731460910194,0
ad72ea9c-8c7f-4994-9853-67ea75957b8a,0,0.04558165967456587,0
ad80d11e-a515-407e-8a63-e0f5e8587f64,0,0.045161853471566676,0
ad82f1d3-50f4-4ec9-b8d7-4e850d8c72ab,0,0.045313236152595374,0
ad8342af-c946-4215-8231-215bbf67468c,0,0.045125256754998094,0
ad8563a7-2943-4817-afa4-cc566b5263b4,0,0.04423875707994493,0
ad884b28-6355-49e4-b39f-fe250a37cd04,0,0.20968938031953385,1
ad902cc4-7c4c-4bd2-be59-044dc3097d35,0,0.04425014612743641,0
ad9262f4-973e-4de8-9733-76fce212c1d5,0,0.041328179927167905,0
ad94ef49-1cf3-4a91-8310-8166f3e8ead0,0,0.04745320379940942,0
ad9a2622-2551-42f2-a09b-db4fbf691e2b,0,0.0457476124959416,0
ad9d30d9-2f4b-4d43-b474-5456c337467d,0,0.044983783164588204,0
adb0f829-a97c-4a83-866a-42e65ec5efe7,1,0.7794643636523285,1
adb10328-1b35-491d-88f3-ed69c17954c1,0,0.108783362127452,1
adb4d314-503f-459c-aeb4-f8ff00014a3b,0,0.05872283302899787,0
adb83390-1d73-4998-8126-0fd1a21cc1e0,0,0.04583360492120106,0
adbaf193-3aa4-4790-ab4e-f7ce7be042e4,0,0.04562753928167438,0
adbc41d3-7f84-456c-8258-442b7dcac47b,0,0.04366567637604572,0
adbd3d14-7f64-41d3-82cf-28e5025faac2,0,0.05490071949266071,0
adbda0f5-0a40-4641-b00a-d10a7a3c9d80,0,0.047012965362876497,0
adbda424-f019-45ed-800d-f0936a8b0414,0,0.05973582026336876,0
adc12010-ba70-474c-9cd6-850e960518a7,0,0.10790008186012674,1
adc2ffc0-f761-459c-875c-b1a2cc823f88,0,0.05004224094857405,0
add136c6-5379-4360-85ca-4efc141b138a,0,0.04489808285435017,0
add2564a-09fb-4982-9a01-58008ab902f0,1,0.12287765271901378,1
add638df-f214-4b79-86e0-b7a1366d950e,0,0.04389358215662204,0
add7ec34-f828-47d4-877f-6673c13511eb,0,0.049292386029329345,0
adddd119-9a98-40d5-96a2-6b7f7bb2e9f4,0,0.04737373119748876,0
ade9a8e0-88b0-4f87-91f3-970c31954f0c,0,0.04117147505000112,0
adf1e70b-02d2-4e38-8397-88a159378891,0,0.17886889912181247,1
adfbd6e6-b513-4ed8-8376-35e1fbbf1956,0,0.046367817560225726,0
ae05b2cf-c6a8-4bdf-a16d-378c8b1fa37b,0,0.04381250056991129,0
ae0e7611-8a89-4925-8e7f-935d64a2a886,0,0.051735205374533945,0
ae1c9813-231b-43a2-9acf-0335c2b66025,0,0.06356586257984347,0
ae24ab8f-fa69-4d36-9e05-70ada00f3192,0,0.04599161345052077,0
ae25c4cc-45d2-49b8-9f73-44666013696c,0,0.04209278649247713,0
ae27d7f1-7b39-4593-88d0-986c8c8db186,0,0.04575173150336222,0
ae27dfa0-a7ec-4ecf-ab0a-71584872436e,0,0.05466489034608957,0
ae3be7ff-9437-436f-9fdc-36af7c6fa230,0,0.04589513678539781,0
ae3d3c88-f501-4317-8a1a-f044a5a1a9a9,0,0.060780784445461644,0
ae41b6d3-3ab7-477d-9633-faca0cb55817,0,0.042681530287604436,0
ae484ba5-f846-450b-83a5-2da5c50feb1e,0,0.04509175921880732,0
ae51e88a-c963-42a4-bdd4-a4de98ab1e94,0,0.04124197917072966,0
ae5217f7-3c00-482f-899c-bf266b2ba4e0,0,0.0439049038112662,0
ae5b2422-e146-47a9-a019-89a42897bcf7,0,0.0438511766079003,0
ae5c16de-543b-4b17-8b47-4d0bbae23499,0,0.0541450458180484,0
ae7365d4-13bd-48ea-b6da-8e1511615d36,0,0.045862300693029615,0
ae7f386e-3de2-4e72-8eba-50b200cb9c70,0,0.04179458833326582,0
ae7fd94b-a88a-487a-86e8-6f10ce38ad16,0,0.04650215196873726,0
ae8301ce-ba9b-43c0-8a1f-c19657ea31fa,0,0.04746323320325843,0
ae8923d1-260b-49e8-a332-12599d72daab,0,0.045656495245478074,0
ae97ae4a-7b9e-4a14-9778-645781422d5b,1,0.12506568882614413,1
ae98e4f1-ca16-4024-ac1b-ec584911eac5,0,0.043854876196537856,0
aead4d0d-4e2d-47e1-81e3-18886a8c215c,0,0.052296317358772326,0
aeb1b1f7-1d96-4945-bdca-db5f8996975f,1,0.7842815872704324,1
aeb6f920-1fa7-4cb5-84b0-6e6c95c17b82,0,0.06886451632906104,0
aebbface-c9ba-4a83-b57e-894f5aa1bb3b,0,0.04418311310140889,0
aebd1eef-e372-49d5-922c-0e8ecd705d1b,0,0.0648945084801763,0
aec1b0cb-5326-4d86-8d3c-9c460bf15004,0,0.04711873306098765,0
aec35e16-2f8d-49c1-b075-5ed480e6a50d,0,0.04132303430707797,0
aec6b32b-655f-4b2c-b3a8-b481028596d1,0,0.04582918458349338,0
aec95bca-6f15-47fa-87aa-9ff3df694d00,0,0.04666829240097088,0
aecac123-1da1-445b-8a6c-e2469de81063,0,0.09781864517223463,0
aece1306-b377-4e4e-b214-cb54f716b4d3,0,0.04405290695512295,0
aecf0d56-8784-4a93-9b3f-904374f42e08,0,0.045423517265320935,0
aed210b2-fa28-4a4d-8c1f-3f73301d5480,0,0.04232871620751152,0
aedcd43d-05f0-449e-9a8d-c23b4a344014,0,0.04214769222172466,0
aeeb35b0-3fe7-49e4-8330-cd721b0b00bc,0,0.05050726512264038,0
aeef9924-abf2-43c8-b24b-11d26029f3e8,0,0.054065694746513,0
aeefcebe-830c-4b9e-a708-428bf7fb8fe8,0,0.0573851695133327,0
aef7ab4d-3c7c-4fc2-bd96-2b2c780b425f,0,0.04954914861788106,0
aef8cab2-2edb-476b-a96d-b79349cc448f,0,0.04462183579576276,0
aefa760c-626c-47d6-97cb-27df30c461a9,0,0.04360343436668178,0
af063db3-858a-407e-a947-9524820b10b3,0,0.04204855955075083,0
af08a6bd-e886-4b58-94f9-0e3cd322d669,0,0.044751473797354065,0
af08a6d9-a515-4094-b29a-ada46688eba5,0,0.4970498253614024,1
af16ce92-af11-4c8e-945c-ce2801020cb4,0,0.1710263233397981,1
af1b7bd0-6d5f-47c5-a7a1-58ba424d4c4b,0,0.04354260745188636,0
af27fc21-4c08-4b44-a9b0-8a6c355de375,1,0.06787933770333582,0
af2cb28f-2d25-4606-aa88-d90f2668686b,0,0.042641637039743614,0
af2f9cec-36c3-46cf-9345-7d226843a6f9,0,0.05382412814260155,0
af316192-acc6-43da-a3bc-0a8e51fc0652,0,0.04376578093229432,0
af330f91-4458-4dbe-9d22-b3bb7cc5359f,1,0.44729183838156733,1
af363dc8-c771-4625-b917-9d1fc6e7b19a,0,0.0500526605190878,0
af39c778-3b2c-465d-a4a6-517cc6632c9e,0,0.04481287190751755,0
af5bda39-9f4a-4d2e-8744-cab9de5cd309,0,0.04317510617575622,0
af62e367-dd87-430b-8031-d6e8dfdfa49b,0,0.046914541867183544,0
af635016-1f2d-4b33-830a-09743991c812,1,0.1207175476392442,1
af728415-4fe9-417d-92a3-76642307184d,0,0.04569430901156586,0
af741c6b-c525-499f-b016-851a770c8a95,0,0.051541241450436995,0
af7b003a-0188-40ec-9f3a-4dc6805361ea,0,0.16923601761710236,1
af7c10dc-6e8d-4bac-8109-ba1fae2d2edc,0,0.04252001114143806,0
af7ed87b-e918-4b31-bd24-475be2c19a3a,0,0.05823515692453607,0
af81262d-92bf-41ed-a3c1-7c6284a08ffe,1,0.0615584118914999,0
af81b353-97b0-40ea-85a4-062174ccaa37,0,0.15936944779032364,1
af9411d5-7802-403a-9415-b5119cde2d71,0,0.044976123262156276,0
af9936cd-4f91-48d4-b124-39b632c991fe,0,0.04749536323469803,0
af9b6823-6d10-4c99-8eae-8548b6d5d362,0,0.04774401525564948,0
af9f06b1-7cf7-4eed-978f-5350d7d0d0c7,1,0.8395442108983125,1
afa0e8ef-40b1-4335-ab02-8e9b173120ee,0,0.04572573233560029,0
afa5e14f-078a-470a-85fe-42d49bc3438a,0,0.27413034319876933,1
afaad8c3-d3ce-4f5a-8f35-c5fae11bbc34,0,0.05104560766038323,0
afaea7f3-cddc-4a9a-975e-b93b54d40502,0,0.05391266824257499,0
afb241db-e0bd-4561-b053-e366ab6d3217,0,0.04707312270612424,0
afc679f6-31f6-49f2-a176-750994e49750,0,0.04292953001549563,0
afcae7ee-72a9-477e-a989-ce4da01bc595,0,0.0458001224860685,0
afda88fd-8ebb-482b-99a7-a170823bbc3d,0,0.04665121937839364,0
afdcd350-95ed-436f-a1a2-ae92e7faedc6,0,0.08467318275569133,0
afe059e8-37d0-4e31-b323-c8a48f0d8d87,0,0.04179439116418683,0
afe1f7f3-2b29-414a-98e9-3a760ba209c8,0,0.05388008259271376,0
afe340a7-395d-421f-8485-bfdcffed0851,0,0.055020471464348256,0
afe57f96-b8b7-4620-bb23-a44c9832be89,0,0.04557405929409121,0
afe5b21c-03fb-45c6-a602-d34d37d95148,0,0.05864910818236835,0
afe8b7ba-9bb7-4773-9468-46f6798b6e52,1,0.1763995322132907,1
afe8baae-78e1-4f49-bdea-781456e9b284,0,0.052674543490557085,0
afea3352-aff7-416a-935e-b74c29ceafa4,1,0.21697681555227985,1
afed4c5e-0b73-4d42-a991-c1bd651e000c,0,0.0512142490719078,0
afeda122-4843-49c7-bb49-420f05862bf4,0,0.04784001288411323,0
afee7422-adfa-47ee-aebb-350a8004a0ad,0,0.044003389784283094,0
aff1056c-b479-4c9c-8661-897197ce53b6,0,0.04974926062881399,0
aff15e42-84fe-4c2a-a448-b63d282dbf8f,0,0.04365276936142038,0
b001f15f-dba0-4507-8c87-ba5d31556b5e,0,0.05861769178821185,0
b0084768-a329-42c1-8251-c0e2b8b5ee81,0,0.045519814528984945,0
b00d5350-79f6-4eb6-8d31-1ff72bd53f94,0,0.083992178165918,0
b0125d09-44b3-492b-83d7-8814474a26d3,0,0.05987603547623636,0
b017041c-9c0d-4e79-abef-6ee50e65a038,0,0.04394860330160638,0
b01733e3-ce25-42a9-b53a-e4c8701dd406,0,0.06764702674916122,0
b0237d29-9683-4191-9dd2-e21afe20be8d,0,0.04447777653834463,0
b023fc2c-e4bf-4bd0-8157-61246defc2d6,0,0.04990431030213751,0
b0248270-e3aa-4b96-ba8b-9ab9cdf7defc,0,0.06358746530872403,0
b0297b4b-adc8-408d-8c21-4522b0e300de,1,0.05044621840162375,0
b02b7fdb-4c0e-4857-a198-22cd29b0392b,0,0.0433120471754746,0
b031dee5-3277-47ea-9e3f-d5f22635e85f,0,0.04775984833215053,0
b03f16b1-0895-424b-809f-8fade877c3c3,0,0.044222540729989816,0
b043c996-f298-4196-b9d5-00b4bf31dc76,0,0.05107690229806167,0
b04498fb-a44f-4778-bda6-baa60d1baedb,0,0.04428992590331368,0
b04a6ce6-1f84-409b-9839-cb3b26239ed4,0,0.04542733060243001,0
b05652d8-cf8c-472c-9699-ae7576c809e8,0,0.0533974324887148,0
b0585f76-f839-4b01-bd59-1f2ad70edcbd,0,0.04759495153096312,0
b05baaf3-ef22-48bd-a8d6-b2b41b10d5ae,0,0.05095991984216603,0
b064545e-1b6f-42f8-8095-5a8713514b05,0,0.04357003413050089,0
b06a25e5-66a4-44ea-9c31-ea2b44b89eee,0,0.04615271707038707,0
b06c15c4-ed60-4ac3-9e82-e12155809246,0,0.05321037393915925,0
b06cefb0-ed68-4aec-bd97-15ee2e91551b,1,0.08656425254753371,0
b06fb0a7-12ab-42b2-afe4-d2a0d0032d73,0,0.31069879608965856,1
b07d1ebb-fc50-4051-a6af-9df128668fbd,0,0.042082513055454324,0
b08cb14a-ff29-4e76-aa33-c5047ec0c2f4,0,0.05361254115368443,0
b0906105-fd1e-4079-b606-f26e14beb7b2,0,0.0448463508932101,0
b0997b1c-2c62-476f-b199-28c6b3f85d81,0,0.052362909307353184,0
b0a32a6c-a500-46d1-8f6a-b1ec6989d1c3,0,0.04985001836791571,0
b0a5c524-da0f-416e-968a-a01dbc3aef80,1,0.31914000983494795,1
b0a5f2fb-87b9-409e-a122-bfbdb4d5451d,0,0.041896773673314625,0
b0aadcc4-ac89-4b19-9853-d88d1c19f2f1,0,0.07262128450378857,0
b0b481d2-838c-46ee-8803-6a0df8a9ba74,0,0.06023233299688037,0
b0b987e5-6dbc-460a-808f-c1433859a370,0,0.07593606022910322,0
b0d3c33b-4ee0-4401-a0af-e62b36703607,0,0.05566400821069281,0
b0d84708-cdbc-4037-8a33-b66901ac3f47,1,0.7684558290065931,1
b0d9e008-8a93-4194-b151-ea9d0b85f4e7,0,0.05039231898655414,0
b0e32f23-d30c-4759-8418-4fda4c1c169f,0,0.05362245708534239,0
b0ea3492-e06f-4970-a87d-bee459a97fa5,0,0.054713409166398684,0
b10c6ddc-770f-494c-98bc-43c5ab4b40bd,0,0.04816420152326577,0
b11590b6-aeb3-414e-9b73-76343b63b24a,0,0.04924838612159987,0
b1185e33-79ce-4fcb-b85a-d06aeb87beee,0,0.04813142566965644,0
b125f16f-b2ae-4eab-9db2-4905c9cb4097,0,0.049090171050138375,0
b12f5b89-b9ae-40c3-ae3a-081d7c71ae0c,0,0.2943547142208897,1
b135b0b2-0d61-4ba5-a626-d0f93d3dcab5,0,0.047038242973390224,0
b135f466-f26e-4f64-af12-5a1789c09c69,0,0.0500838388652559,0
b1404e42-94e4-4efc-af7e-0edb74347a7b,0,0.06064994263711216,0
b1411e17-3e9f-4197-b4ae-07b17e069ddd,0,0.0440318199618587,0
b143466b-4ea6-4514-a72b-d061904b7f97,0,0.08689852329429645,0
b143660b-9389-4c8d-b2c3-a492b2e3bdc3,0,0.04654489435295802,0
b146fd30-33f4-4bcc-a4b4-009019218c9b,0,0.05214188074488714,0
b155cf4d-2e4c-4bef-ba8d-c72cfd438c1f,0,0.11127813619881505,1
b16a6b8e-f7a6-447f-8684-9071ccea5a80,0,0.05192144616223166,0
b16f0bf4-d0d1-4140-b6d6-41ac986d1c23,0,0.04274616062176717,0
b17445d7-972f-41b4-aad2-92993c5baba7,0,0.04488070740189852,0
b17f2156-ac48-4647-9253-1db8c663951d,1,0.08293788180543263,0
b184b5f3-cb24-430b-bce5-999ebfe3f30d,0,0.07159530476199553,0
b187f9a1-094e-4743-b126-34178058acb1,0,0.04263283206139832,0
b1961d41-fd37-421d-b13c-5e5c64d8fa85,0,0.0451622950888252,0
b1ad914c-7343-46a9-ae14-5a64e47f539a,0,0.04867789684463802,0
b1aea95b-cfad-40c9-9d8e-d41ba78bb3af,0,0.130950856589881,1
b1af2eb0-c476-4018-a49c-2943b79bfa97,0,0.04521705538520397,0
b1bb74da-83f2-4517-8de9-f43e8ba6ddc7,0,0.06414881140320748,0
b1c2cafd-aa15-472b-b05a-4675c398797a,0,0.04223360918424173,0
b1c430b2-377f-48de-8634-9194e0446596,0,0.050936757076951826,0
b1c8b746-7c4e-486a-b42b-0b3110b3e78b,0,0.04501812991498684,0
b1ca6415-7564-4e4d-9beb-19e8523f97e0,0,0.04154179384116297,0
b1ccb114-0aab-43f7-8c7a-33b25fba3c6d,0,0.041009122317026185,0
b1d2f501-d7d5-4e43-997c-ff2b3440f727,0,0.04524859583221376,0
b1d441f6-ae2c-4403-878d-30dca137feb4,0,0.049231562424434744,0
b1d88e16-d0b8-4912-a956-1289c275b98f,0,0.05568208980366334,0
b1e1f2d3-d97e-4674-a790-497c0c9c5d73,0,0.1385416387986573,1
b1e427a9-f5da-4d98-8568-40bfaef63357,0,0.051271488912371155,0
b1f343cc-0168-4d38-8896-4104a7c23f4a,0,0.047449918035562595,0
b1f74179-7ef2-4525-a1ef-1d133293e32c,0,0.050751215538976345,0
b1fc6baa-03d9-48c9-8e6f-9e6d010d7f7a,0,0.7352048951678574,1
b200330b-ae66-4128-89f1-e452ae3e3845,0,0.04291998215710342,0
b201fc03-bed9-4418-a8b2-a0f593889805,0,0.049426422090229225,0
b20511b4-be54-4d6a-97c2-39d6333ea7d8,0,0.04336782117276643,0
b2057d41-9534-4e97-bc12-df7d7fe856b5,0,0.11320838754847884,1
b2076ca6-f8bb-44a8-bd55-4ee5415a5844,0,0.053755205573007746,0
b20961ba-2129-4f04-a060-8e5db790b170,0,0.05276286382533914,0
b20af32a-2829-445a-a390-2dcc43b3d138,0,0.046567035762306336,0
b20d7612-60e3-41c6-9f46-b6addfe56473,0,0.0487708110354365,0
b2168c94-23c0-4588-9bfa-5eb7d1aebcb9,1,0.09331341581145264,0
b23c7c48-058a-4ee3-960c-cb26f553c063,0,0.049270903862972046,0
b24174d7-9080-4b5d-8b37-176d4be6b2ab,0,0.05113145534368782,0
b24604c3-6c3c-4cf7-8a02-f1b2fc612e10,0,0.042618908406824474,0
b2473177-a3ba-486e-9839-411a661d6a72,0,0.04142603076034586,0
b24f2ef7-e62c-429e-a7c4-be808758fdfe,0,0.04411550252944116,0
b2527f58-62c7-4c34-a038-37697f65655f,0,0.04522085563363078,0
b252e788-ba51-488d-8580-b7ae8653f62b,0,0.06120907901424199,0
b25dd047-7fec-489d-8b6b-a165cf1c7490,0,0.043901177075651866,0
b25ec325-110c-4a66-81f0-540a1da4fdbd,1,0.194459569442613,1
b260ea56-b428-43cc-83c6-ae0b772ca584,0,0.049896459234233324,0
b26c512e-dc33-428c-a3c7-de95774c8ab2,1,0.08607423579225996,0
b26dfbf8-351d-4e8e-bc93-5c14e197e3de,0,0.04739513172381703,0
b27146c3-8b14-4945-9fb0-b20904b5cc07,1,0.3530984159158764,1
b2743256-f2bc-4e8d-bf0d-85796ebbe3d4,0,0.04188605069383804,0
b27729cb-dbdc-4481-a025-21d4071dff17,1,0.08587088012791143,0
b27ea344-f28e-421e-b2d1-a43db7df35b5,0,0.064012067885231,0
b2819f7a-d4de-4878-9325-4c9d91ffbca8,0,0.05513304700838242,0
b2833d35-6cc6-4bc8-8ada-b2616bfa1bdf,1,0.6154970082096723,1
b28596d1-21c0-4b02-90e9-37fe73cb9f14,0,0.042950802815932713,0
b286bb8d-6670-4ff8-a127-e36b19c3f311,0,0.057313338511089794,0
b289306a-261e-456a-bcc3-8dbbaff15f84,0,0.051765215225205524,0
b28a97df-b0ae-4a7f-9f1e-23e446f4de93,0,0.047180235278832,0
b2a14748-5898-498a-b16e-30564aec924b,0,0.04654708064259679,0
b2bba363-6863-4c38-946e-dbeca12ad5da,0,0.04335792608086816,0
b2bfb656-aa5c-4ff2-8b3d-b20ffc76fc9d,0,0.043299029260768604,0
b2c39bbd-d7a7-746e-94ca-a284ceeb7d39,0,0.04424283374736532,0
b2c4a035-f8ee-4414-8f78-2022182e60ff,0,0.04699706848803391,0
b2cc20f1-c593-421c-8fa9-a0e8a1a1cb45,0,0.0665913507268734,0
b2d3e0c9-f0ae-4212-8184-008bb7ccf412,1,0.07580582177528261,0
b2d7181a-da3b-4694-825c-a63df1398d03,0,0.04448570439855892,0
b2db57d2-9804-41d5-baf6-38019a71e6fb,1,0.6994392636868464,1
b2e0c3e8-4158-4e40-b907-236be7fb9bf7,0,0.049227113229066796,0
b2e37142-cf4b-4353-876b-d6782c38ff77,1,0.12057419031257098,1
b2e5ffff-8305-439e-996b-ca52d063273b,0,0.05014025888410031,0
b2e82c06-4627-4739-a6ed-c3a7f616033d,0,0.050712249135304956,0
b2eb7572-a904-4832-9f4f-ddf7912bc313,0,0.0491558846017045,0
b2ed94cd-8e18-4ea9-b933-9a6b0377ac93,0,0.07354161240669527,0
b2f4089b-011a-4aee-951c-80e3389f497e,0,0.05791198508923348,0
b2fa7522-efe7-4326-8e3c-65db5759ed3a,0,0.0778219575550381,0
b2fa9884-c604-4545-8e0b-6969257fe419,0,0.05217063523729288,0
b2fbd8a8-34a6-4194-9107-8982d7f4a501,0,0.04840596190532705,0
b32252a0-d8c9-4a9c-8ecc-da0db16d95eb,0,0.04982660139144516,0
b325eff9-ccdc-4f45-a88b-6b8257579f7c,0,0.0429004373334633,0
b33fc794-ddfe-47ff-af19-b6dcdc58af14,0,0.043952758151933384,0
b347b8fa-e9b0-47d5-83e1-689c0ceb6d60,0,0.0466420280086315,0
b34a8337-19cd-4a8e-86d8-18f6dce2a43b,0,0.05468627180021497,0
b34e000b-76ca-4c4c-afdb-348176daf950,0,0.049624824441906475,0
b352d6dc-5897-49c5-a70b-f8d97919c4ce,0,0.04932806506794999,0
b353deed-84f7-444d-873b-a4b74de97064,0,0.043568485283340744,0
b3580209-996a-4b83-8f0d-2adcc5850b28,0,0.049321142615879394,0
b3587a7f-5288-4efe-99e1-42209ff261d8,0,0.050042339778919635,0
b361f1d3-d63e-4ab0-a93b-e75770a80e56,0,0.04776877874189953,0
b3648a25-bd6e-4cf2-a67c-3d9d11ca4c45,0,0.048243716857440735,0
b367c200-99ad-4d74-85eb-79cc909567ba,0,0.05127175551490409,0
b36a5c86-481a-4385-94f8-7e5b3bde04bf,1,0.05376457059589421,0
b370447b-0473-4bd3-b9f9-820dfcac1b53,0,0.06321863929054483,0
b37638ae-c831-4a89-9fe6-90243093ba35,0,0.2272995244466178,1
b378c350-b274-4ca8-bc22-c584e70f04dd,1,0.18438322853353953,1
b386b381-dbbb-4f57-b23a-49cadea90ab8,0,0.04468440735644168,0
b386f99d-d10f-40e7-96a7-a4573b243f69,0,0.052420679334393074,0
b38cbc82-7a72-48cc-85a5-35f393fc5850,0,0.04208355159807506,0
b3977560-3f76-4168-9125-19f7f4a1263d,0,0.04748259104036898,0
b3bd53e2-eb7a-4e29-893d-cfff3de3319b,1,0.190472734620353,1
b3bfd3a2-6789-4b25-aa3c-6b3e5258758b,0,0.04907580790374891,0
b3c58841-dff9-4117-b06c-c61c8bedf9bc,0,0.07734393406826837,0
b3c9ecd1-0f93-4e3c-bcf5-edeeea32bdc4,0,0.048864462187850066,0
b3ca0ef4-59f8-4337-8dda-ee6a4d0bf874,0,0.054309025821261014,0
b3d1e17b-5993-49ce-b3bf-5d6ae3e5e371,0,0.04678470454389398,0
b3d3112b-c015-4a68-a7d4-937463c0c1e5,1,0.680938014600784,1
b3d66160-4e9c-4c25-9390-0697c97f32bb,0,0.06411470978100635,0
b3dea600-8c8c-44ab-82bc-e0215e09aa35,1,0.05448665692403553,0
b3e82381-05ee-46df-802e-550e22425c16,0,0.15370656310889125,1
b3eeba3d-1ce9-45b2-9509-07831ed3932a,0,0.05215803708938073,0
b3f399f2-1c33-4b41-b280-98a01a5631df,0,0.04182351024517569,0
b3f6c3d0-9b22-4d8e-9699-48d1a1716fd6,0,0.46876266587485693,1
b3f6e91a-9a51-4a81-ae86-dde884f625ed,0,0.043803890585877525,0
b3fbacda-905d-4bfd-b9ae-7fd643225caa,0,0.04816579382640085,0
b400b3c9-a1b7-4f8a-92b2-b4a7baabec18,0,0.06377113355171567,0
b403bf51-4792-4933-9e38-77f29ed4c939,0,0.04494271842115429,0
b4059b03-477e-406c-a955-969016b349a8,1,0.6095593549085851,1
b405e608-75d7-46cf-8b4d-8478c00570cf,0,0.125999720901527,1
b4071294-a144-4159-b0c6-0de79977fa9e,0,0.057995046707434786,0
b4071712-f94a-4875-a3de-60cd8a244655,0,0.04454935427081263,0
b40a1862-7712-4fb5-9c01-bde5de0da8e4,0,0.0486638454911714,0
b40ba110-0922-4d4e-8fa8-11d8efcc7a19,0,0.06225814464135225,0
b40c61cd-b230-4f1e-a626-6e17dee70353,0,0.042331758542474056,0
b415aeea-7368-4e31-b6cf-77f1c49aa420,0,0.04124033177234691,0
b429fadd-cf4c-46ef-ace8-68b812f6cb4d,0,0.048471598967430765,0
b42d69cf-7c3d-451b-a4af-9ab63c5da88b,0,0.04588487696923615,0
b42e3d78-5cc8-4a07-ada8-1a0aaea1440c,0,0.047455532562312594,0
b42f5c79-3514-47c5-8f02-3e85916197e2,0,0.04361740238741065,0
b4308879-3d79-44b3-b7c5-e38daa1d7dfa,0,0.04284577245022528,0
b4337abb-6b74-4efc-addf-6e9d28979201,1,0.6008968228305464,1
b4391f2c-96d2-4934-a096-c766be74707f,0,0.04838761888905423,0
b43a1ad2-4967-4fc5-a0ad-28b07235005c,0,0.05587316688258359,0
b43da09c-d192-4e3f-ba44-7e9e06b069c9,0,0.06289691094372808,0
b440a0b8-397b-4466-a201-d7dc0dcf8359,1,0.8274890325749592,1
b447d9fb-d712-48ad-849b-7b297b895860,0,0.05567016802226848,0
b44debe0-0262-42cc-9318-12517db04f01,0,0.05305054455039528,0
b44e6711-5207-4f8e-86c7-44dad8c0a1ea,0,0.05769087431061232,0
b44f9ce6-d7dd-4d6f-a60f-30f4eac10b84,0,0.04895984753119559,0
b454a7bf-1367-32f8-c356-b8a850bc47c3,0,0.045512202745669035,0
b4591999-f08b-4bee-8293-03ee281ef83d,0,0.05792063635107064,0
b45aaa00-8ff3-4cfb-b90c-0ed00ab2e929,0,0.07419282182733065,0
b468e55b-8f82-4bc9-8c94-19b462796cab,0,0.06444078772565082,0
b46c70d1-b528-4947-8acf-c48f47072e10,0,0.24864677080568548,1
b46cbc44-6e4d-4325-9099-5f3645975a2e,0,0.06286631559307146,0
b474b699-1016-4483-94d1-d691b9df7368,1,0.6408676659564372,1
b476c01f-d544-476f-bee6-40be98243377,0,0.043639197233301966,0
b477f44b-d09e-4114-b32b-db6cf0b60796,0,0.05106645442479664,0
b48bff11-f1e8-489e-adda-03eb64f05b4b,0,0.0425409416548573,0
b492d5e4-3e1b-4125-96e2-fbfc194530a1,0,0.053476554984230394,0
b494ee0e-6459-4340-8fcb-32b29d8e08db,0,0.0561730949513016,0
b49815a6-c605-47a1-8577-407e63323b04,0,0.045564809726414864,0
b4abaafe-2500-48e6-9933-9c897c54be3b,0,0.045261249968526145,0
b4bf20a3-671a-4d7d-878b-8d06a94304b0,0,0.04585435222148564,0
b4d40cec-75b8-4140-8ec2-763207bf81f6,0,0.04483838856271681,0
b4d87a70-3dd1-570f-6fab-551bc41d84f5,0,0.05070331648585716,0
b4eba03b-534b-46e9-bc4f-b4e64194bc5b,0,0.04646821808253717,0
b4f1eba0-a59d-4560-9e67-ebcb99eea6e9,0,0.044989189846209,0
b4fbae1d-3dc4-454c-a15a-01294f63d28a,0,0.05064005694511775,0
b4febf4d-2225-4cdb-b14e-89f6184bb11b,0,0.052266041852279635,0
b502a130-12bc-4b7e-99c9-c2a44fed16f2,0,0.07267871887639364,0
b508388b-9887-44fc-bae2-9dcf180da856,0,0.043011690526480774,0
b50a73a1-58b1-4dfc-bc79-7dd8ad2cb32a,0,0.04181463070030091,0
b50c9837-7632-4c8b-a8ce-72daf857cb0e,1,0.13328815809418568,1
b50d1ae8-1948-4517-8460-09b7601ceef6,0,0.04654838930715524,0
b50da1fe-b2ea-4609-8a40-e4ed53e72f89,0,0.04309929515868238,0
b5164452-34ab-4f67-b42e-7e2d9a20ad2f,0,0.04322195395101238,0
b51df33d-d8f8-44d0-94ca-3feeced863a4,0,0.043420680833663156,0
b51fd0a9-2fdc-4a20-b257-5c49c1b5cc8c,0,0.05600234922472083,0
b520a5b2-3fbe-40e3-b32c-c6d993d5006c,0,0.05318185361249036,0
b52a73cd-e219-49a4-99d1-c30d48159556,0,0.06707879286323769,0
b53823e4-762e-4535-8dda-7a125b772727,0,0.045751093956375014,0
b53ebf28-b328-47f4-9867-5f60e7803884,0,0.042205588187478514,0
b5455c56-1ac6-4ccb-81d8-fe3d3ee42403,0,0.04370540148290674,0
b54b9088-2eef-4a73-b0df-308b308c6ad3,0,0.07134792210610055,0
b54b9366-d89d-4cad-97b3-e52ef14d071a,0,0.11757461679992061,1
b54f96f6-1f0c-4c47-a364-6ad481ace905,0,0.04194314653093101,0
b552401c-ec4e-407b-b903-6b6876cab283,0,0.042746885979769035,0
b5581485-5967-431f-9635-fb8251401c9a,0,0.04625258922468478,0
b567743b-5fe0-4994-a3bd-949d5462e767,0,0.04760218236950949,0
b56f96e0-c1bf-444a-a35c-f602c5210f5b,0,0.061955910485109164,0
b5724233-2702-407b-ab72-99d0284eb74d,0,0.04225356350126257,0
b5735ff0-9439-4d17-94ce-c6bb6fbba936,0,0.057108665381546984,0
b576cef2-621e-4e30-b6bc-27182f2528d3,0,0.043354928406130006,0
b576d45d-15e4-4480-b37b-71d4fd737010,0,0.04474262098973763,0
b57e462a-8f57-4003-a291-615cce9c130b,0,0.04152051580733087,0
b581fb58-ab72-484c-9e72-dde2d16de425,0,0.05046442484058405,0
b5868226-3fdb-4234-a3aa-e9a5b196434c,0,0.04649986245736962,0
b594bbde-4246-47e0-9831-d7fa27a92064,0,0.05139907215137551,0
b594bf0c-085c-4c23-aeca-6b4c315cabf1,0,0.04952687340100687,0
b595ca3a-a6e0-4571-9380-91a2c51b8a79,0,0.04493345140435874,0
b595d014-802b-480e-8b93-94bf9ebdf9e2,0,0.054932123701461846,0
b5990529-a480-466d-a540-dd946db91df9,0,0.04316962076648896,0
b5a01b01-c596-4263-ac19-cd1834ac6ea0,0,0.09978127445858065,0
b5a05123-4f1b-4fef-aaaa-bcd61d13d257,0,0.0491841288245779,0
b5a506ab-85e0-4f12-84de-23cf7cbb23d7,0,0.043279355175650576,0
b5a8044a-fb9b-4906-bc30-aef08892ae8b,0,0.09040999448600275,0
b5aadccb-c3ff-48f3-9504-cb3e95d53477,1,0.17558821333161667,1
b5aae675-b0a4-45ff-b1a8-60f1fceee2bc,0,0.05651054080032116,0
b5b3631d-1e95-437f-89e9-569b076e34b2,1,0.7355597834542845,1
b5b4f501-c02a-49cf-ba7b-790ace4a7b34,1,0.10733760969553727,1
b5b517e7-5aeb-4849-877b-74dcaca4ad9f,0,0.04384274023416611,0
b5b65b5c-15be-4031-8188-2c3a50d8bd43,0,0.07625380491930017,0
b5c2cf90-66a1-4fac-9fbd-4061fcbdebc5,0,0.04941360232249456,0
b5d3e188-328d-48a4-9865-bec726b3955c,0,0.048913550742935255,0
b5d4fe2f-6f25-4565-ae3e-58a7de4a36ef,0,0.04391760163206232,0
b5dcb084-fd4e-4d22-ab08-eddd0a8e36be,0,0.047684054543055264,0
b5e5521a-a5c4-4232-b235-6e892e8afa33,0,0.04984269978474143,0
b5ebd76b-5d42-43fa-adde-08796a551903,0,0.044976092420841385,0
b6026e39-fe83-4285-8e84-0259b67d1403,0,0.057769493412201146,0
b6128b53-a8f3-4b0e-9372-cf54f1e91151,0,0.0570097210037925,0
b61b6712-3acc-449b-b94b-7536910d76af,0,0.047509491228078946,0
b61bd603-428d-4dfe-a612-576caf3e3dfd,0,0.04401186957162238,0
b61bf65c-5b64-41a0-9597-3f74a8a54229,0,0.06533066414596701,0
b6205919-4168-46fb-ac68-c1d2cf7b7f4c,0,0.04297322584483951,0
b62ab45e-b963-4f25-83e7-4999adea6cb3,0,0.042595777150803316,0
b6361020-5422-4c33-918b-c4ff906fd332,0,0.049064329077052965,0
b63ae1f0-f763-493b-853a-7c9c786d5a5f,0,0.05575481098182042,0
b63af2bc-2369-427e-acd1-89df37903a11,0,0.04541750156375332,0
b63c41c7-7bf0-4501-bf13-3a29802c287a,0,0.05229721918292376,0
b649e1f6-d60f-4a89-99ae-53c70d47073f,0,0.0412590548860657,0
b64f996d-c923-443b-83dc-dbcaadff8026,0,0.05083010652499553,0
b6527d4f-50c6-4ca4-8b1b-d6ca125b11c0,0,0.06270130772036507,0
b65b6f1c-0a4a-4861-9e55-c402b125a887,0,0.05698020669319343,0
b66a158d-a3c3-4dd7-9e8c-4d94521ccef0,0,0.05716421407340127,0
b6773cc5-61cc-4a15-9bd0-3ad79d55ed35,0,0.051998319241967905,0
b67cdbcb-b073-4271-b365-803c6fce53b0,1,0.08518041914562051,0
b6818770-817f-4abe-b6dd-72edb1171118,0,0.050671187101669304,0
b6838a41-b22c-4a02-9235-3caa0a1901df,0,0.04237060073305703,0
b68e4b27-c06e-49d7-8cc1-740908d338f0,0,0.04731489982958179,0
b6924cb0-b9d9-4e55-88ca-f62a07826337,0,0.04477710810667055,0
b69b5796-5512-4691-9bea-4017f40b9234,0,0.0975999001113946,0
b69ce447-36a7-48be-b464-f217da016231,0,0.059173033782981485,0
b6a085b3-f965-4377-8126-094c93a76f7e,0,0.05458767333978179,0
b6a9576a-b0c6-4721-9d5e-b5a20e536326,0,0.06864102709057994,0
b6bc8917-e39e-4453-af9a-e29e050433d4,0,0.044396205420926635,0
b6c0611c-4ce8-46ae-891b-514811a49108,0,0.040390721606720456,0
b6c573cc-1260-4fa3-8554-767b927e763f,0,0.06434614822417721,0
b6ceff37-3555-4f3f-8a45-d4f0753eb760,0,0.04268115424421706,0
b6d631d9-d8b8-495b-b26d-8e1b2685fdc8,0,0.04899424018812406,0
b6e24ed1-3fcc-4aae-a1dd-efd41ab06106,0,0.04619530041518273,0
b6e46d0f-2422-47ef-9a0e-7317aa9a1bbf,0,0.05331907865826186,0
b6f90884-54ca-4735-bb3c-e44e4bfcadb7,0,0.05937683821956782,0
b6faec16-2a55-493c-9ff0-5124eeefd63b,0,0.040972943853175355,0
b6fe244b-a434-409f-b93c-296c05e659b3,0,0.05277626834566011,0
b6fe888f-e63c-4080-8ef7-58c175855505,0,0.05620073044267354,0
b70cb218-db90-4011-b582-0bd237109df1,0,0.057701422017223655,0
b717ba73-14e7-4bea-bf46-4cbac8e6042b,0,0.4844931642104818,1
b7194678-8178-4697-9653-e1d508dd41b0,0,0.05229661330159951,0
b719493e-ea49-4b91-8d62-691d8cb06f9b,0,0.04534392704544812,0
b71f9de4-b65b-4f9b-9d53-bf5f4e612f73,0,0.05199990359141601,0
b732402d-b165-4ac6-8bc8-87ab0592892a,0,0.04722243324389831,0
b7360dbb-427a-428b-a4fb-1f8872884d4d,1,0.09682536358591723,0
b739d278-7860-4227-a685-97f4972ff9c6,0,0.04937996845967818,0
b74c5e9f-34ed-42f0-aea4-23ea87afcd87,0,0.05410757352452966,0
b75313bc-0c34-4daf-9ffe-c1820af76b21,1,0.2076600965890442,1
b753fe88-6681-402b-a6a5-341ff8cdd65e,1,0.0957116731565153,0
b755e9dd-e2ca-4294-b4f8-6b7de6c0d63b,0,0.052585386976687576,0
b77bd6ba-e519-490b-9690-05a80a99408b,0,0.04689580836692214,0
b77d0fee-bfa0-4557-86ba-fa167195e8bf,0,0.6335711328402894,1
b78245eb-9c6a-42b1-89dd-8c2404c2a6f0,0,0.05843786917626414,0
b7846135-b8c7-445c-909d-3f7bcf3a7260,0,0.04199097904774902,0
b788d76f-0738-4b8a-9e2d-70521ad0832f,0,0.04294422688255844,0
b78d245b-de30-4f9f-ab38-03e298222d54,0,0.7735513972950316,1
b793fd53-8e32-40fc-8704-c9a6fb70e1a1,0,0.043295910832814914,0
b796f373-12c8-42a9-bfa6-958566729f70,0,0.044163431505417135,0
b799a38c-6429-4ad9-b879-a0ea280f469e,0,0.048019462832370706,0
b79aba71-365f-4179-aa6f-0e0d62162cd5,0,0.04789337637385796,0
b7a0e843-3b5c-4ead-9c9c-438a5198d1c4,0,0.04268132979067024,0
b7abd581-486a-44b0-b5ab-564d1319075a,0,0.04430622647427916,0
b7ae99d0-663e-4a2c-904a-eb3835d070c9,0,0.046434482253539695,0
b7c22b4c-a62a-498f-bea1-acb6cb9fffe6,0,0.05086006428295814,0
b7c7ed57-1e92-4537-a8b2-8f3b9468d230,0,0.13487549996570794,1
b7d846f8-a237-4905-ab4e-19ce275d76cf,0,0.05095834889558222,0
b7dc08d0-ef4f-40a9-9cca-8ad90dd908a6,0,0.040564030496752404,0
b7dc4e36-6b26-4e1f-8fc6-7d599378db62,0,0.04264905796176293,0
b7e10065-c5b8-436c-b9e0-f7eedf66d010,0,0.05218048995814205,0
b7f0e3b2-32c1-45cc-b4ef-092710dc81c8,0,0.05466225832869559,0
b7f12cc7-a957-420d-86b0-88a0d6e54004,0,0.08087326328751406,0
b7f3c9f0-47c1-4e95-9080-80e7d89cc410,0,0.043781762002413085,0
b7f5b835-735f-4aee-ac90-d450ac9f00b0,0,0.044536144274684164,0
b7fb4dda-55e7-4ebf-aa78-6521931dc249,0,0.044896381839612406,0
b801cecc-04ef-479c-b07d-fea2f1fd3d72,0,0.04296266702269617,0
b80a431b-08d9-468e-88ba-d00eab238228,0,0.04813806106123188,0
b8136700-5e10-492c-891e-60804b9b517e,0,0.04524465566120414,0
b81cc7d7-60f8-40fe-888f-6c059a4999bd,0,0.04352464043319987,0
b8220e32-d7af-4e4f-ad37-b6b0a7ecd18a,0,0.04867187543090473,0
b824a45f-578e-4a2e-95f1-1e66ae93454a,0,0.06908265717763835,0
b8256799-8e6f-4797-964b-07ea5a141d7b,0,0.05094072341666309,0
b82a1c36-76f4-4def-96b1-714abbb71744,0,0.06914636282765349,0
b83ce6a2-4a80-4203-bd61-c893002a6307,0,0.057942060006741014,0
b83fc204-51ad-4476-b17b-45be2eb8f330,0,0.052263146957119734,0
b8408b22-c043-4a72-80c5-9108a5f4bb45,0,0.04437151187281946,0
b841d63e-153a-41a8-a880-3967e4198e3e,1,0.6870462675759508,1
b84a8acd-1f96-4c3a-9bc3-141d11f3766a,0,0.043812400895893465,0
b84b33bf-71b4-4db4-80d3-37b777e9ce3b,0,0.3237223026128623,1
b84bec62-0d7b-4b4d-a24b-6774c20c289f,0,0.04830743342971605,0
b85163ef-edac-4511-8e05-cb038cf6b879,0,0.04692725970248918,0
b8516a19-8118-4e1f-86be-561b18a76bab,0,0.042973080641432265,0
b85d5a26-1dea-45b2-a5d0-4d176387ff5f,0,0.04525091254189656,0
b8642033-2ad2-42c4-a838-ec09c0cf8b42,0,0.043482973092133635,0
b86478df-5c29-4787-94ca-6b947a2bcc58,0,0.04299854433193174,0
b865fd7a-6cb4-4d86-81ea-5340ef42008d,0,0.04724840468648066,0
b8677b09-18e4-416c-8570-622745341635,0,0.1342842361883171,1
b86c4ad1-0e92-4585-9ec3-13b7c2fa3c91,0,0.04182841357633233,0
b88364a4-6050-40be-b636-dd640a047214,0,0.04682675154048124,0
b892d9f5-f45a-4759-b0bd-67b54f97539a,0,0.049162357654394,0
b893d02c-a6fe-447b-9de1-f09f7ed58748,0,0.06506290184357796,0
b8940a56-a3ce-47ca-ad89-cf4ef50b464d,0,0.10818375653905617,1
b897ef4b-88f3-4bc0-a450-e7ddedfefd22,0,0.04459402096671695,0
b8a4216c-5d64-4a6c-8f4b-b60e9492e533,0,0.053677445454989876,0
b8a5e739-dd22-444c-ba7d-77ee9bb6d8e9,0,0.05700368871083192,0
b8a6f819-b36c-42a7-a608-2c6192cadea6,0,0.052127288311532426,0
b8adea9c-dd77-4f9c-b75a-9d367a7c274c,0,0.044745480944583575,0
b8b1e2f2-517b-4d42-a830-cf2488c7fd49,0,0.04710658482743101,0
b8b76fd0-4c8c-478b-9366-8958301122cc,0,0.049657854746292786,0
b8bb4b8e-f861-49d5-9cb6-ea1f11cf46f0,0,0.046362703500260526,0
b8bc72ef-1c93-4bcb-85a5-db3fc962b025,0,0.04318474981899761,0
b8bd5d44-1f6c-412f-88a0-da0c90d3db79,0,0.046335293872010797,0
b8c013fc-1494-4fc0-b039-9d955ef612ae,0,0.047721361506262334,0
b8c0c427-9dc5-424a-873d-aafd0cf2e34e,0,0.049932751223488406,0
b8c4667f-4057-478e-a0da-7369b728e2db,0,0.04727323042195461,0
b8cd87dd-b12c-4dcf-8521-5819b1e933d6,0,0.3169751174459491,1
b8d03207-bf27-21b4-5fa5-44b83e3be65f,0,0.06266628490655095,0
b8d584a4-7f9a-4862-915f-4b8ec9feba78,0,0.15342974936752826,1
b8d715e6-f5ee-4335-87d4-f42ef51e3a5f,0,0.051521804675956684,0
b8e4049a-39c1-4423-97eb-234c34c96cda,0,0.04440933650064863,0
b8ee17b7-bfd7-489d-9d67-211d21b660b1,0,0.05524884884376017,0
b8f6fdad-ac40-4989-a2e8-d8d4190486d6,0,0.04389449833391816,0
b8faeefa-66ad-45e6-9e87-46bcdf8329c1,0,0.3083915025244426,1
b8ff60e4-e19e-446d-8add-1239e1dd3c83,0,0.06185047040061464,0
b902a752-8877-44d5-b8b6-9e357bcf132b,0,0.14066919176436993,1
b9099324-a6a1-4c54-9b78-829c76dee8a2,0,0.09371798143953697,0
b90a170c-2b84-441f-8e0a-62da4c47b966,0,0.2502945153458734,1
b90d9f5b-8fdb-4f6e-a376-e711c314a554,0,0.06989575249178277,0
b90ed419-413e-4791-88df-98543d377713,0,0.04581207164213246,0
b925f7ba-539e-4785-ac93-33e15072109b,0,0.05278888042252226,0
b928b71d-868f-4b75-8f11-620dbd55d4a3,0,0.06711371332363358,0
b9294a12-c832-4f6d-bab8-18206f9b515e,0,0.05038507690097472,0
b92a6fed-caef-4d1b-8c09-41eedbbd0ed4,0,0.0461819767714608,0
b92c5c1b-3b3f-4df7-a306-2faacdcaa12e,0,0.04847449139598839,0
b9368a7c-ce5c-4171-9b4c-ef26e766598a,0,0.04641855920290211,0
b9380a63-88f5-4b03-a0a9-efc00ff3e05f,1,0.1173995852087183,1
b9407dab-5baa-473a-8f94-53374898e82c,0,0.049610765716503,0
b9447616-94a6-4a62-93c2-713588bf2953,0,0.05633728908735927,0
b949de37-d91d-4556-954d-1bc3c52e8089,1,0.18613894499203487,1
b95bf9c4-c046-490b-911c-43e5d44dfaa9,0,0.04252954674421711,0
b9630099-d028-4c9d-924a-8f40789171f6,0,0.059312883341589524,0
b96967ee-cc95-4444-823a-168fa6c3438b,0,0.04641109055011551,0
b9703571-1a24-4441-9999-64498e79be7b,1,0.7256256845867559,1
b9710e2c-dd49-4296-8047-2fdaf2b482b7,0,0.05001074764681176,0
b97129b7-2e8c-4ebe-a37f-5837e1a54aef,0,0.043034432607953386,0
b9743a4b-6c88-4c8a-9ef6-a4581583b125,0,0.04343206711077989,0
b974bbcd-4fae-46d7-9d9d-7627e477f77e,0,0.0709908081232189,0
b974f55a-74a8-4d94-8d6d-230475fe610c,0,0.04817901069199838,0
b97c5749-df6f-42e6-a8dc-24db49944bda,0,0.04383803541995439,0
b97e5562-855b-44fc-9574-ef1203fde117,0,0.06365287295599636,0
b97ef1e2-f6c9-4d48-9078-1c53771b55e9,0,0.04197160028214363,0
b9824e91-6874-e477-a3b1-28d2a3cf5e82,0,0.051371563620957204,0
b9853112-770d-46b7-9c89-ccee9d942bd9,0,0.22082623683456565,1
b98761f7-7374-420c-a00e-c29d2aac511c,0,0.04507105040528851,0
b98a1c5f-246f-4395-a925-42e8e87a98a9,0,0.0636374086895099,0
b98b06ce-d8fa-4fcb-89aa-b42810d69917,0,0.19005297791858242,1
b98b49a6-76d7-4a43-bf72-6d7f7e9ef92e,0,0.043014322628163786,0
b99e4abd-4085-4ec5-8fa0-a1c971f28feb,1,0.0952482636862957,0
b99f6dba-421a-4052-a7e1-0ee34a2dcacc,1,0.08071012892645725,0
b9a52b73-03d8-4c0f-9887-dd888452b0c7,0,0.04120597385442198,0
b9aeb550-6f19-4021-99c9-f6f4c487081f,0,0.047635741593332205,0
b9b58421-19cf-4c4a-8901-cdedde939c5c,0,0.054569096579120395,0
b9b85bc3-716d-4135-98a3-cdd4e6b8a0d0,0,0.042879239206691504,0
b9ba8c21-b0b6-4e2c-aab3-29cb59fa00be,0,0.05234333598052252,0
b9bb3694-8a63-467e-bc01-65df5ecf8881,1,0.7710770855867943,1
b9bd4bb8-5b01-4317-b6bf-b134985d3bd2,0,0.044182302913638435,0
b9c433ff-adea-4cc2-8f2d-3b9059fd70c1,0,0.10276122035289884,1
b9c8d289-0da8-42a0-bee4-721f1345e8d7,0,0.048958293152553525,0
b9ce9fb3-2521-4b65-9eb9-2decd7421586,1,0.14731695845710763,1
b9d7d15b-f325-474a-aee6-3b61037c84a8,0,0.04860334875571995,0
b9db888c-8766-48d5-b215-e0fb6fb06961,0,0.08984711194701343,0
b9dd43fc-ef05-4945-85b3-d602b412d7c3,0,0.05214866503054062,0
b9e1f0e5-5aa2-45f8-ac9f-d25cfd927795,0,0.044808182879471005,0
b9e7c553-0431-44d9-af88-f1e30c399dbb,1,0.12830631412636706,1
b9eb7e72-f734-48a0-a749-915dde6d6856,0,0.05124416620181608,0
b9f4de5e-3daf-4cc7-8e93-29cae895d281,0,0.0463098749226343,0
b9fa0cc1-e10e-4373-8d94-7f6dd7d28e07,0,0.05183379541285217,0
ba07f32a-53ee-49fc-a676-c60fd1da672f,0,0.04399124229946468,0
ba0a0daa-06f1-40cd-8544-3a2b8251070b,0,0.05694670741752757,0
ba0dc60a-2cdb-46e5-9799-8e6316425eba,0,0.06989664488166537,0
ba16981f-c17f-4e5a-92d5-6a9053707eed,0,0.06275218788893017,0
ba22d752-4cd0-406e-9652-aa8fbf7a9a47,0,0.0456660893157049,0
ba31f6de-daa2-def2-a02e-ecc10dff4ff9,0,0.04411659479708269,0
ba330970-14ee-48a5-960e-cc478005f29b,0,0.05451732353867484,0
ba40f949-c300-4f7b-82e6-66e199a38df1,0,0.04527391894856216,0
ba47ba25-54e1-4466-9f46-c0d060024d02,0,0.05267689390608826,0
ba53c944-e211-4ae8-a778-ed680c9cc508,0,0.04219917094746318,0
ba555fce-ca06-47ca-b010-f17fd3d3a9f6,0,0.07312788659137968,0
ba5583e0-b1d3-4916-9530-a5fffc5452c3,0,0.050754653759865924,0
ba56add0-5c78-404a-895f-59d345cd0456,0,0.0572126356856915,0
ba66ddd6-0826-4f28-96ba-a0147bbee605,0,0.07428844731528833,0
ba678f7d-b0ce-4f12-b27c-81092bf7ae9c,0,0.044225048856053,0
ba6896bd-547a-42d2-89b0-294af0df4a6f,0,0.046653141836446956,0
ba6a27bf-1a13-422e-a667-73dbddba651a,0,0.04534978859663118,0
ba6cf0c9-c8a2-4892-aef1-522402b8b8f1,0,0.05544196835167493,0
ba8018e1-ad1f-41b4-9199-46251a164363,0,0.060270116093376715,0
ba8a1224-70a1-4b24-b356-659e925e0d93,0,0.04632321416284774,0
ba8d1ca0-b05b-4ad7-9b9c-45605df1732e,0,0.048143217217664395,0
ba95c335-4507-430c-bbd3-dd18155d3c74,0,0.04526823608318793,0
ba9d4008-8cb7-4dc3-9b72-6c0a1c63d35b,0,0.05271389494809448,0
bab37dcd-96af-4701-8fbb-e96de955bd47,0,0.04589037311847403,0
babc909a-146f-4c8a-aced-c680076cee32,0,0.04294113385343507,0
babd3887-44e9-4fcb-aca4-1e172491ac83,0,0.045975267541565314,0
babdc9fb-1518-41f6-aa57-c8aba03e768a,0,0.05026371178523186,0
bac8cfb8-a7a2-4961-a1c7-86cd2039916b,0,0.042432446272012564,0
baccb8b5-86df-47c7-9ec0-d2c948d9d6b0,0,0.051169701035867085,0
bad4e796-3b39-4e4d-b70d-ee634a816ff3,0,0.08063032060481985,0
bad84e4e-3628-4b30-87d7-845bf7f657b6,0,0.04724862302829165,0
bade3f50-a12c-4a53-b2f2-0831c0aec9fe,0,0.05188657879084153,0
badf60ca-94f5-439c-b8cf-ddd3116c33ea,0,0.047068887287011425,0
bae71b1c-b6a4-4414-a3d0-06bb7cf7581a,0,0.048522974368237035,0
bae7e5db-064b-48b6-a84f-4e8fe9204c76,0,0.04153604806665594,0
baf00fd4-14a9-4857-b8fa-3f04ec102f20,0,0.04607678783786312,0
baf0a82f-6b15-461c-b0f6-c0a2b5c47c91,0,0.1957394102095405,1
bafabf9f-20b0-43e7-9588-2fe70de9e749,0,0.06200072737704345,0
bafe77a0-7fa1-48dc-95e9-abe63ea3cf47,0,0.04878072781246177,0
bb01e5f5-79d0-4de4-affa-fbaaacf6d3b8,0,0.04344212812939418,0
bb01fbbb-86d4-4bbb-9db6-65f1b54077e7,0,0.04615839688636357,0
bb05ca24-c24d-4340-8c86-729419a2c3d7,0,0.044666302290060786,0
bb061961-3d70-4dd1-b107-f33e32a2d4f2,0,0.05383902824827335,0
bb06d879-01c0-4e66-b143-da2228cb83ea,0,0.04924750630370169,0
bb09cf76-c802-4f4e-ad6b-24ce3a6e1eb9,0,0.046415670352310076,0
bb0b25d3-5ff8-46ea-bcb9-3a53f8f0901a,0,0.04410792696389075,0
bb0dc376-1688-4335-89ac-1dee193de6dd,0,0.04299961199339457,0
bb105521-ec10-4a05-887e-3c4eef68381c,0,0.04238716330328918,0
bb222351-80aa-4c20-9f61-803a37854c70,0,0.055142338259976206,0
bb24ca23-266d-4634-938a-b3a27de72c39,0,0.060925909740983386,0
bb26854e-469c-4353-bc40-230a797d4fb8,0,0.10861251467480193,1
bb30e2cf-551c-4247-bec6-7b96757c2eff,0,0.0491084315442596,0
bb393a55-8f59-4a1c-819e-7534520bca6e,0,0.06174112175147028,0
bb483155-6bed-48fe-b28f-77bde87dbeca,0,0.047311102100248616,0
bb4f1f84-f679-44b7-988f-83414b070dc6,0,0.052064432309881135,0
bb4fdcb3-898a-41bc-957f-d0efe527608c,0,0.052638258062129434,0
bb5600ee-c4bc-4a5e-adc9-85ffd89c6619,0,0.060251013337935554,0
bb77911f-2b49-425a-b279-4cae2c91929c,1,0.0714224545139421,0
bb82eeb6-297a-4511-b9de-bcd4402846ea,1,0.8703296165813873,1
bb8e28c8-d11f-428a-95e7-056e974fe835,0,0.05681719276331549,0
bb8e325a-586d-43be-b653-01f7c610a0eb,0,0.06248149075015203,0
bb92ca00-3142-49c6-8ed9-3bba15198476,0,0.0499376798037733,0
bb977406-fab5-49a1-9920-3a7ecd9bbb41,0,0.044489554515298964,0
bb9ad5eb-2091-4b7c-8fcd-624e6e7c6d7e,0,0.04807861773273827,0
bb9c5fb9-b9ec-4c02-8e66-1930cf81b6c2,0,0.051244526474984765,0
bba7003a-50db-497b-8287-34c0d249a7b1,0,0.06467140924314155,0
bbb1356c-8f22-4f9e-b996-05d66a856aba,0,0.07046554629542327,0
bbb2cb3a-20e0-4527-814e-c6f0c476097c,0,0.10795039377593164,1
bbb67a7a-96e6-4077-a0fc-d9cc395f20e8,0,0.045881354668117144,0
bbb7d326-bfe7-4306-9063-c5346f7ec975,0,0.04453193599264734,0
bbbb96fe-7689-48fc-83e2-a185b19c1c92,1,0.08153132952736732,0
bbbbc298-378b-4d7a-b6a6-656b70afeed4,1,0.07855953322962674,0
bbc16468-87e6-496a-9233-63864684b080,0,0.06303478686772561,0
bbc1a888-439d-412f-9511-a6e7e7acd570,0,0.045937337250977046,0
bbca9a6d-4886-4e6d-a37b-be571f6ac996,0,0.04671526982330319,0
bbccd821-5790-417c-81a0-c15ff1887764,0,0.04491674712203816,0
bbd2bcd0-82a6-40cb-a867-288400725506,0,0.04325393634646035,0
bbd3ebda-a71e-4aa6-b0ac-5aa59d56b578,0,0.045105679999614824,0
bbd7b93c-2d5e-4061-acd1-477a7bb18727,0,0.053629495892653735,0
bbf66d59-76c9-4460-b4c1-4607dd0ef746,0,0.04275368096348616,0
bbfb70d8-4b41-4ee4-899c-227f1cc6fe31,0,0.05096057223637524,0
bbfee412-4141-4491-ba9a-9ed2f5c53214,0,0.04894329408976346,0
bc17dcf5-1fc5-470c-aec9-c84a12cf01bc,0,0.04670545486020843,0
bc215b31-fdf5-42f1-9dbe-dd8f5c781227,0,0.04313798151098331,0
bc22a17b-a312-4178-9e64-9875f6ef30d9,0,0.13643081381642316,1
bc2c5a7b-d06f-42b3-9fb6-df3636080fb7,0,0.07877865405741029,0
bc2f87df-3e9d-4b9d-bfef-79dbeba8e74c,0,0.04959729208855116,0
bc30660f-415d-46d8-bd00-d5b3c5764bab,0,0.05333133353762765,0
bc392e9a-ec04-4ed9-bb31-d62bef62ae5a,0,0.05007194445656859,0
bc3aa43b-f82b-4fc2-9f8d-d84065e2fde6,0,0.05703629826845797,0
bc46ce29-dffd-4837-aa06-8e875cc90637,0,0.04199768831984143,0
bc589d00-90df-4f06-8978-6aa1253ad36a,0,0.04858029639827304,0
bc58e34e-eb7d-4c25-929a-9c94aea00248,0,0.048778849512657006,0
bc67ee08-c60e-40f4-a252-794ed5f90d1b,0,0.04762697988009842,0
bc7078fa-c72a-4284-9db0-440ff8fdd142,0,0.04185378919360366,0
bc7253e7-62f5-441b-9af5-df3ca6311edb,0,0.04436280227136314,0
bc72bb71-1908-4cd6-8ced-550c88ce0584,0,0.053458075180429894,0
bc75a338-93f8-436e-99e6-6427e3cc079e,0,0.07623267866832209,0
bc774672-5b05-4816-9a05-ebcdc62aed07,0,0.04316225075910026,0
bc7953b7-45a7-4df4-b1f3-accd1e2a1c41,0,0.055158469306010226,0
bc7d0819-f07f-4099-b353-836074a2bd4b,1,0.2031939933416899,1
bc7d4ade-82c4-4442-ae26-4c0531ca9eda,1,0.7444785042744297,1
bc7e790c-0615-4318-8205-ab9ff2c9f761,0,0.06343515157939614,0
bc80ac24-3b8a-430d-b3fd-2514484cec16,0,0.10188632694752527,1
bc8295ee-1602-4496-b816-03006e6f7ab2,0,0.04838801606318202,0
bc83acb7-46b2-49ef-a151-64b1d66697f9,0,0.05048393400879819,0
bc8761db-6f7a-4da6-8227-772be65ed785,0,0.04545471277721941,0
bc87f8f5-f792-4212-aff8-517800a26ae6,0,0.06773926049601363,0
bc8b7a94-e01f-4543-9c0b-5a7908624748,0,0.0461877017605834,0
bc8bd099-a22f-4bfd-8bce-0a57fc63f5d0,0,0.0458457534335284,0
bc8e327a-6abb-4d81-b082-0279e3e21bac,0,0.043960786939764,0
bc8e98b4-3603-4563-89a8-616efd0f9ee9,0,0.04427043696653187,0
bc8ee6ef-e76b-485a-9463-f15024507a69,0,0.06866804221171359,0
bc90cd7d-c6f2-4fe6-a6fb-cb35d6f0e5f5,0,0.042431902262936395,0
bc98be43-a52a-431a-a164-b9dd07b8a085,0,0.04582032816950281,0
bc9c8624-441f-48f4-9b34-fc20097a3f1d,0,0.05280751171024456,0
bc9ffbe5-2245-4668-add5-3238838db13f,0,0.04521754694380821,0
bca7fd54-ffe6-453f-892e-7ab8e0db27cc,0,0.055056162871232,0
bcac250c-5d1b-4802-ab48-3c2ef3171db5,0,0.044301673256744535,0
bcaf688c-e43d-43b5-a898-095093ccaea1,0,0.05247530581998895,0
bcafcf5b-9cfc-42a4-8b73-b9b449a6cbce,0,0.1147636601166556,1
bcb4b7f8-db84-4f14-9b2a-402ab71ffc5a,0,0.0446720615100038,0
bcb6e7e4-72e1-4b8d-9737-e1fd8732ed21,1,0.06422857196021799,0
bcc667f1-6003-424f-8b71-e34d471600e3,1,0.7976990464453274,1
bcc732a0-f834-4626-b39e-61a7d088baac,0,0.048238800243974304,0
bcce0615-1dda-4d27-9e86-f12a1c5c9f72,0,0.04620796187862752,0
bcd1d5a3-6d6f-44bb-96f8-372d61f5680b,0,0.05125946165585451,0
bcd41771-191f-483d-b901-2de601751d06,0,0.044804025414884784,0
bce0fcd1-ade8-4ea3-ba3d-491adae0cb68,0,0.051554236431098056,0
bce3095b-dd76-4a68-a23f-8a6a3af4423a,0,0.04296943255134466,0
bcf10443-adc8-4aaa-9a24-0d84d93c3fd1,0,0.05851807925409939,0
bcf5e4ec-195e-4789-8d21-08b627b5a37e,1,0.7959553659776272,1
bcfca232-d684-4151-99f3-7b386db99a76,0,0.05005893923276033,0
bd020cd1-6072-4e30-9b60-512e0b2fe8bc,0,0.04288876226401912,0
bd0293e3-7fbb-4804-aa50-95fc45848d08,0,0.04532785773326341,0
bd0302ef-c5ca-4b6a-b916-95cc2840c72c,0,0.09753172769008503,0
bd0b65bb-487d-4351-a2ce-861dab47b1bd,0,0.04281658062862762,0
bd0f8c64-e2be-4d03-b0cf-398efce6842a,0,0.05695307538609507,0
bd10e1b5-3e7d-4b77-9946-5ceab373ddef,0,0.048391540092747445,0
bd23f738-4f97-4f19-a272-a10656cbefc2,0,0.044754172659296806,0
bd28c021-5bb3-4902-8821-b4a42b509804,0,0.05019390507453263,0
bd336fa8-31c9-44e7-bb0e-de8d241defd3,0,0.0450544297351536,0
bd3b5f11-cf1d-4ed7-96f4-b18e115f4b1e,0,0.050169530298723966,0
bd4d9cd8-6076-4121-90aa-575b4c554c4b,0,0.04517545264295948,0
bd4e04b6-6acb-42fb-a376-e3d17bcf655c,0,0.044636778482768646,0
bd531332-ec9c-412c-973e-7910d344cf0b,0,0.05349053776605271,0
bd538a35-f9b9-4765-acc0-1e84345f99d6,0,0.04820687125228827,0
bd669537-fcfd-499a-9e3c-3a783e7464b4,0,0.05720106699621993,0
bd68d90e-86c1-4d64-b46b-83745dbf26ca,0,0.0530668762052827,0
bd75bb2f-3764-4bac-95b4-1625c432a956,0,0.04802890518525558,0
bd80229a-159b-4a24-9060-b589c06ff47a,0,0.04402995087381924,0
bd808cc0-f50a-4637-80e6-ced2af47b0cc,0,0.05278766683412089,0
bd82657e-8b5a-4bf9-bc01-29581f202766,0,0.057142513518769665,0
bd8505a8-0b7f-4187-bd56-b27450a20c03,0,0.08519801313560632,0
bd898405-e482-434a-9ab2-3b388be288a6,0,0.07288157959657778,0
bd8b6898-d5a1-4227-b015-e08e69968cc2,0,0.04302642351845954,0
bd94fd46-ba8a-447e-a38a-ef6dcb502926,0,0.050735055696778,0
bd97b74c-e662-4891-9f7e-3eb2d1e477a1,0,0.044327370614997676,0
bdaa857f-d2c9-4a5a-990f-ca9f80bb0f08,0,0.045351182193367104,0
bdbf039c-fdad-4a30-9d07-c0fc4bf0501a,0,0.044837549684477354,0
bdc7b161-d347-4445-8c99-5c933b494b3a,0,0.06238754299477782,0
bdc9d775-b874-4245-80a4-0d2fab1d8b97,0,0.0509276121812343,0
bdcf47eb-b180-4570-a7e4-11c06f83babc,0,0.0424326199143758,0
bddffc85-0fa6-4039-983c-6c0605822f75,0,0.06481372656953115,0
bde348a0-bac5-4ce4-bce6-c2ffd4840561,0,0.08512727810292035,0
bde46b56-827d-4513-b816-10890e4029e7,0,0.04926332701745802,0
bdeceb99-1290-482b-91cc-8032e233fa39,0,0.04450108559328668,0
bdedb184-a5da-4823-90f7-c63aa8ca2839,0,0.0423759074468821,0
bdee7bfa-9c48-4e36-a43d-dee94743f070,0,0.04724951811974906,0
be04160a-1aa6-4206-9a59-8c76ae16ad49,0,0.04793155193461237,0
be050707-d66e-402d-8a5d-fe6adf0806ca,1,0.3633340950109002,1
be0c2350-d846-45ba-bfab-3b3b67ee56ae,0,0.04734861167731911,0
be0e1bd7-15c7-49d8-9b76-5ec1eea3ff39,0,0.04581122702637248,0
be137147-b639-440d-b496-3988151c01c4,0,0.04539528152650438,0
be13e17b-2e11-4cf8-a726-76a0054cba9b,0,0.048032995403563775,0
be17c165-bb31-48c4-bcb9-61e6b8a4e034,1,0.6659590514009445,1
be1e738b-f398-4a7a-a500-b5c648efa5e7,0,0.0456975141618744,0
be2355e6-e26f-42b2-a097-63df9534f20b,0,0.04825135930647007,0
be273f7f-f995-4d66-8859-ce91b7732285,1,0.09426284191428962,0
be447915-4716-4886-8fbb-a2a02ce4f6a2,1,0.055351079159189194,0
be4a2331-f70a-4d0a-bb2d-40c1e8ba1fce,0,0.04401292115793902,0
be524146-a1dd-465e-82a6-d031bbffd9cb,0,0.04844224444028607,0
be573306-891c-41fa-a389-e0abab52cc52,0,0.05271924174235634,0
be5d952c-df1d-491f-9c44-a47d1116b273,1,0.8299749098336302,1
be682b91-d0f7-49e7-8ccf-57f65f186dfc,0,0.043006595152362354,0
be74fce2-c634-46f8-8f85-1faf56e55ba6,0,0.05363743623361462,0
be7770a7-313f-4085-8c53-13032f778fd7,1,0.82449436467539,1
be86bbab-e449-4515-b2bb-9a0e65b5575b,0,0.04779673526427602,0
be8f5adc-bf80-42c2-bb83-9a2fd2a581ec,0,0.055848312328773984,0
be94bf94-3e2f-4f1b-91cf-d3d90cb3fde0,1,0.8162187940934743,1
be95c57f-4454-4deb-8015-50e31c772019,0,0.04197066136287023,0
be97d932-05cd-4600-a50f-50ae64de178b,0,0.044271103868043275,0
beade1fe-13d7-4d78-a91a-8a263117768a,0,0.1316207817741452,1
beaf2733-5b32-4114-877b-2d54fb7e428e,1,0.057495610828462176,0
beb421f7-236d-4881-8785-6b2c362e8c59,0,0.0736461488385792,0
beb4c135-1c28-4785-8d78-c0667f07d757,0,0.047499942455096575,0
bebb901b-e7fc-4fa6-a2db-99f2e6507715,0,0.062153254461442965,0
becd980f-f5a4-4184-b5e0-b4e48d129296,0,0.043361122233730925,0
bedf9642-eb0e-4c6c-b712-cde1cb8bfedb,0,0.0478210889147499,0
bee42a74-8a1d-4e6e-af8e-94be0f22570a,0,0.047541302544935916,0
bee5a884-c5f8-44bb-9995-574fd3100799,0,0.05932818256096541,0
bef380ed-b522-4d4e-a0ef-1457d3aed934,0,0.05485839702002125,0
bf03c4a1-4541-4f77-a046-d2fd0010f4cb,0,0.048828727164358404,0
bf12cf39-dd17-4950-bbc1-881fa9350f33,0,0.04993770572518976,0
bf196ec7-0c02-4e98-a82d-5ab4f18173c0,0,0.043644214461965,0
bf1e194c-863f-4635-b4cb-329a600e6909,0,0.05767923558741974,0
bf20a869-4ab8-44d9-8d21-7c7ec136ff46,1,0.8173773538761144,1
bf21408e-88e0-422c-86f5-6685104c77fd,0,0.0695818945964633,0
bf254adf-f5dc-4d72-8da3-38c7e0763379,0,0.042884296608993545,0
bf275e00-14a9-4041-9ba4-58c4e25a11c8,0,0.07926811221112728,0
bf27baf4-4011-480e-8fa4-09b659f363d3,0,0.09572201083927276,0
bf287b8c-5772-45ad-afaa-5c2c658e00c2,0,0.05532482192347343,0
bf31c1f1-2b3a-4308-8c41-e9b601f7e298,1,0.8860655238965243,1
bf379d52-5fd8-4d22-b359-0118411cb8f1,0,0.1322833145550347,1
bf3a3fdf-86bf-4c1e-9dff-a5cb873565be,0,0.04424210072745063,0
bf422efe-b872-44e0-9045-4f52c04eb97d,0,0.04367139851519404,0
bf43f134-7337-46dd-b261-4b2563fc54e9,0,0.04661462866633375,0
bf470304-df69-4e4d-9da4-aed5a93b7c2b,0,0.11623461150879177,1
bf5ad3d5-0ac0-4ce7-bdc8-99454de19b33,0,0.05075271192176467,0
bf8acbe3-fedd-4466-b761-6033c7407bbb,0,0.17097680459197925,1
bf8afaeb-5a57-47f0-b769-4082a4f84562,1,0.5780008848056415,1
bf91c25b-447d-4652-925d-6039f983672c,0,0.04833523241362172,0
bf941544-f95d-4411-abe2-13a1b3bb638e,0,0.10905274224224372,1
bf94deec-e8c7-47f0-9dfb-f11907b4fdfa,0,0.042409730907326894,0
bf958f3a-435c-4558-99e2-6214bd767b59,0,0.04405334654675676,0
bf9aa3b0-5422-47b7-b556-e59b46d41c79,0,0.04331544066825236,0
bf9cfcb9-4f8c-4235-84bc-89e78c1fb8fd,0,0.047390350683163975,0
bfa6984c-28d9-4106-b676-8aa1771d772b,0,0.044724834620704756,0
bfaa2598-e0c8-4fc3-9896-db5a84842208,0,0.07743270439752267,0
bfaa27d5-96f0-45a0-a6d8-a68490baa9ce,0,0.050627534453075815,0
bfaac0d1-c1af-4596-929d-197cca7f45fc,0,0.04202443662974779,0
bfab7eab-03c8-4672-9e71-80131f9f7b08,1,0.8718473157358954,1
bfad7f72-3c7f-4fe1-877a-9ae1d9e5ba1c,0,0.04606698304014254,0
bfba5e94-e175-47b1-bcc1-fd3f08308565,0,0.05603285275217608,0
bfbb9779-3c56-4052-9693-7cb123c14a82,0,0.042493119958904625,0
bfbfbda8-3388-44fa-ac43-b85c36e4856b,0,0.062220039515474196,0
bfc3e74f-d6c5-440b-8995-25928ce8ffc4,0,0.048566230155676716,0
bfcac012-617b-4b2b-8fef-e4010033ef7f,0,0.2793910550854771,1
bfd0bec8-a14a-4ba7-b9bd-1fec201476b7,0,0.05367412392457572,0
bfd22f8f-140a-459b-8e15-14f5695a505a,0,0.08615085774086342,0
bfe54d6b-c821-4455-9fa2-d2e29f4e4bd5,0,0.045271549207945565,0
bfefcf1f-6661-4a90-9dea-c0c55cfc7a8f,0,0.051169758530060026,0
bff34e3d-2810-47cb-9ff8-306680f1de01,0,0.048414742715634604,0
bff3fbc5-1037-4131-abf8-c1bbadc77b0e,0,0.05145941320715602,0
c00b44a7-6a65-4ad8-9d21-8448bb613602,0,0.05452191319659774,0
c01138eb-dce5-48e5-bbf1-daea46c6c87b,0,0.05210581085225878,0
c0168ece-2a5a-4e48-bb7c-0c209a1b84ca,0,0.05451589487105235,0
c01ddc93-4098-413d-afe8-aac48836b4b6,0,0.04504634066497286,0
c01e136c-a0cb-45df-9cd1-9438f48452e6,0,0.04314619168003729,0
c02212ab-8461-4a93-9488-37a7740e89bf,0,0.08345362390654468,0
c0246715-3443-40c7-8d7c-df870fffbbb4,0,0.04392416095369766,0
c026a414-9be4-4075-9286-15cd7fbeab6d,0,0.1613254686922734,1
c02a9029-dd6d-45f8-8c96-49717b60cc72,0,0.08839616321886334,0
c02c335e-9724-4c88-95bc-e48968bcc5a0,0,0.053631381670393954,0
c02c6903-b152-40a0-b4b7-8cee3b6ecdac,0,0.05958372077761646,0
c02e0253-d47a-4484-8696-3ae3013e931b,0,0.06530338554461136,0
c03280ba-1fff-40e3-a406-f4724b367497,0,0.04456115804838747,0
c044b92a-4809-4521-b697-f57622b07531,1,0.5819221942992356,1
c04b1af3-ada8-4dd1-aa22-7942a40af001,0,0.04506394965822957,0
c04ec23a-c055-4aff-8e6f-d1d7e74c3e4a,0,0.04322197770982312,0
c04faf33-1c1d-42d2-99ff-e9b1720bd782,0,0.055727317131962495,0
c05383d4-fcb2-46cc-9360-e8e17c7bb76c,0,0.05413100780075502,0
c0551829-66d2-4bfb-9a76-1287e47d7b75,0,0.05075311528901102,0
c05a87e2-e11b-4be2-84e2-3d53fd7ad6a8,0,0.06041599626336683,0
c05c9835-5790-4266-abe8-284a89870a73,0,0.052198186316801086,0
c05cf6d2-5ac8-43ed-bb7c-b81e93d07517,0,0.04233527388972374,0
c061610d-f4b6-4c88-8e1c-64c6816d5ebb,0,0.051033636109947,0
c065e8bc-5db6-4312-9976-7355a25a67f6,0,0.05290594124347241,0
c076f3d9-9059-4b33-9f58-7ca045fad3c0,0,0.047743611558706385,0
c077886d-491d-481d-8aa5-07413cee12a7,0,0.07062512045159966,0
c083f780-90d9-424e-8ca3-5a66112110e1,0,0.04502123899227251,0
c08e5cd5-530c-4628-982f-6c427c375ef3,0,0.04863497238917521,0
c094787b-0fa1-465e-b5c2-dfc8b10c17d2,0,0.04823475700764346,0
c09b5a5e-4385-49fc-8e1b-91c5aed7c0b0,0,0.04349927090610117,0
c0a17fdc-83a5-4db8-b6a4-f7175ba15597,0,0.04194927889341632,0
c0b84b91-16de-4a82-9ef5-5636115279a7,0,0.058969499081745154,0
c0be77f8-ea8b-4bba-89b2-7185efa2cb5e,0,0.04635667196476396,0
c0c3bf23-8eb7-46c1-8a4e-5678431d4fe8,0,0.04573778074706716,0
c0c4d86a-bf3c-4453-acfc-e69bd981d605,1,0.11847223263003558,1
c0c7f8eb-07eb-4106-8cea-93108072af36,0,0.060956836952997584,0
c0df1a06-7567-4dfe-8e3c-18bdebf83080,0,0.051867590754914254,0
c0e3152f-154f-4464-8c9d-ccf8a8b02f0c,0,0.04891349811297873,0
c0ea3541-944c-4a91-a185-54b7d085b561,0,0.04703070717121211,0
c0f59ed0-0d64-45e5-9579-d29128d675f8,0,0.04223482231184007,0
c0f67281-027b-43b5-a588-e6c721eed817,0,0.055601586656174366,0
c0f6caa5-1b34-4aa5-95b0-8b81ec09bc1e,1,0.780275501712678,1
c0f7d436-4bb3-4d01-b570-3d48efc0a4f6,0,0.041272376586420266,0
c0fcff62-ac3e-4656-9b09-b45a6d1959be,0,0.048711740456025526,0
c0fee751-c6bf-4ceb-a5f4-bec243b1cc04,0,0.046645796185838584,0
c1007e13-c094-4373-acae-9e9265b6f5d4,0,0.05442361763648341,0
c10d2b4e-4ae1-44ee-97d1-e117cb23c142,0,0.0523207650077552,0
c1264b89-0295-4b5e-b183-ba8eb17a9322,1,0.18225227865631685,1
c1281353-f34c-4751-bf22-fbd8431a651e,0,0.07672903371784137,0
c132f855-508a-43b4-8e18-2d50445afa29,0,0.04810088039875384,0
c1487e36-73cc-4c75-8dc2-1747514cdc18,0,0.04201011543922006,0
c14b8a2c-cdcf-4c51-9300-d9b4d0822dcb,0,0.05131217750889869,0
c15451ce-9d9d-4d45-bca8-1e1413fa5eda,0,0.04983828829716323,0
c15745c6-b310-4f89-a539-9c6703accf47,0,0.042551678501462416,0
c158b5cd-278b-4d18-8ee5-924e105afe5d,0,0.048798454691121644,0
c159299f-9f8f-4c22-883a-c12ef4049e75,0,0.04611052284338192,0
c15aa33f-9257-4fc4-ac8d-9228efebe230,0,0.04366411360231494,0
c1691278-eb69-4c70-acc6-9884c2dc034c,0,0.05560167129139348,0
c16bf296-7fde-4e04-b957-68d255f59dc9,0,0.05224752840676548,0
c175cb06-75fb-4c4a-a351-18c3c51a800b,0,0.0440201403098172,0
c179b61c-9cb4-4dad-9289-23f83fc70b76,0,0.07605266988537761,0
c17a2bde-50ec-4baf-8562-f2befc89cbad,0,0.04698842071129394,0
c18044f1-b524-4f30-85c4-77993ce37db0,0,0.052222811756332047,0
c180aeee-9e3f-4788-9a6f-58aed7b0a88a,0,0.044739664463408706,0
c1822335-ce89-4b7d-be4f-5442c34b05b0,0,0.06730952647524914,0
c18303df-2442-4e68-b1fd-364313b737f7,0,0.08864131751598549,0
c18315f0-cc7e-434f-864b-3391e03ecd59,1,0.3392173344716091,1
c187c112-6b91-4438-8232-63c4d2ef7973,0,0.05143832996160981,0
c1906a93-1c68-496b-81f6-733f984db632,0,0.04687399843132296,0
c19a26cc-b92d-4e6c-8e6d-6668d04026e8,0,0.046509019263847734,0
c19ccb76-f907-42f3-a95c-0558eecd9cfe,0,0.048943244775272066,0
c1a688d4-8b3d-4029-a8f7-b9307da5e0b1,0,0.044713181197917,0
c1ad72a7-9a2d-472f-b9c1-0fe67bfc9adf,0,0.04840697372273158,0
c1b640e8-c5f7-4383-8a92-66d382dfa459,1,0.24834636072093808,1
c1beb25f-bc1c-4d7f-874a-ffd84359be5a,0,0.042432362576173825,0
c1c35075-5681-44f9-a2ca-ba9b677977b5,0,0.05714413146104363,0
c1c36da4-ef56-4822-b1ce-ad3507ed77c2,0,0.043943068910696284,0
c1c5e711-0e6f-480b-8088-693521c536b0,0,0.05224086929096322,0
c1ca2091-2359-47b0-bc34-3d495c09ba0c,0,0.04496011337109173,0
c1cdcf9a-69e3-49ae-9822-8cb17b855336,0,0.05267168568865989,0
c1d9d3d7-e093-476a-a629-adf50f659cf8,0,0.04424794762540458,0
c1f9df55-c66b-46c7-a412-d157efc59f79,0,0.07293876858976525,0
c1fde6dd-ae34-427e-8bd8-932b522d8b0f,0,0.05404208546682197,0
c1ffb022-2ddc-4670-bde9-803c3933a899,0,0.05111651188035982,0
c2043d32-6127-42e4-bb77-c056bdd30529,0,0.05459217851159272,0
c215d5c0-ea41-4abd-bf04-0424550aafd2,0,0.044581335308369094,0
c21769c8-679f-4f83-bd7f-4822bd26eca8,0,0.04832819917711206,0
c21d8cb1-fbc8-43b2-b868-c8c480421bad,0,0.05593977579858222,0
c21eece5-f241-4bd9-8292-783d7659079b,0,0.04465085958260597,0
c222ff27-d1e6-4875-90da-cc6f15533ef3,0,0.05630522329715389,0
c22cfcb5-d1be-4605-89cb-86b6fc0c7491,0,0.04402337952775153,0
c231ee7d-1832-40a9-9036-c2b255e7db13,0,0.04849096985110969,0
c234d19f-895d-4961-a50a-34a30c8e8df0,0,0.04954100174241499,0
c2391040-290d-40e4-b1ca-25269551f45b,0,0.04869080416751526,0
c239a4b4-680b-4ddc-a25f-2c7aad3d2187,0,0.04835526209886832,0
c23f12ad-6fcf-4cb7-81c7-0d9deb1cff2b,0,0.052221186421868515,0
c243fe3b-8821-4bf9-a331-ad3e02286e12,0,0.04864666780813865,0
c24a899d-1a7f-4ed4-a038-a459f1d798e4,0,0.05052481745718276,0
c24d697b-e07c-42ee-a5a1-400c96831b6e,1,0.08771939724884208,0
c2508bb9-a1ef-41d6-8aed-66f38ff72d92,0,0.04375085379399628,0
c257acf1-72b1-4e66-9443-2668e69a73e7,0,0.04869945163009044,0
c257d4cc-19d1-406b-a2e4-aecedc0b6a48,0,0.06793421299124072,0
c25a5e8a-6d7a-418c-90bf-355f44af91fc,0,0.04821233298984899,0
c25e64c9-fec0-479a-be3b-4911a4de2709,0,0.10114241550220886,1
c267c1b0-c73c-467a-9f9e-f883479e9986,0,0.04582711959641821,0
c26b78a8-a6d4-4d23-bdf2-111cdf1447cb,0,0.07984636264752028,0
c26d1c58-7536-4a00-80bd-fc41df575fbd,0,0.07040916491101686,0
c2780a5d-f0dc-4cae-abe5-45530c131ddb,0,0.05108613730034699,0
c27aaf96-f3a1-46a3-a10d-8ad161523057,0,0.04660422832033426,0
c28456b9-c689-49d5-b22a-4b51956877d6,0,0.05466766441113645,0
c28762d7-6644-4475-b1c9-e08d8993121a,0,0.04737593810135525,0
c295d40d-2daa-4ce2-ac6d-c3f7dbffa775,0,0.057940547288216064,0
c29936be-e2ea-4310-b9a0-8102582aa062,0,0.05976115607432298,0
c2a0f4bc-d0fc-4dec-b4bb-aa83ef10ce05,0,0.060965456666967274,0
c2a58315-899d-4669-ae14-9dc1bafca870,0,0.05533915990584279,0
c2a79645-48fe-405e-bcf9-6d662e401c5b,0,0.048804813056225346,0
c2a965c8-ba41-43e8-9b8e-5277b5994dba,0,0.049214381968723096,0
c2b9b306-16f6-44f8-b5bb-0e78b299f689,0,0.05131181859239363,0
c2bdeed6-7455-4b61-8121-3cd359facc8e,0,0.1460757715200121,1
c2bfa53f-2849-4c7c-a4ce-810a01d224ea,0,0.048720095905295954,0
c2d07478-5935-42f5-beb7-affaa1c63248,1,0.8414808497018509,1
c2d269f8-3057-4890-8e97-7ce5c66aae8b,0,0.05900130552777106,0
c2d5e1f8-e670-4041-8042-dbeaf3088c16,0,0.04557600913608086,0
c2e6b3e5-342c-4412-814e-497d6d7961e7,0,0.046103960301128684,0
c2e7198c-4a92-44fd-bfea-56291c562014,0,0.053184414289833705,0
c2e8f58a-4b99-42ba-9505-8ad66c02902c,0,0.0424416120399642,0
c2eaa1b5-9b90-4eec-8fd2-a5390704664f,0,0.048813555639561614,0
c2eb4a5c-8b1b-481f-aeda-70e7fefff1c5,0,0.05277135252525785,0
c2f5ca45-98dc-41a4-9a51-eadcdfc58907,0,0.04952600166243764,0
c2f8488b-1aa0-4565-ba04-cbb6de3542cc,0,0.05618545973629211,0
c2fa24ac-8430-4212-be14-30224b378d49,0,0.04433489434143709,0
c30342dd-1cf4-430d-91b5-6b7434893eac,0,0.04538147023019486,0
c310249e-81df-4d3d-843a-86d741b09ba1,0,0.05559012869560451,0
c3190058-e13c-4eb2-b014-48194f363b4e,0,0.05176022567989233,0
c31cf50c-6b51-45d5-a29e-dc72ee9ae032,0,0.08513134000140112,0
c3270b25-9eec-43c6-831e-6af426051539,0,0.05015678112592335,0
c32a620e-a8bd-40da-832b-c1c696959e01,0,0.053429729628537176,0
c331c901-cab7-4cce-98da-93d843b04690,0,0.0612763762340117,0
c3347612-3023-4836-9606-62533acdfbca,0,0.05691391381765032,0
c3408ca5-154c-4441-9c91-244592ed5f68,0,0.04569984412630644,0
c35a15b1-772a-4542-b7c4-2f87cc078d43,0,0.05602468586965995,0
c35cb698-fabf-40c3-8eab-127d73f64133,0,0.06949385697361901,0
c3619e24-00b2-4d71-b385-7e0d5cdb1883,0,0.043413290950030034,0
c363ca81-d090-4e44-86b0-4dc0bd802b93,0,0.14230085788127264,1
c3703204-6628-4923-8ad7-2e541efd9ddf,0,0.4708725641824529,1
c3707052-06af-4996-aa74-dd6d4444ea09,0,0.04720118274274506,0
c3708c8c-ae31-47ab-b6e3-6922137394a5,0,0.04424743870327784,0
c380082c-6c54-4919-9a64-b41dde1d58e1,1,0.12068772119486858,1
c38c03c6-2195-4c7e-9e0b-4108b5725907,0,0.043792431231620264,0
c39641f0-b38a-411b-8fc6-b1ae63cdcb07,0,0.043075851855032085,0
c3968aea-4313-44e2-a9bb-86821b6eefbe,0,0.043328129720721795,0
c397b006-1157-4db1-a8b3-07e58c835bf4,0,0.04311869791044078,0
c399e1ad-c11a-4b5f-8ee9-f382155d9e1b,0,0.04597504538193973,0
c3a0be00-7671-42ea-b96a-84cffee358d8,0,0.044410541725145164,0
c3a1abe9-9c17-4e12-abc7-af546b26a9a7,0,0.0429077584443646,0
c3a2727c-4100-4127-b1ae-a0000f119ffd,0,0.04154136700780552,0
c3adf6ec-cbad-4ff2-83cf-e97ce55e5bf5,0,0.07278132808840185,0
c3b33918-63ec-4c11-baa8-66e0c6ce39ef,0,0.04575306839719311,0
c3b5a9e3-e06e-4650-9dc7-e843e350ca69,0,0.05224609557295737,0
c3b602c5-10bc-47e5-89fc-4ac6eca3c35e,0,0.047123202079390906,0
c3b79feb-4d44-4d59-af50-02d2b2d06ce2,0,0.041772520226047945,0
c3b7e339-cdad-4e6f-af2c-ddb3ff7184ea,0,0.049983888178570336,0
c3b842f2-acdb-4c8c-9d52-a25b5f466860,0,0.04988244323361753,0
c3c49233-8849-41e0-95e7-3e7be7ca4f75,1,0.5854819101385705,1
c3c7dcc5-2bca-47e2-a930-5b9f14a695b5,1,0.09694277871978654,0
c3cb9f6f-76d4-4772-8a3d-9da87285a415,0,0.051498736966271406,0
c3ccd1f8-300d-47aa-acf7-81931b700056,0,0.041557173817293985,0
c3cd928d-779a-4e27-8753-254745c13bac,0,0.0452444695684451,0
c3d08dbd-ccf5-43a6-80fd-c2640ccf8595,0,0.06584754819660837,0
c3d554f3-6e69-4d84-bc93-49b897d596f2,0,0.05206612382597318,0
c3dc738d-73e2-4067-9f4c-29c1e4cb0ed4,0,0.0673406268712829,0
c3e68d93-47b3-4d22-ba9e-658cb7885563,0,0.043908811412670744,0
c3f3f967-2478-427d-a441-46c30bc24047,0,0.046954770102228184,0
c3fee08f-f8c6-4e15-81eb-34cb381eb6e8,0,0.04386656132234892,0
c400b928-9baf-4b30-a8bb-8b55ab989113,0,0.04720032519862961,0
c40dcd41-8e46-4285-8681-c8776ff15755,0,0.054104544785693605,0
c40ff41a-f844-4b47-8d84-10f229b99e56,0,0.05536977356324057,0
c41e6ce6-089b-4be5-ba31-d355927c2073,1,0.058304048012429104,0
c41e8196-a374-4ca9-a68d-da06c4239db1,0,0.04593563463331641,0
c4284b6a-0377-422c-a108-0038a7156003,0,0.0625466970508772,0
c42dd30c-f727-41e7-a257-a15d829571f5,0,0.057277211197077765,0
c446102a-6c49-4112-b64c-c45393b1174b,0,0.05180236664787435,0
c447c836-2dc8-499e-b712-dfe34314c59b,0,0.04255119222219485,0
c449e4ef-d3f0-4a25-8559-ebb8988c5fef,0,0.043386932768545175,0
c44c3cba-15e1-4266-9b5c-5a8cc6745bd1,0,0.054822041799868285,0
c44e196b-29c1-4643-8d92-f0f9f31add0a,0,0.04684487870717812,0
c44f6c96-36df-4ca1-a77e-7e09a14f9965,1,0.04111368487449716,0
c465f9e0-70f4-45a3-a76e-2642099b06c3,0,0.06634436809503921,0
c47600ad-34df-4546-8286-4140cf340e35,0,0.05000622105696388,0
c47723d1-4832-451c-92d5-66524c1b7f14,0,0.045241357233188825,0
c47c56c1-6588-45d4-99b5-9cb45d7cd508,0,0.0414496384781912,0
c47d1661-7479-4e5a-b4d0-cbe93ba0468b,0,0.04681060707966948,0
c47f4bb6-b279-4a25-a2f3-70bee1780a49,0,0.05197608477438697,0
c48415ad-f524-4670-80a9-9ccc4ef1f2ac,0,0.08148618621899349,0
c4960cde-26a8-4c16-99ff-1c3de05d4f5b,0,0.04530240079895438,0
c4a1df6b-53d9-4049-aabc-e9e3a6b045d1,0,0.047103794997603206,0
c4ab20e6-bc4a-4698-872f-b49ce47b860d,0,0.06513937663079028,0
c4b3637a-59f5-4591-aad1-1bc595843171,0,0.07200387132406703,0
c4cb479f-a1d9-4ff7-a654-3b7bcf9452f5,0,0.046093919155295225,0
c4da7a3e-63e2-4b6f-882f-a829049b947a,0,0.044410883613235315,0
c4dbb9b2-9c23-4a39-9d6e-1fb6e4b508ca,0,0.04668366720660981,0
c4dc1f6f-7251-4499-9ce1-7af2b3fb3023,0,0.04380395987063632,0
c4fc151c-2e66-45b0-8452-a205fddc88a0,0,0.05815269186289279,0
c5009561-8698-42ab-aa23-25d126c6ecf3,0,0.0438471607937448,0
c5083f8c-034b-419c-87d2-b0c9f0710010,0,0.05044549702585618,0
c511b2db-4958-4bcb-af27-d92400c5862d,0,0.049156211143566386,0
c5158cbd-87ad-441b-8ead-f2e941446bef,0,0.05004795982412727,0
c5171b08-2923-46a9-a819-d9d138ffe36d,0,0.04427957510123409,0
c51810a0-124f-40bb-a406-54e7226ce913,0,0.043596612095995364,0
c51cd034-3686-4c41-b64c-f3fb97820f6a,0,0.07218202607820508,0
c520aa66-cf30-4f29-97ee-09993e55582a,0,0.04558069189721952,0
c5236a6c-8001-4014-9f80-92b378eca39f,0,0.0485304741966948,0
c52984ba-e634-4528-8a68-ad4e4ddb3acd,0,0.08411169069053563,0
c52a1cff-71fc-491d-bef0-36df34a7d156,0,0.05333518436775782,0
c539b34a-a3ab-468c-b2a1-eb1697fb9ec4,0,0.044029849386040286,0
c53b47e5-e4a6-434b-bd53-26301875e3b0,0,0.05035582773415967,0
c53e2704-3117-4c00-a44e-44f199c44000,0,0.04849228418264852,0
c53f5e03-aabc-4238-9b3e-ddb661da3ec6,0,0.04583897276050156,0
c540383d-8c33-457f-bf1c-cd4715c7817f,0,0.0450275904674371,0
c5462d06-4d90-4fa5-a262-e23ff7e8d809,0,0.05259343889301844,0
c55290bb-a291-4f95-83ed-6fbdfc51d95c,0,0.04406098039524151,0
c555429d-8297-43f9-9d2b-7d74b93efbdb,0,0.043926844777751516,0
c55ded31-cb21-4a75-8ecd-5124247c07a9,0,0.06984285314525877,0
c5600d06-2f85-4bf3-bc54-067604f54ea4,0,0.14002650059953128,1
c5633b76-2109-40a7-88f6-0260feebd9fd,1,0.7589699842056895,1
c5655fec-e679-4637-a46d-4270734c2c07,1,0.14694317370818916,1
c5671f9e-6f50-40a8-b0e2-dd23d244f8c3,0,0.04837282762417956,0
c57c7d05-52c7-428c-8eee-1a1234094dea,0,0.046716313090567084,0
c584d3c3-e424-4270-9423-82561f9669fb,0,0.06037070602368494,0
c585f94d-ae78-4cc3-aa13-6f3909bc6426,0,0.064387370157177,0
c590c280-887c-4760-99fb-c04a802cad9c,0,0.04266067001305774,0
c59c416d-dfff-4a6d-9a9d-04b1d886bbb6,0,0.0457632586248597,0
c59ce98c-7e99-4c01-bf26-d4eb9279037c,0,0.04946791225436507,0
c59e501e-2a7b-4853-9dd2-9bb407cb0a3d,0,0.0513557795821637,0
c5a4dc33-3a2b-4998-a7fe-a35131ba5708,0,0.055691713658879156,0
c5b24978-8085-48ed-bcd7-4a00e7317a1d,1,0.05452683499945723,0
c5b86278-09c4-4d36-9d0b-aca799138970,0,0.04589307758719434,0
c5bab433-d093-4e87-9ee0-0e0a91003cb9,0,0.04314142403914857,0
c5be92bc-5a72-46f5-a919-61d6f669d31b,0,0.052688078976724055,0
c5bf180b-3354-4347-bb75-6eec159402f2,0,0.04533229081010242,0
c5bf6f3f-d2c5-4e1b-a1c6-8898004e6774,0,0.05824473082049779,0
c5c1c997-0d87-46fd-89a9-4e407fd68392,0,0.04438881162210557,0
c5d15b0b-18bc-4954-b544-8757d789cc97,0,0.04393260269059285,0
c5d56522-760e-4b80-a895-4d7b6c2dbd97,0,0.05514033078271124,0
c5d8c019-02bb-4617-89c0-4d6f33f3b928,0,0.043875944209577654,0
c5dc6cdb-49bd-442f-bc1c-dcf88561ae08,0,0.04901569594986905,0
c5e1e5cd-4dc4-4c9c-834e-f7749f1f28f4,0,0.04849343099737908,0
c5e45748-2b7e-46b8-bd35-86e20571c9fe,0,0.054875077109823166,0
c5e89b44-0b82-46d9-ad62-ba5dd1bb886a,0,0.04799458178540217,0
c5f0761f-b35a-4030-baab-f7bc0d709f9f,0,0.042218329244897684,0
c5f15ab9-65cc-47c4-9cb0-ba466d8e9e4e,0,0.04525309243779218,0
c5fda658-8bd5-492c-9406-aeea63af0da7,0,0.05373159386318245,0
c609a8f4-45f1-4cf5-af8c-30873791956c,0,0.044837094599954344,0
c60a4155-4fc5-4973-97cb-4d4eca89693f,0,0.04080021728110987,0
c61486f7-ba96-492f-940b-8692fefd0fa1,0,0.04923410907777698,0
c6162cd0-5e69-4392-a276-57aace2368e1,0,0.052229189940005194,0
c62f9b7c-e873-4058-b1c4-8c36c9a40d77,0,0.043657128389277586,0
c6328f75-7131-4456-9147-070010d05ded,0,0.043613380971603284,0
c647a251-5583-4cc4-be83-7f51867a7b2b,1,0.16154163848671266,1
c6483b20-5751-4a7e-bc45-db71964f80b2,0,0.04966101912110302,0
c64a36e0-1988-49fe-a0cd-44072915ba12,0,0.0491851815200229,0
c64ba03c-5998-4373-b995-124380ec2666,1,0.745770968152908,1
c64d5af2-f483-4bcc-b499-19bbaedde91d,0,0.04378212642319226,0
c651c434-6b1d-4c90-b328-c2f36fb24146,0,0.05360498254719573,0
c656cfce-49b8-46e0-b987-fd7bc64f34bd,0,0.05495969248429457,0
c65e9da5-22bd-48c2-b258-1f6264edfa00,0,0.04075045690161547,0
c6625602-f065-47f5-baf4-8a31f04e854b,1,0.14410202660787197,1
c6658b8d-dc4e-4292-b10a-556c29163864,0,0.051669624839306996,0
c66ef4e1-f1da-43c8-b5f8-a9d1a118d31b,0,0.832076211962523,1
c66f74ba-d68c-4faa-b8a1-d64f198c9172,0,0.045292173764881614,0
c674bcf8-0c07-4ad8-bdb0-e846861147c8,0,0.3107510924404747,1
c681bd4d-9cb6-4242-8505-bd79f912a391,0,0.043788604145827,0
c684b551-e050-400b-9cab-3d0ae7477e94,0,0.0503252060322844,0
c686928a-c6da-4318-8726-330bb4e54be4,0,0.04586715589108255,0
c68e364b-c122-4cab-9a49-87caad049ec3,0,0.0700246016736633,0
c68fc946-b705-46ec-a0e7-21667ab87bb2,1,0.42413099005311794,1
c6916dc6-d484-44aa-b3c2-fd34081431f6,0,0.04282306566646191,0
c692afb9-1eb9-4c9a-ac6b-ae1e7a79097d,0,0.05918881497203195,0
c6a0242b-7cf0-4e51-ab22-b62a68a84c8b,0,0.07357519066820331,0
c6b0ff0b-5ff2-415f-8a93-14cff72d2765,0,0.04281502495324479,0
c6b29d6a-60b4-4245-a410-23af1ce13727,0,0.041679773712009156,0
c6b7515a-7dfd-4804-9259-3268c56b4db5,0,0.04212000863027014,0
c6bc51b1-6310-428f-a522-ca1b65fa6be2,1,0.6326938797526985,1
c6bd7419-2748-4c56-95b4-8cec9ff8b80d,0,0.04193653208631336,0
c6c008c8-9bea-472e-be31-abaaf7aacd34,0,0.044641520650876544,0
c6c27644-e3c2-45a0-abac-76ff818d9733,0,0.06185763848971864,0
c6c4d3cc-cc16-4dda-a9ae-08d0fa84facd,0,0.11436289974460173,1
c6d34e12-d1f5-4973-bf9c-53ebd34c1776,0,0.044323918741288104,0
c6d6e844-71b4-4f01-91b9-ba5a6458d9e8,0,0.04458970178132961,0
c6ea65c5-86c7-44b5-af3d-deb30e81a072,0,0.045852537297069555,0
c6f52ea7-14ad-44b2-887d-63c1edb7ddb1,0,0.045581349530784014,0
c6f74c28-1256-4a04-9a13-3277955c79d1,0,0.04674734129938203,0
c7065f36-8bfd-4e68-aa68-41fafe8847d0,0,0.0406771093233858,0
c70b8d7c-f976-4792-a28e-468729ff53ef,0,0.07384757514360561,0
c7138e0c-3f0c-4cb9-813a-cc82b4fee9d3,0,0.045579847851516336,0
c71d0c1f-47fe-4ff5-9d9d-22141043a796,0,0.05589376887573436,0
c71f1633-8d70-4c67-b5b3-e8c3298af3f5,0,0.05235687563837272,0
c72bfe6d-851a-422d-a513-d369b98464c9,1,0.4896135889091712,1
c72cdc4c-7da9-4e61-ab1c-bcb882210b30,0,0.05327747153956837,0
c734167c-1622-4049-a184-c657107fb823,0,0.04496771182081889,0
c734a2fe-c0d1-49ce-b934-4503337618f9,1,0.07366151807997626,0
c737e972-f8aa-418a-bb50-b6bf63de27ea,0,0.04687596594922089,0
c73a8e45-f50c-4a5c-a7cd-e96eebf6fbe0,0,0.049131171930868994,0
c74e1edf-fa99-402f-af57-5356cd6d9eb9,1,0.17481709603341264,1
c753f4a1-883e-41b4-9ff7-8a7235acbeee,0,0.04682290027005985,0
c758df16-151a-4ff9-917e-1aba335b9ced,0,0.05597044354300614,0
c75b4d5d-077d-4e9f-b0f4-2bc20ec41ceb,0,0.044051739900295706,0
c7607c8d-2636-4194-aa79-49bb02f610d4,0,0.04426592305566612,0
c761fee0-8f4d-406e-940a-23e942c3d5c3,0,0.050909221150889694,0
c764faa2-e2d2-4534-a451-a036c501bc9d,0,0.0451980230259381,0
c7655ebd-8891-46fe-a0a1-142f95015023,0,0.04447971125216963,0
c76dc015-bc94-4270-9f7b-ef39d29f66b1,0,0.14993376481016318,1
c7706770-a532-4add-b6bc-1611b294c73a,0,0.045538971907344815,0
c77233d7-1e99-482a-9f65-de4fb39a22bb,0,0.1373087217732804,1
c77e08fe-459a-4541-af72-14f9f4f36abc,0,0.05481108993349517,0
c780d79f-04c5-4d7d-b4b3-2950b9e2720f,0,0.05869652962006255,0
c780e132-3ca8-4300-afa4-bcd3ba222a73,0,0.04367551296886027,0
c78e6ab7-e0fe-4274-b784-ea0d8246f74e,1,0.2927385442564568,1
c79fdf30-64f7-4d4f-9e4a-cc8193bdf900,1,0.062398865141345135,0
c7b584c2-cb05-454b-8519-020860375a05,1,0.6460565569845327,1
c7b658a0-ffec-4e5a-9c39-05193809de53,1,0.8188581753236089,1
c7bc11db-d5f6-4e3f-93bf-93b54dd5eeb5,0,0.06184436629007023,0
c7c08ffd-408e-465d-8b3e-36883faa3e06,0,0.0497280340195736,0
c7c1e2c1-d173-46cb-9767-ce5a368928f0,0,0.04963552485843573,0
c7c545db-9cc4-4365-b255-8e302b96a729,0,0.05127264953192175,0
c7c6f7d8-1b30-40a3-9831-a42d32496c1f,0,0.04714567076121887,0
c7c97982-f163-4a8b-b8da-5185d4a06274,0,0.04473561961780687,0
c7cc3b14-db1e-4318-9e98-eb97c7f8c8d9,0,0.05209057768309969,0
c7ce2031-836a-4fd3-b7cf-5aa7574e8f42,0,0.04347294952998362,0
c7d04272-11f8-4545-a20d-3e5ba71f4363,0,0.04568268793150205,0
c7d1ee30-def8-4d23-8642-ee756affeb33,0,0.08684948617319913,0
c7dabfbd-5ef3-47a2-9cae-cbd5c4c31352,0,0.059066235740772986,0
c7e38a68-c9ac-49fe-baf1-20642240f21f,0,0.058697193480540207,0
c7e5aa35-778e-4199-b3be-dc484f851112,1,0.1042725502845736,1
c7ec8e14-5ce9-4a53-96bb-2e00ac54ebce,0,0.049043689603654024,0
c7f1390b-8aed-4b52-b017-88b79745bfa7,0,0.04326525521970014,0
c7fb804a-ae9a-4ada-a812-c9b12011bcd3,0,0.04414150217999624,0
c7fb8879-e7df-4a2d-875e-771260d4a233,1,0.06257819003745517,0
c7fcb0e5-144c-4add-b206-1b03d8368660,1,0.08153275335896566,0
c8024750-42ea-4490-acf7-a785dd6f9faf,1,0.06633129790314832,0
c80a7e72-f010-44e8-b673-7e4f638f11b3,0,0.044932458445971206,0
c80dc840-4e11-478b-8586-fdc593931702,0,0.04176574998034881,0
c810732f-e2d1-4689-8a2e-204328a7c14f,1,0.051685870471052886,0
c812f11c-6d43-4725-96c5-ad0f7d94b7b5,0,0.0505879999161129,0
c81325fa-cc2d-4938-801e-c0ffde058575,0,0.04235296667073395,0
c8146f58-3b75-4bc3-a89c-0414e4f65d54,0,0.2246346870473048,1
c81e75d7-0f12-4b87-bdd1-0dd85afd8953,0,0.045484227557353256,0
c82539f8-52d6-4b1e-9b98-52b8b2c4849a,0,0.11393610488279354,1
c82d3a8a-0358-4221-b134-b6e5d22b7457,0,0.0549784118870472,0
c8510985-6178-4ca2-8fbf-add055753ea8,0,0.054407771704250214,0
c8561087-4969-43ff-82a8-b638d9f51c30,0,0.04292374804833463,0
c85e64f6-09a5-4aa3-8b5b-ad0026c8aee0,0,0.05828587041442387,0
c85ecfff-cf7d-468b-9f5c-4902bae1401a,0,0.04618520187143536,0
c867f269-a367-4610-b3d8-5f31df63225e,1,0.6299308485754436,1
c8685ca4-e66e-40d5-888d-34b93667ec98,0,0.05315894159366272,0
c86921fd-10db-4592-b133-b8fa4d05249d,0,0.046035474721743484,0
c86b4aaa-6958-41d1-a3ab-0ee1cf9c3bb4,0,0.0436583066856506,0
c86d2a7d-8a9a-49a8-9aa3-897b9b6bcbb0,1,0.7580066522345057,1
c8718ad9-dd81-4511-9fc1-c308403cf054,0,0.04247830929931426,0
c872fe1b-85e2-4786-bfe0-fd529e545ab8,0,0.052949455949158536,0
c88267b8-c2b0-478a-9d98-9d60ebde43b7,1,0.7248725448501734,1
c886600a-7d04-446d-8b27-27bcf0a4e8b5,0,0.04384238768034978,0
c88a4009-c64d-46c1-88f8-2107546390b7,0,0.048011282301743084,0
c8901063-2e6e-4eed-b173-c8444af7c4b4,0,0.04239557497992176,0
c893c171-6fd2-4242-aafd-60924ed6265d,0,0.04398900243732707,0
c893c93e-d72e-4e98-8dff-b7e5a6285317,0,0.6979846480993378,1
c89c4a35-eea0-4ff6-b95d-b26b176f9fae,0,0.04722350868032915,0
c89f0bb8-bb20-4dfb-9cfb-7e2659d6a585,0,0.04716868767446276,0
c89f44b3-5c94-44a9-b164-b96e8f892e2b,1,0.832987083647164,1
c8a2fdfc-5773-4101-88ef-a3e8ab9369fb,0,0.04370636470943656,0
c8b74992-c494-4515-b194-0badf6ee20a6,0,0.044353577122221544,0
c8ba6412-9f09-487d-89f5-d9c29c2394aa,0,0.052610439626563976,0
c8bfa4ae-c4e3-4795-a8fd-ca3e65ff9a01,1,0.08138039875059863,0
c8cda2bf-a60e-4eec-b748-7e79599b07aa,0,0.04170986113738667,0
c8d64f15-776b-4f07-8260-b3d70a857c1c,0,0.05188984119999109,0
c8d7e9a5-7b81-4313-b3a1-840d306ab32b,0,0.16191099858118704,1
c8e3f2b3-32d2-4b8a-b33b-21438328e45f,0,0.04351845663868198,0
c8e9b348-5934-4dbb-b832-7deea37c08a7,0,0.04337710052486719,0
c8f837d0-fc21-4504-82d7-3029899856d7,0,0.041464399408277515,0
c8fadcb9-0fcd-4380-9573-e61374ab1d6b,0,0.04798061663218003,0
c9005a2d-0c0a-4dae-ab60-06865c69823f,0,0.05341234325573372,0
c901a4a1-cd21-4ab6-9821-01fa48043ba7,0,0.04353919006008388,0
c9176f2e-a856-49f5-b7a0-dc0db0d4d466,0,0.0443826206893147,0
c91e2f62-9498-410c-8b77-4cb41b6c5bb5,0,0.0424267845747446,0
c9227035-b4e1-4fcf-97be-a20578b2bd1d,0,0.049471774531566974,0
c92a8696-1377-4ffc-a7ec-3e937424abe4,0,0.04237454574315521,0
c92bd2b0-327f-409b-a173-21af231ffbec,0,0.05146752786604854,0
c93e20d1-ff83-4a55-9ca0-157d75d4ac8b,0,0.04204891204523825,0
c944ee72-c151-4dff-99df-f76e5985c8bb,0,0.04761236035675329,0
c944fa47-46b9-405f-bed7-cadef7d261db,0,0.04400728920976726,0
c9543c7f-7d93-4e46-b82e-f84bce7807d1,0,0.04676113014140623,0
c9559c5c-01f5-4304-a292-8c262085ca6d,0,0.043324090906427484,0
c95815b4-5bac-4db8-9ca5-4c423f51d75c,0,0.07818002295509222,0
c95c59c9-4f2b-4039-b5ad-1cadcfb8f80a,0,0.559971780789005,1
c9611ad1-2220-4c51-83c8-3775988d87b8,0,0.044803808213346535,0
c9696660-6e26-4dcd-93b7-f5bdf3663be7,0,0.04693807380445533,0
c96ab6be-ae53-4a45-bace-d78f8e8a13da,0,0.04298628839978607,0
c9705897-34fe-4746-9582-4dac9f03d092,0,0.042830295910746746,0
c976fb4e-46e4-409b-8905-2108d5fc19da,0,0.051134426743809795,0
c97b32fc-9ffb-4c0b-8ad9-1bdc1e100ab8,0,0.09563742252392292,0
c98243d7-67a1-4a44-9d12-aff3141aa2d0,0,0.05013023950437206,0
c983f292-eafa-4a18-89f9-1f113b76b7e2,0,0.06075249079627846,0
c98e0f9e-9324-432a-8f47-704ae8839865,0,0.059099047840852195,0
c99bef71-b5a4-48f7-8768-3831b012d93c,0,0.0500078916972121,0
c99f69b5-3747-42ab-8f44-7204c81cd994,0,0.06301810750717025,0
c9a31376-c87e-4865-9ee9-e3542304bea3,0,0.04673783228418635,0
c9a52626-24cc-4675-8212-de63cd799e6d,0,0.04165083834878927,0
c9aecfd1-5d23-4cbf-942a-6300a27d2cb2,0,0.05134542134127927,0
c9b05161-3d54-4bca-ba6e-cfd3b4b35815,0,0.04458465406727664,0
c9bc7932-8ead-4bd7-9f61-572bd9f09a4e,0,0.04161481747294845,0
c9ca415c-1eaf-4cb2-bef6-db7efeaec685,0,0.046956532730202984,0
c9cdc2c0-45c1-4902-b7f3-30b58b3d3f14,1,0.7818990747386789,1
c9cf5c6c-bd60-4432-853b-e5f98d5f2b79,0,0.2786747624555474,1
c9d09046-6061-4354-b188-ab774d28c628,0,0.057846938673570644,0
c9da7768-5b24-4e7e-a266-c08ca27a777a,0,0.04551348568318053,0
c9e333f2-e4ed-434f-940f-21ae4040ce2d,0,0.06333103454879246,0
c9ea65ae-1357-4e48-af6e-4be36142872a,0,0.046160856048937486,0
c9efb1cd-8990-44e3-bb34-aa8683055a16,0,0.042129652162721805,0
c9f7cd27-6399-4b7f-9346-c4dd8a085a7e,0,0.04479137171359677,0
c9f8d999-035d-4db2-9804-3c79708629e6,1,0.7162863068568479,1
c9fabcae-5ef0-408f-81fa-5b630781e705,0,0.06883990660593942,0
c9fadd2c-c223-4f5a-b7a9-0d443fe63125,1,0.8235963198448913,1
c9fe55ee-cc56-4e4d-8a7f-5739faa131e4,0,0.04474118836651088,0
ca01a2ab-8b57-454e-9e78-d76b47fbdcc5,0,0.04373074101151494,0
ca028ff7-fc15-4137-8e2f-9476575871cf,0,0.053825174994465125,0
ca037e5d-ac47-409d-9c9a-94e07ee19827,0,0.045569250094753,0
ca067aeb-36ce-43d7-9eee-f58dae396b8b,0,0.07454072727549789,0
ca11cf68-7aa8-43b6-9e03-7a9ef726b90f,0,0.08075961421729765,0
ca17f0f8-b5e7-4fa1-b741-517c931b01c6,0,0.048624397216100505,0
ca183121-0a52-4a83-b92e-14db8acedf26,0,0.04724670486548273,0
ca18c213-b626-4607-9e08-4f4b50384a81,0,0.05179246605876395,0
ca232af5-2e3c-4e6a-9be5-b0a694f98c75,0,0.31911971787305266,1
ca24460f-7141-4218-8cb2-3e1c87c8d5af,0,0.04618971787943713,0
ca25c2ac-3a66-4da9-8515-b1608eaf4651,0,0.04754834147446402,0
ca26bb0b-7806-4017-aeaa-05a753530b52,1,0.770238079039737,1
ca28572d-1269-452b-ad6d-ae07bed1aa16,0,0.04900431119564511,0
ca2a8d6a-10d4-49dd-b023-d1bc25e6e8be,0,0.06331368035132742,0
ca353c0e-974f-4a51-b635-b72379c25a52,0,0.3460850866189284,1
ca3ea380-711c-4ea6-b4d0-2a9b2eab0db4,0,0.042365370540043336,0
ca40446a-8390-4b44-bf6b-fc93564dc1d4,0,0.11712787347005417,1
ca41e84b-045a-4077-871d-ced98e518d9c,0,0.04283975005764418,0
ca43e5fa-2298-4647-978f-b2c64c20d2f6,0,0.04392455233798191,0
ca45b732-9939-4573-bef9-a8151697abf6,0,0.04275222895861422,0
ca48892e-0ca8-4d1c-8807-b04098d134d8,0,0.0737906249366031,0
ca4dd06e-1a03-4355-bd0a-dbd06baade00,0,0.05030960116326361,0
ca5b25cc-4e67-4cca-8182-88a96f29022d,1,0.12191752049816987,1
ca5d26b1-300d-41a1-8870-2f2f66d0bab3,0,0.045661160468452935,0
ca62f446-4b42-4951-b278-b30c0216e241,0,0.04383573444351703,0
ca630adb-e879-4a65-9d2f-e2dfea10080e,0,0.04481740096174124,0
ca6a9a5d-cce0-4260-842c-0959a52324d0,0,0.05606248057412257,0
ca868056-9e79-43c8-87c2-df48e6805f72,0,0.04271213217964441,0
ca868e92-87b1-4664-badd-69c1c777dc8c,0,0.04798422214539519,0
ca8825f9-5050-4e13-9535-18dd3b2b2e84,0,0.05155816350869018,0
ca889b02-86ce-448f-a52a-b483eec4afc8,0,0.04446548371677316,0
ca8bbe45-f6d6-4998-8802-e97c3c145eba,0,0.05335645624248956,0
ca9023eb-bc8d-475b-95b8-a08890aafd9c,0,0.0505857983569914,0
ca9e9e5c-74ab-4f3f-bfbb-e48ec5849a3f,0,0.05027608326819239,0
ca9fcab2-af02-82ea-4504-e4fbdbf0d014,1,0.05914013408458762,0
caa06974-210d-4147-82a4-1c5646b5d3a6,0,0.05397757709807807,0
caa4db13-d888-44f7-8414-0c7a4db71326,0,0.043959209437637925,0
caa55f8e-d7aa-4fc5-a7b4-21945dc76ac8,0,0.05127759015738434,0
cab02446-c43b-4d57-ab7c-e0c850de22a6,0,0.06426208369292241,0
cab22830-19c2-434a-b51a-0b39fb587de5,1,0.04684368731906081,0
cab6a93c-e287-4f6b-9919-c902ddb711e7,0,0.05074461987419262,0
cab78946-a2fd-4058-a58a-0ece96541bab,0,0.04473659905623468,0
cabb8339-db6d-4413-a191-56223b9cc1da,0,0.10550360639393738,1
cabfae70-5a90-4670-8055-de1c797a6980,0,0.043975406276880846,0
cac09c93-5e93-4729-8477-0ca3f72f1b87,0,0.0516709759071447,0
cac12072-98ca-4a4d-8a36-f1c08aef7734,0,0.04447873804391228,0
cacbd6c0-8ebd-4c9d-b7a6-7cb63cd44c6a,0,0.045946247435244704,0
cacca283-61fc-4307-8525-a3c34f3be688,0,0.04774396813139749,0
cad08fdb-2f5c-4ab3-b812-88f3cad255ea,0,0.04903628408290373,0
cad3945a-a947-4ad0-9252-d56670da5873,0,0.04729051853466437,0
cadd5f41-faa6-44bc-869a-99704386d32e,0,0.04587290412173889,0
cae6d244-5e99-4a7c-ba5f-b9160ed0d83f,0,0.047551630368652856,0
caf1bd4f-6207-43be-865b-c3ecb81a5a0a,0,0.12655149107390426,1
caf94e5a-cf89-41db-b2f6-b6eba2d887a4,1,0.7269170898217866,1
caf9ebad-d09a-4c34-9d71-1cb418ea5061,0,0.04610415582213656,0
cafe5816-5eaa-477d-af06-eb796b29524e,0,0.04875544927306686,0
cb0ac8ad-3c63-486b-ae39-f37c40f1e3a0,0,0.04430196657789548,0
cb27917c-3cce-44c9-a099-b198209a737b,0,0.043469256536653116,0
cb2d6d3f-4805-4d71-a23e-b8ebe1409ee6,0,0.058284529508362354,0
cb3b0e5c-93d2-49c5-b47a-f62c5659f441,0,0.07553623099680437,0
cb4dbc51-22a2-4176-ae70-04536a732462,1,0.40104297180488563,1
cb645d63-d8b9-49f9-b12b-173b497ec1f8,0,0.04839372803735044,0
cb6cc635-98a7-46c4-88bc-7f656adfe930,0,0.06423273486079432,0
cb71a204-4518-43e5-b885-4f5acbd394ca,0,0.044719119236335356,0
cb7b116f-f46e-a877-8d1e-294144ace3cf,0,0.04501981939254536,0
cb7cee64-d06a-432b-901f-57d98ad35969,0,0.051394064858205614,0
cb7e5e2d-9337-46c7-9f84-7e5a438a3554,0,0.2649707306596355,1
cb824820-c037-4824-9d75-f7f23fa8e3ce,1,0.7899871749762947,1
cb91227e-fa87-4a09-a4cf-1b8d69b0a1cb,0,0.04667916028570255,0
cb9271d2-6e7d-416d-a492-be470ee884d7,0,0.042872356119274056,0
cba4f01f-be70-456e-84cf-6e790d2cbd64,0,0.044873308573800647,0
cbacf33c-ecee-432c-92b8-65de79bd14df,0,0.04624799995565941,0
cbb52788-320b-4001-ae3c-77de820ebeb0,0,0.049556044228042495,0
cbbc4010-a030-4f74-903d-94a007ab1bc3,0,0.07048426359191112,0
cbbf8f83-caaa-4293-b272-4da516558198,0,0.051287947856587794,0
cbc236d2-5f18-4b73-a938-f718aff82554,0,0.04931936272721491,0
cbcaf0e3-a175-4215-8210-b47651d4b566,0,0.0430109492390548,0
cbcb16b9-dba4-49e5-88d7-97e5be5f832a,0,0.04717159125821047,0
cbd5b537-4dcf-4068-8d9f-7acd00df6ce4,0,0.04663113299964243,0
cbdb661f-4045-4230-b19b-302942af7474,0,0.061805397960358624,0
cbdc9ae9-163d-4148-9609-d1a6dbb1ff98,0,0.04162284614799498,0
cbdd24b7-1b49-4909-a205-0f0f8269277b,0,0.19693345071773166,1
cbe0f087-fc80-4449-bb7c-d1fba3578cc1,0,0.050137562170968916,0
cbe3cbf6-101f-4b91-af5c-9fe53f34f68c,0,0.046417309022799405,0
cbe6ca3c-1ca5-4971-8b61-97cd8f69037c,0,0.050426565477009216,0
cbe72151-abec-4b41-8ada-f190998c97c1,0,0.0473848339699741,0
cbec640b-15fe-4b94-8cd5-c3ee704fe286,0,0.06588612876088112,0
cbf6f5ec-28e9-40a9-8e15-deecc3ba57d8,0,0.147545376372106,1
cbfcb8fc-8353-4802-93fc-adf20fc0f3be,0,0.04464317594224335,0
cc0cd6ac-6db6-4a05-a95b-c2590f6cd254,0,0.12620392926133958,1
cc10dced-325f-4c01-b108-3ffb949959e2,0,0.043373670184390034,0
cc172d78-f926-40cd-ba9f-b829a975eee4,0,0.044494974097060595,0
cc17ad73-18de-422d-9b8a-bf12b2833680,0,0.06339437851718714,0
cc203846-d0e7-4017-8b62-0b3fdf563a82,0,0.041928418304228096,0
cc27a71b-006f-4028-ad60-46cf26ab06af,1,0.8357316272652948,1
cc2f183f-d62f-4440-a2ca-141afcb6e27b,0,0.048941476872933994,0
cc2ff2ad-15fc-4e09-9e40-c1de843fc51a,0,0.048746929253852614,0
cc3da773-deb1-45d1-9f05-d889effb94d8,0,0.04260348163588504,0
cc41572f-6eb7-4865-9e4c-cc195b436708,0,0.04754176426820754,0
cc432572-e8ed-4d0c-a1ba-d0c8f1ebdbe1,0,0.13605931220755796,1
cc4f1f3c-3fef-42fa-b2f4-5dcc08f47282,0,0.04297472059298012,0
cc51c52d-0095-45d6-8f82-68ec6952faa1,0,0.04436486688842577,0
cc574092-0382-4bc6-a0a8-99bf90ae5fe5,0,0.04214426460967458,0
cc5ba898-07cc-4d8b-80bd-f80f7b4d8dcd,0,0.041394776878815646,0
cc5e1841-3c70-4964-9a03-c2e8d82395db,0,0.05208050771861559,0
cc63f1fe-c1bb-4c99-8885-d6ef63ffcf66,0,0.046868557171046724,0
cc67d58a-acaa-4fef-99e5-5ae037f13493,0,0.04744431659928528,0
cc68eefb-97d2-40f4-8885-aa5e5519b628,0,0.09646619152547636,0
cc777c89-d5e1-48c6-b5bb-6a311fdae93f,0,0.04434516079512637,0
cc804b62-a201-4ff9-8712-b040d205ee5e,0,0.07723457105723286,0
cc8413cb-b869-4112-adc3-df58dd4f34d2,0,0.04695470980998166,0
cc868062-6dca-4199-96b4-ac7de176a6f7,0,0.044563764574640174,0
cc875980-19a6-47e2-ba15-84cf9071c703,0,0.06011596833452438,0
cc8bde43-f34b-4e9b-a3fa-a062981cb57b,0,0.05400034656315165,0
cc934aac-b8b8-4eeb-991d-d5cc805e7ff2,0,0.24086524195526082,1
cc9726c0-146b-425a-81f5-af5d02eecb1e,0,0.043700153955196386,0
cc98d944-72a9-4259-bb0d-e8acbce8ca26,1,0.0690445693844911,0
cc9a11a2-a2f7-49d2-83ce-47a78dbb8b25,0,0.046042216220870395,0
cc9f8ee8-41b1-417c-b852-571fd6657b00,1,0.11049813967621777,1
ccb24bfc-de19-4b0a-bc64-5f0202bdd780,0,0.04737163270563503,0
ccb3ed57-93b4-473a-8c5b-6d2265446b6a,0,0.052746532525653,0
ccb91b0a-04c9-4e11-9461-612c1873ff02,1,0.05622343613211802,0
ccba6cbb-f0e9-4662-acc1-e11929bfe9ad,0,0.04334692089496345,0
ccbbe79f-944d-40c1-bbcf-8dec4ccfdba1,0,0.041908109003297396,0
ccbd6e74-9527-4057-8293-268ac0f7b99d,0,0.0511688656725215,0
ccbfd57e-3999-4cd6-b45c-5f1fd22bdb1e,0,0.04161078430574045,0
ccc1d2f8-d971-f08b-45f1-9f5cb2ac80d6,0,0.047085751665769365,0
ccca5cda-e031-4fe9-8483-6e226e342dcd,0,0.04765855365073492,0
cccbf00f-419b-46b6-82b2-21c82c56c01c,0,0.052008508089947496,0
cccc58c1-4986-4d08-b595-d837c0c7d514,0,0.056161865672584035,0
ccd95fa6-34a1-40bd-a201-6a8482e98478,0,0.0447704428024588,0
ccdbaf26-274b-4005-a4aa-7f1145f7eb0f,0,0.05569784997737008,0
ccde4fa1-11aa-4975-b4ed-4b76d1004d67,0,0.05217961766838853,0
cd098722-ea70-4f7e-a48f-8a1cc35eb18d,0,0.04709604928686894,0
cd11af3b-294b-4bb4-b760-88ad073a9e41,0,0.06071540894252054,0
cd148603-34cb-41cc-8f2e-0c0f2ae7f9e5,0,0.047508410286706666,0
cd17f2d2-dc0c-46cb-aa41-72ee65a4166c,0,0.04280711211911254,0
cd1f7180-c802-4115-9a03-aa2ad9beecbf,0,0.049985738896599456,0
cd27af85-99d6-4b95-9e51-99ea2c3ba45d,0,0.05532233630020949,0
cd287dad-655d-4168-8f48-5913742f33c3,0,0.04259020328727337,0
cd353cec-6c15-47f2-b9ba-8430bf87a25f,0,0.044201498661512566,0
cd40a03b-71df-486e-af76-6293d695752e,0,0.057262844177221106,0
cd4e6884-335f-4ab4-b1c0-6d2338e01066,0,0.051782745893960216,0
cd52d783-1efd-400c-ad79-f87afbc70b5f,0,0.04447704845743349,0
cd532a0a-5d6e-4f74-a74d-7cea533f34b8,0,0.05368544093723194,0
cd544bbf-c42d-448e-94a9-95d4d2bef132,0,0.04905506560676588,0
cd592886-cf59-4d47-81a3-3a26f1605306,1,0.05219209701473839,0
cd598a8a-aa1c-4953-bf03-bd39d9cf2221,1,0.6416850100513781,1
cd6849a7-0361-4853-86fe-69e3853412cd,0,0.06091475975830439,0
cd6b226c-76f9-4fe5-8830-e4c5fd61bf84,0,0.08630671627007898,0
cd6eccd3-6065-459c-86b9-708544483480,0,0.0467416266087234,0
cd726a31-5883-47e8-b7cd-c38ab08b64d3,0,0.0554722983420109,0
cd74682f-43ad-44bd-aaca-d3168e85332a,0,0.08141774324049669,0
cd84eb80-6a74-46ba-ac05-7943f59c0f36,0,0.05647710454090915,0
cd89d4d8-cd0e-4d7b-a288-f74b7636aa70,0,0.04613626351936044,0
cd8c9242-8801-42d1-83a2-fb2bc68b5cc4,0,0.046094265713856226,0
cd8cc264-f90f-4360-ad46-eb6f205b262a,1,0.1137190768128399,1
cd8f5aaf-9370-4ac9-a38a-4cb36ee5628d,0,0.08090038726991583,0
cd997f15-c782-4999-aeba-77959bbe3bc5,0,0.0730869537106613,0
cd9a168a-df80-416b-94cd-e48aeee6d59c,0,0.04643959382185872,0
cd9b7690-74ba-4bc6-aa8d-57d4fbe8f77c,0,0.04269270200529858,0
cd9d0529-5857-4c65-b2d5-93b4d608568d,0,0.053012746040756634,0
cd9f3572-f6e9-4704-bdbf-b38afa0f677b,0,0.05238682534641603,0
cdab9a96-a78e-44cb-8d88-51ed0cca1bd8,1,0.07996646867629562,0
cdac2133-1b99-47bc-8a9c-57355e9674d9,0,0.04245640217028536,0
cdad2d89-aa52-4b14-b6ac-5f73acd1c39e,0,0.06569387615105172,0
cdb129f4-4808-4367-931e-c2b11ee80d42,0,0.04165732110470911,0
cdb73d46-7eec-4b37-9228-28019a0d1607,0,0.048314829217550266,0
cdba881b-7ede-4dac-b341-e6eca7541cb0,0,0.061850799383352535,0
cdbeb02b-e9c5-49a7-a68a-ea8476c8c57a,0,0.047831468030560056,0
cdc3187a-f31c-4a17-b2bf-48ba725a4f73,0,0.04147178295575775,0
cdc51527-11cf-42b7-8bcb-7cb11cf33f11,0,0.05450209825087145,0
cdce3705-70ee-402b-99c2-fdb6c7564fad,0,0.05083691076893442,0
cdd12644-ad59-4f6c-b335-ef3582091d04,0,0.48488055308590006,1
cdd46945-2283-474a-a6d0-79353a676eb1,0,0.05284395573114847,0
cdd8d262-93d0-4964-8da4-530781861308,0,0.05100383019894349,0
cddc4730-a487-440f-9e01-e1beef454365,0,0.04355936314662226,0
cddc597f-8362-4b14-9b8b-87717ff8b369,0,0.045005168558881065,0
cde8d3b9-f613-42a6-9b24-3a573441d075,0,0.044487398937145886,0
cdf56265-dad6-4152-a031-248107dcdb4b,0,0.045065377325411514,0
cdf5a43c-7dba-4d64-9056-e9dc4e78e8c6,0,0.04629021374173233,0
cdf83388-5a7f-40bc-978f-4c0ce7f0e425,0,0.047576942613230436,0
cdf8ec60-d49a-4c76-94e8-fe9ceb1c663f,0,0.052173022583508484,0
ce030180-0417-4e45-bb79-4ed4f273d850,0,0.04395614068108065,0
ce0331bb-3917-4a68-a3f6-ff6e732ae372,0,0.04978216133417114,0
ce05b3d9-71b7-4bc6-8d0e-b8fb95cd769d,0,0.04752427255440026,0
ce07810f-e1be-4aa5-a70e-0046bc0caeed,0,0.047388980456137625,0
ce09d787-61b6-4a67-aeea-5d3eaaadbe5e,0,0.046631371638083605,0
ce1faf8f-08f9-4636-8d60-17d7451d3788,0,0.04896260592382384,0
ce1fe792-f8b7-49ec-9cb7-98889f793cc3,0,0.053264604089714306,0
ce25c84e-11ad-4f47-a34a-9a4e3ca4b414,0,0.044888409238283945,0
ce2f0595-9bb8-48aa-b7e4-0d74eece5d5b,0,0.048188020173800576,0
ce3e3b50-e38b-43bf-8419-d7036404e6c8,0,0.06605314511994184,0
ce4143ea-ac62-41f5-bc5f-77b9eeac5f68,1,0.11821240379570883,1
ce42a421-0a92-4577-ad20-3ca72e76621b,0,0.048470193958247774,0
ce4a597d-516c-4000-a2c7-87b82b59056e,0,0.1201468811618744,1
ce513ef3-311a-43cc-9ee1-67e4bd84afb0,0,0.05767824595338057,0
ce528e0d-ab7e-4887-8d0d-9c2be328d045,0,0.04399351374290249,0
ce60741a-c4a1-4a22-a72e-b7bbf9ddc0f4,0,0.044184873442228545,0
ce63e7ad-e9ca-96ea-e6b1-cb89608e5a1b,0,0.04324742234455172,0
ce7e35c4-9ecc-4a69-a453-67b123f5f88d,0,0.04784942708993451,0
ce814207-cff5-4158-a69a-a0d539ee2cff,0,0.048291361334026194,0
ce885079-4d92-4fe6-92a3-377c5a2d8291,1,0.8444236330190095,1
ce88c5ba-4358-4c71-b168-7f632774ee8e,0,0.05026754528181176,0
ce949222-0c93-4529-9709-32608c192376,0,0.05794081243862842,0
ce9d2b9e-bbf4-42bb-9034-f7b6ad36013e,0,0.048512958469022024,0
ce9d6dfc-c204-48b9-b485-85cdc768696c,0,0.04448868541719575,0
ce9f2876-bef8-419d-a3d9-7f210dfcaec8,0,0.048598982240190186,0
cea2789b-8c01-4bdb-9675-5298cc51345a,0,0.047556982504823896,0
ceb2a015-adb9-49a3-b3e0-217d493df5ff,0,0.11546782434502077,1
ceb5d9ef-30bb-4a2a-a789-714c301a5b2b,0,0.0755735526358787,0
cebb525b-ef48-4e7a-911a-5261d1eb0262,0,0.05174517298876806,0
cebe53d6-8342-441f-a132-c46c793b972f,0,0.0667149783594106,0
cec16bb8-bb72-45ee-a1bf-49025a458afa,0,0.051584665848260255,0
cec7244b-20a9-479c-a739-50a99d1aa5d7,0,0.042954933248194944,0
cecfb0f9-c874-4fbe-b6d2-068cf5c7a1de,0,0.05363469745236251,0
ced64b45-e9e9-4a5f-bd1b-2b6a8ce90902,0,0.04347240639142351,0
ced93377-46fd-40d1-b2f6-d5520e69f21e,0,0.06714040613683114,0
cedf94bd-8195-4902-8230-7bd1234d08c2,0,0.04409178748927939,0
cee04d81-6539-4fa9-a28f-7ef01492dd30,0,0.04441454476342273,0
cee0728e-9b8a-4478-be9f-dff9e3fc6d1a,0,0.0416070034450215,0
cee2d8a4-2d74-4b34-bdd8-9e5be4ff96f6,0,0.055209336955494286,0
cee6f3e3-bc2e-4600-b44c-a4a35d414b9d,0,0.048894917519885776,0
cef2770a-4975-4113-b055-f22f194c55a9,0,0.05200758950770968,0
cef2d9a0-19b3-4ff7-b313-0ff5f01cf3f8,0,0.04291334788754354,0
cefd7dff-50dc-44e8-8e3b-1415db8bc980,0,0.05315469002906053,0
ceffb375-28ad-41af-b6b7-a7ca0e083284,0,0.07500608583267614,0
cf00978f-9e51-4d92-af0a-4a4ac90ee1cf,0,0.04849181991109508,0
cf05b098-9e09-4e82-869e-21a6ac55ad37,0,0.054306293873987034,0
cf090694-9af8-423e-8b4f-f61ea1afc6d4,0,0.06217657913898734,0
cf0cddc1-c7a9-4ef1-84dc-aed74a450cfa,0,0.043922042222457325,0
cf0de019-1df3-473b-8ea3-19a04bdf3f6d,0,0.05117048924702695,0
cf1404a3-3d9e-4bff-9bfe-d77d71715e7f,0,0.04555412130999034,0
cf1a1680-e2b0-4e15-be19-1fef5aa7cd25,0,0.0910705842160244,0
cf21dbe5-8ab6-498e-a5d8-a23649c85159,0,0.043230091845200914,0
cf278bef-1380-47e6-b197-32a50a193cca,0,0.06740442702582282,0
cf2861b5-94d2-4d2f-9965-af7715de423c,0,0.052016289761519036,0
cf29edb3-5524-4716-9fa4-914e6df3904c,0,0.045429345305505506,0
cf38d395-2268-4874-bbb9-dd2c384ccb93,0,0.04701166229515926,0
cf3beac6-07a1-4cac-a774-7c74f17cbfc2,0,0.042551568715915936,0
cf3f29ae-1f1d-44e5-b046-07c63377a34c,0,0.04735454217496924,0
cf4a79e2-8e10-4c6c-817b-59eb09ffd744,0,0.04552369626989276,0
cf4c42ec-39cc-4492-84c2-bf49b0e1cc9a,0,0.05092022378691811,0
cf4ea2a0-1616-0fed-ab84-94a95131dc62,0,0.058276123581289085,0
cf54c32a-4d57-4411-a7e7-09857e823de4,0,0.04604341890058661,0
cf57c127-f920-47b1-ba41-5abae1854e60,0,0.06865749336039624,0
cf58c122-4c9e-44e1-a1e3-9d0eabbcb036,0,0.06506910875988589,0
cf676f65-b9c8-4710-a4fd-2a79fecc73f4,0,0.04857104408422758,0
cf689e49-af79-4c5e-8200-35967b6f3e29,0,0.04527753667707753,0
cf69dd75-12ea-4d71-8d4e-ff33f74a95f2,1,0.06842054019798122,0
cf7670cd-e25f-4144-ae49-7f01ee6ca882,0,0.05184798815339164,0
cf77fac5-a6be-4fb7-8e49-57bfb1712471,0,0.05316981632315772,0
cf7807fe-c7f9-4c52-bbd3-ad2f6b64eecb,0,0.04504333846507747,0
cf79727a-cfea-dee5-4c32-543d2cc1129b,0,0.06133137941183192,0
cf7f9e15-ccb7-4977-aa8c-679df75a5a4d,0,0.05007001627917171,0
cf833891-1437-401d-b968-de68ac753bfd,1,0.13032240550184812,1
cf84f3fe-2828-4596-8f96-0c6aeaa6c3ec,0,0.04841249796700686,0
cf859590-0ff5-4619-8a6b-806819c009d4,0,0.04465001700036664,0
cf86b2c3-0c53-4c11-a962-843ca02af4ce,0,0.0796057265047107,0
cf87426c-aff4-409f-ace8-8f167cd07557,0,0.04769424666662608,0
cf90fb6f-b5a2-4a85-b4c3-d2eca85ee5cf,0,0.04739075897451634,0
cf931e6c-f60a-410b-8d8b-2bda9b5fa90f,0,0.04585492460754439,0
cf93f254-f105-40de-bb42-0558b97f7850,0,0.048856726473802396,0
cf9a07c2-d4cb-4936-bdd7-cc43f8770c95,0,0.04252865872353486,0
cfa2e4bf-0522-4978-a1e8-041f89eb7ffe,0,0.04860718867961011,0
cfad4da9-a503-4c75-b052-2444356719a2,0,0.044478704448884465,0
cfb20bde-ae79-4bc7-bbe2-7917f53918c1,0,0.05146098353199345,0
cfb49b36-458d-4820-b325-b64499b24c98,0,0.06550129477927742,0
cfb7cb3b-fd6c-40bd-a070-131cb9d25a2b,0,0.047110501239740595,0
cfb7dad3-0ec3-44d2-996c-15004cda201f,0,0.08779222757886501,0
cfc5e49f-71be-4f39-826f-76b29ab34b09,0,0.0529168295209345,0
cfc89d38-0d09-4b56-b593-46fbc2500d45,0,0.042209923478063176,0
cfc915cf-080a-4524-b2d3-8758bd8f5e29,0,0.05048193616487031,0
cfd0fbc6-0bba-4370-ab99-2a4a6dec35d7,1,0.0926040799252966,0
cfd462eb-53ce-4435-ac8a-b3c77e859416,0,0.048559135675783675,0
cfd8b7f8-6f85-4ed6-b57a-560e99787061,0,0.04963467175441451,0
cfdac54d-4855-4b55-b0be-41f7a820f665,0,0.06596756465690917,0
cfdc39c3-3c66-4245-b1cd-e88df0bca219,0,0.05756304230634967,0
cfdd124f-e33e-48bf-9b71-ee2d778f5b96,0,0.05623918246936781,0
cfe19479-fb3f-45df-85da-04d9458136f7,0,0.05458467643185845,0
cfe465ed-4271-4f73-810c-10ac21351b67,0,0.04179929725075601,0
cfe501ac-08e0-4a54-a255-797272a29a72,0,0.06398779217446612,0
cfe80491-32f4-4239-a6c3-4deb0cc07ad5,0,0.07164800237813229,0
cfeb42b0-ab97-4c06-bba9-bf79d4f1033d,0,0.04661820518555453,0
cfebf66d-ae7e-4d03-8f76-faf6d436f24f,0,0.051664812068062164,0
cfeeb889-141f-411c-b85a-dd94fd844735,0,0.0489602143743614,0
cff3e338-896b-44ed-90a9-ae52780aee70,0,0.06812376305463443,0
cffb79c5-5bbc-4899-97fc-56d564ee167d,0,0.04454823164980687,0
d004ad1c-1558-4a1e-9e4d-1c6894866d12,0,0.04723812156253036,0
d00994e1-6cb4-413e-ad6b-8222a1225b80,0,0.06600793340662746,0
d01257eb-2f7f-48a0-b092-cd77a74e9c62,0,0.07014856062562261,0
d0132069-5827-4ebf-a1b3-b16496c9b396,1,0.713736887866428,1
d01ad1c0-7d31-4bd7-8aae-33c5be65da48,0,0.0495266098473592,0
d01adb8a-1b4c-4998-86d1-2384fe835fc2,1,0.7079480127598778,1
d024849a-e387-4c3a-b6be-4df7e8735d81,0,0.042292736701076666,0
d03124b3-6908-4f92-b3ea-4b6e009458e7,0,0.05694277950702508,0
d0350faa-69a4-4255-903d-eb6a0b5e0448,0,0.04307892811752881,0
d03c618f-7d4c-4d22-90b0-aa3519998ff3,0,0.0461212628266151,0
d03e9fb3-d7b2-446f-9c60-4b1eab1c2bbe,0,0.04790708750438257,0
d04838ac-5fea-4b07-8029-630f819d4656,0,0.044283608987794904,0
d052f2e1-9321-4fef-87ad-f31521136aef,0,0.051075021172874456,0
d056f45e-2337-4c6f-bd81-dc704c3e1ad0,0,0.04593298646716026,0
d05f78b6-df70-4e59-84c0-fc984db91a71,0,0.042241867169587284,0
d0641880-7493-4aea-b0cd-5b712c1f1151,0,0.04320105190420479,0
d0646990-c9db-45e7-a023-bdc94125402b,0,0.05398641146973474,0
d06b79f3-3fcb-4286-9962-3e0ebaac392d,0,0.05059869561521947,0
d07004ed-02ac-409c-9826-149a05a49719,0,0.04883354093868793,0
d0702a31-a481-42d3-9c3b-af463ec0440f,0,0.0440054103937145,0
d07506e3-1e28-408e-922b-8e1e9140deec,0,0.04444290911517617,0
d0781cdd-b830-433b-a452-41407a3df262,0,0.06855066924212341,0
d086c336-2567-49c5-8c41-388cd935a3fe,1,0.05431094327700921,0
d08e46d0-b9aa-431b-9fb7-58627591be22,0,0.042723332441589094,0
d0914323-90bd-4197-af1b-f5a1530ce4ad,0,0.07674444130201762,0
d0923aaf-76e3-4ed6-bc0b-a837fad69e1b,0,0.04783434109993668,0
d099c720-bfb1-4707-9041-d339c00f2107,0,0.11083692276533263,1
d09de301-a405-47fe-9775-0297e6cf4074,0,0.04879130846935057,0
d0a5ec24-a81e-4519-b992-7c4fe5c6e857,0,0.042929528975472454,0
d0a8ea56-b55e-4103-862c-36b6d7c89c6e,0,0.21506232739599138,1
d0b1dc26-5d9a-45ea-9b84-19c68cf0afb7,0,0.07068176293744584,0
d0b2b55a-f5b5-417b-bf13-fc2309985f56,0,0.05865111005171471,0
d0bb2f55-3621-4edd-82bb-40af0a358a19,0,0.06526751312114407,0
d0cbdfd0-cf2e-4a0d-adef-5b64903dd615,0,0.05368132852392108,0
d0d67897-5f9b-487b-9716-a75617cfd653,0,0.05876703472915189,0
d0e55ebc-c987-4e65-ae3e-991ba31c65ba,0,0.047294098023124634,0
d0eb0677-d4f2-4dec-8493-2c4417d14ce0,0,0.06770423912091218,0
d0ef9a5a-5098-4b7e-a384-4050c9aa044e,0,0.04818719265551935,0
d0f1063a-239d-4ef0-82f1-68190c35c433,0,0.11865630356713872,1
d0fb3812-2cb3-4de8-8519-7516b245c39c,0,0.04912640021201756,0
d0fece3b-cddf-49e7-90fd-7dc59a745f1a,0,0.04620982454757866,0
d1058a40-1db2-4b92-bbce-ba82c25464b8,1,0.074358807180953,0
d107d97d-8780-4ea4-8079-36bac7e31260,0,0.041840428537991504,0
d10f5cb8-5831-4163-b378-179ee679ad8f,0,0.042842784732015776,0
d110e9f3-a260-48ff-8f54-dbd7c48757ca,0,0.05074496707867716,0
d11a5b0e-ab88-42ff-838b-361918a3a98c,0,0.04505657922083442,0
d11b6c12-8221-4fec-a2c0-dd3f17621f33,0,0.04195344622634207,0
d122ccac-d97f-4624-b24d-51735e74258f,0,0.08636246771769462,0
d124999b-677c-493d-b06a-d6aa34a246b8,0,0.04645727049590405,0
d1253567-f1ed-4421-a568-001e6779d649,0,0.05671502984893886,0
d1335f05-ad35-4d4f-853e-8af16335d109,0,0.052495654637761416,0
d138f80e-b49d-4731-8b2b-36fb1058e051,0,0.07271485774284418,0
d13da5ad-c672-4aae-8582-1fa5370d5231,1,0.09648991841362094,0
d14011d3-25b4-4f14-a5a5-a60e2ea8bf39,0,0.049001077944883294,0
d145611d-d15e-4258-91a6-f2d3560dfaa1,0,0.048289539556120836,0
d14c2e44-34ae-4d32-b0ff-b89000deb0e5,0,0.0404449951812432,0
d14ef97a-15b4-4091-9e30-d314b2f33858,0,0.05600961112270478,0
d15216ae-2a5b-4dcb-ae59-7edfc3c9656d,0,0.044642246806698975,0
d1537104-6f62-4469-aa06-c7104517491e,0,0.049033961808689935,0
d15805ca-2346-4aab-9558-26c59a5ed03e,0,0.043019421222958945,0
d15ba587-fcf1-4edd-ab20-3557c70cd960,0,0.07258348763117287,0
d15bd338-f613-45f4-93d2-68e6d14804f0,0,0.04684410918022913,0
d15e32ab-efb2-4232-a646-0492a50d2fe1,0,0.04510277052885552,0
d15f8a27-0a3c-4bfd-a122-de768c685f19,0,0.05234219254281853,0
d15fb5b0-837a-4604-9ce3-ed4ac98165ac,0,0.06576053096334362,0
d16244a3-c344-4ddf-8028-3560dea482e1,0,0.044206983225215234,0
d167830f-b40f-48fd-9d66-90c209ad3bbf,0,0.11809375989190608,1
d171ad80-53ce-40a1-91c3-5ab62c7d619d,0,0.04358627723788436,0
d17b2510-32f0-4f17-88a7-16330103d769,0,0.04428152711795336,0
d187e11a-5aad-4ee5-97da-8aeb413c71be,0,0.05107226112997014,0
d19487a4-d3af-42ff-87a2-e092681320b4,0,0.04612192838681137,0
d1982cfa-1075-4b33-a115-a4100b3519af,0,0.045997526023750415,0
d19b3253-dbe4-4d48-b372-d61703e2a8e4,0,0.05139802866792568,0
d1a23636-6ba4-4c8d-a0be-d688d06f5320,0,0.0452996352162019,0
d1a75fa6-cb6f-42e4-8749-9b217e82d5b0,1,0.7428936070180224,1
d1a8aa64-cc85-45ca-8d69-0a9fd9e8c95b,1,0.35122777988708836,1
d1a9315e-1e75-4aea-9dc5-4c370fddd8e5,0,0.042793029014281905,0
d1aa508f-1d0b-472f-9991-331908018b0e,0,0.044504152988722234,0
d1ac3821-575c-44ad-8b36-a3e968eae59d,0,0.044266399684161455,0
d1b36778-dff8-4fd2-a701-b7f98c511b18,0,0.049837640777165175,0
d1bce74c-45c4-4379-842d-1f45d3e07835,0,0.055373774062620916,0
d1c5b7d0-6e74-49b8-bf61-15a4796771f4,0,0.040480058732772974,0
d1da1e9e-953e-41f5-9cce-f3abad5a02b9,0,0.04399986494475423,0
d1dd1cab-dd9e-42dc-a71b-fef053deb9e1,0,0.04265717896910569,0
d1e43981-42e7-4314-8eed-e9062ca52321,0,0.04675580577293909,0
d1e4cd66-9244-40bc-b22f-738a96fbf41c,0,0.054997949496752734,0
d1e5934b-874a-4c70-89f2-812caa8b69f7,0,0.043167015945041444,0
d1e801e4-ced0-49c8-93f3-b5242b0d5be4,0,0.04593440429333556,0
d1eafe50-d5d7-4a00-af3f-c3bac3259698,0,0.05192153170727505,0
d1ec2a2a-fc09-4d70-b23b-f2f6a0eb4379,0,0.1487777021161996,1
d1ed2e6e-4df7-4d10-be6f-8e8e5522dd8f,0,0.04956223588310368,0
d1eedd18-0197-4d44-8654-c29f1c997b3d,0,0.04510984335850906,0
d1f0d36c-1fab-43e3-aa8c-478070a6796e,0,0.053475287575610174,0
d1f0e300-e10c-4854-ba93-c80b13c36c47,0,0.04653097325005156,0
d1fdaf3e-6519-4498-8058-b47f27d22279,0,0.0447127405607103,0
d20231d1-dd09-4937-93f0-ad53ddd25578,0,0.04822347563237846,0
d206de7f-e387-477b-bcf6-333939131ba6,0,0.055116311559436394,0
d20d345a-8dab-4489-b818-c6e7284cb9ee,0,0.04828283828548299,0
d221e03a-2167-47a8-8327-fbcd5e559d8c,0,0.043471915743851786,0
d225152f-4ea0-45bb-9cbb-53da1e7fb13c,0,0.12243716745031422,1
d225aae3-cfcc-41db-b53d-644db2452082,0,0.04590609096874171,0
d22696d3-8047-4088-b818-2ba83b091ce9,0,0.048168423368744,0
d22a2448-cf7d-4823-a2e5-7ea9f63a8764,0,0.05238619623369502,0
d2317c59-809a-4deb-841a-9791bf788fc4,0,0.044941884710780075,0
d231d977-263b-4d4d-bf43-83d6ae0ee5a7,0,0.05181780828168405,0
d231deff-4feb-45cb-842e-dfa5bd5a3197,0,0.04790386262733052,0
d2347d54-949c-08bb-9e25-06613e7779a4,0,0.04485781927020413,0
d23e9e24-e734-44b3-95da-c75e9a876ec8,0,0.05190768228639873,0
d244ccce-4dbb-4ae6-af48-98eb36069e19,1,0.06424341420620036,0
d2465b31-b37a-42d5-ad75-43bf89cde1a6,0,0.05800408254716189,0
d24fa3aa-095d-4d95-b349-060c1ac28c24,0,0.0513518245221414,0
d2555c7d-86f7-4019-8f6e-d5e6fe1564a9,0,0.050043345725503945,0
d255b115-6ece-4e6f-8d73-614478a245aa,0,0.1304510716971128,1
d25b4be8-ec74-403d-8eba-2e4dacd1c179,0,0.05741894705088394,0
d262f3a8-d676-4d94-8643-a916d52387f9,0,0.1921450595960745,1
d268d6cd-2f04-4fb8-a22e-7661569e5f6b,0,0.045381293156743996,0
d26b5b92-e5e0-4393-810d-9bf247994974,0,0.043441315463570496,0
d26bd21b-01b3-4ff5-ab7c-d139ed08d62a,1,0.05731477679128431,0
d271b2f5-7960-4d78-9af5-b256e447b772,0,0.13849345705542387,1
d271f2b6-2b6f-418e-a7dd-ec94b1e25788,1,0.7761192736031702,1
d277d5ea-d2f1-4953-9f0c-d34b8d542c7b,1,0.062340528814983934,0
d27f06ac-bced-4a19-9d1a-c29b62bc6f3b,0,0.05650017765233537,0
d286c932-7528-4494-8df6-8a74d2f73e0d,1,0.7183814353826751,1
d28c9938-feb5-4079-8343-f32b18db82ba,0,0.04255759210072115,0
d2901e20-f825-4ed0-a05a-b81bf1b94eb9,0,0.0431970208138577,0
d292a8d6-2f81-4999-a19c-b99b9ca64cd6,0,0.04575411780707319,0
d293280f-643e-4514-8914-7451c5c1c343,0,0.07599303102269554,0
d2962725-6bae-42cf-b865-3d31ddb27cd4,0,0.06451669180432472,0
d29702c1-1d57-4ce2-8d87-3dda909f4906,0,0.07289804653648473,0
d29bd46b-027c-4dc3-a5c3-c823754d99d9,0,0.04552055064470555,0
d29d4139-0b8f-4dd5-8f3d-2180f1305596,0,0.051225545373099035,0
d2a45068-013a-4a19-a1e5-686cad0e7981,0,0.06729610612619943,0
d2af2e49-1650-4f37-bbff-bb2cbe626a91,0,0.06306033456557593,0
d2b0a0fc-c100-46f7-8249-e96ac31daa7f,0,0.17275558634217839,1
d2b51227-64ba-44e3-8e93-c23073b44fa2,0,0.04591485289866315,0
d2ba34b2-c06f-4c74-8eae-79afa2ee24b5,0,0.044187547578506375,0
d2bd17cd-8b3e-45dd-99fa-44eff9706210,0,0.043409880297129624,0
d2bde957-f269-4100-b280-b6b47df2d48f,0,0.057830822659505225,0
d2cf4375-33ff-4647-95c8-cf3257b97406,0,0.04712488392111554,0
d2d5ed1a-5fcc-497f-8adc-7971b028266a,0,0.045654792775309,0
d2d9f0ac-9deb-469e-9707-bb3067a32407,1,0.8757756737575918,1
d2e9b657-8f10-4d29-a1be-1992f56e63cb,0,0.044577801073068676,0
d2f64932-c3dc-4432-b414-d7621a5d07ab,0,0.044051411930215896,0
d2f6becd-309c-47f3-b442-3b09b31e5e9e,0,0.04272296421698157,0
d2f9128c-dba0-4f32-8058-53acb7982f68,0,0.25729360825257547,1
d2fb8d1a-221e-43fd-8855-0d83e969b7fe,0,0.18317807876891878,1
d3013a32-ee70-4112-a467-61be291819fe,0,0.05383000333989393,0
d30a11fa-71a0-4f09-898a-e269b6e7f928,0,0.04412413651945644,0
d30ea03f-3e73-473d-9d04-4a301a9196ed,0,0.04744854100126925,0
d312a312-0f7e-41b8-a972-d45cead93b3f,1,0.058455677986452376,0
d3141d3c-0c52-483f-a2e9-d910d0d9ce04,0,0.04492216355971439,0
d321e690-b785-4bd3-a0b7-72d4d0377eb8,0,0.04256663509697736,0
d32c7f61-eb2c-4dff-90dd-45bf0394cd40,0,0.2486370376634402,1
d343741b-4823-4b4b-b467-372502f0d34c,1,0.054284306977982213,0
d34a66dc-8217-4b6b-8fa3-04ebb4d00aef,0,0.04897802199230411,0
d34c3a5a-32c5-44e2-8ec6-18d7e1486f02,0,0.04656623383243185,0
d3529d6d-871b-4f5e-9e60-9b6b0347a881,0,0.12656889310760072,1
d3539980-092d-4b00-b3a1-277c4d07916d,0,0.04537941383231965,0
d354cf9a-ae2c-4584-84eb-834c6590b9de,0,0.16747127811276183,1
d3576343-b2ac-4e10-864b-a093bbcded5b,0,0.04128301623987122,0
d357b3a5-8baa-40f7-acdd-4728f13fb9d5,0,0.22309006121033206,1
d35a515b-90fa-44f0-a26c-7198a01fb581,0,0.049758576086803244,0
d35eae93-d1d5-4df4-bd37-7cd393a756c0,0,0.04816099682129583,0
d36992ca-3899-496b-bd32-8508b4a3d6cc,0,0.041765995379083945,0
d369b318-a78f-411c-8690-312a036fa696,0,0.24497191337924212,1
d36a86cc-b609-4b78-8040-389d39fd35b2,1,0.054512810278422454,0
d36ac4d3-e953-492e-8b8a-6f9c5a1d1684,0,0.05705723800031173,0
d379dfaf-0248-481a-ac7f-4fbe9bc8da6e,1,0.74313282602575,1
d37a4aeb-7eba-4965-ab63-7837d57c65bd,0,0.045076982689151945,0
d38331f4-8a65-4533-ae44-59e242a62f16,0,0.042914119414239955,0
d3880eee-d16a-4ce3-90dc-ca0b56405fd8,0,0.04699648438011561,0
d39a87e4-5690-4b2b-b7b3-bfcbe3ab7fc3,0,0.04710480972238804,0
d39dc42d-1f29-4a0b-b4d5-7cd3e233bc4e,1,0.28606447974954025,1
d3a7bdcf-9059-4ee3-bbe8-61b1f3400a7f,0,0.042303155939870586,0
d3b67100-0c16-4562-ba95-ae0e18fe0073,0,0.045152640140769335,0
d3b71fd1-28a4-4f16-a6e7-508d6c50aa1b,0,0.04836357009453609,0
d3c55439-9969-441b-b344-bcf3a83e8e8b,0,0.052743156844574667,0
d3cb0787-f885-4f45-8d17-32ed58cb4efd,0,0.042402556673394244,0
d3d36edd-0fe1-4097-9b33-80792e08b9d5,0,0.04726726924816,0
d3eec3a9-41e3-48a9-bf62-0425b7261835,0,0.04265341323693639,0
d3ef047f-9476-4b8d-a126-b483c55de653,1,0.1373791227792471,1
d3f5eaad-ced7-4d01-8dba-3ff049b6003b,0,0.04353621456605443,0
d40c9635-053b-431b-8ba1-1ac30c63dadf,0,0.0522680918811107,0
d414fca0-2cb2-49f7-be3d-851929cf1508,1,0.05451702305747884,0
d416d53c-6ef7-4b1f-a986-13d1fdfc5bb9,0,0.05391573813114072,0
d4176bbb-e768-41ae-9845-0e72af53adfe,0,0.04384425500075401,0
d4255bff-e4fa-41eb-8f87-3e53082255dc,1,0.7880284073928258,1
d42fef73-31a4-4c9c-8f87-6e58d4739ec5,0,0.06929865787627808,0
d43df6a9-d96d-4b80-a85c-24c29d9206b9,1,0.5991041858050764,1
d4506bdc-fa46-4395-ab40-dbbedc5dbdae,0,0.04291443302364741,0
d453b848-7a9d-488d-9dbb-76a69b2b6ba8,1,0.7620162430608152,1
d455f440-d04b-444e-8afa-8ddf9d327346,0,0.15818017792792313,1
d45d8b78-4f69-48b1-8dc1-56e654e77d26,0,0.061805773267122374,0
d4641f17-03de-463b-a47f-fa3a3dd40067,0,0.047666363465719654,0
d467d940-6f3d-4823-8736-fb4c5b91dc5c,0,0.05019720608989017,0
d4694925-3308-4ce9-99b3-b93623ba63dd,0,0.04414900194821624,0
d47bd55b-c128-434a-a8fb-aebf5c789dba,0,0.06163407455313886,0
d47d7ee7-254a-4790-bdba-dfab88d1c862,0,0.06710783225990327,0
d47f1e96-5650-40ed-8788-ec791919032a,1,0.044946657385839826,0
d4810eee-49c5-4841-bf9c-042ebe6d246e,0,0.04456854272589663,0
d486caba-3614-4be5-8fac-7e458a40f4b7,0,0.09589045911117865,0
d48894b1-b2fb-4c67-ab55-b906b55d45a6,0,0.04528111883717392,0
d48b0f89-6db9-415a-910f-15d7f46b48e5,0,0.04897757431912369,0
d48bcdfd-eb63-4d25-995f-cb06f74cbaa3,1,0.050884519792894226,0
d48e1a7f-83e6-4a24-8cbd-9d6f5fb899ac,0,0.045679088450881124,0
d4980641-b0e8-4889-af07-610ddea9e8b3,0,0.04376206145957365,0
d4a15e93-771a-43c2-990f-7621997ad9f8,0,0.06770410733163951,0
d4aa332a-5303-45da-8258-7bd407eba7b5,0,0.045539157462843274,0
d4b04760-a7d9-421b-9380-0a00d35b0e2e,0,0.06752281610851393,0
d4b428c7-73f3-488c-ac12-70a989207fbd,0,0.05525238436386496,0
d4b5071c-b5ca-4285-b2df-83a11151decf,0,0.04339787107567868,0
d4ba30a9-7433-4cee-a5b7-617100535d69,0,0.045288292595655436,0
d4bac7bb-8356-494a-bb8a-641d62d5e38e,0,0.5496790922990239,1
d4c07064-90d3-465f-b319-df02321b0653,0,0.11834082253944139,1
d4cc85f6-2d85-4a06-a8e8-05fa7ebdfbec,0,0.044233323032508855,0
d4dd2a02-7f9b-475c-9b89-f6e54c8056e2,0,0.047611692510990594,0
d4dd5431-102a-4861-8fc8-bc8f554d32f7,0,0.08079750201156613,0
d4e27a48-c8cb-4e31-861d-72994effba65,0,0.050052794701372486,0
d4f67570-f64d-47fb-9fe2-7c33fe2c5f2c,0,0.042598952200863335,0
d4fbe676-9a7e-48d0-9c38-a8e54a7408f5,0,0.04361191909131111,0
d5088b3b-1dcc-44e5-8d76-d4156d3a8f2f,0,0.05425863060737649,0
d50a5eb1-1ee1-496a-a807-b66c2fa526c3,0,0.04241430996393347,0
d50c90ab-db8f-4079-a123-87a1ca919fef,0,0.05887661812639073,0
d51eeab3-5949-4d99-8bbd-e2eab77227f7,0,0.06155097147054395,0
d5221c74-f04f-4e7c-af7b-ce8fd80e0a53,0,0.04545731535938875,0
d5222c80-036a-42c1-8bfd-5cb2d9105606,0,0.04365502198574246,0
d52743d2-b92c-432b-b48a-bdacb17dcd64,0,0.0526568752013427,0
d52cbbd1-5376-471a-bd66-e7b804347fe0,0,0.044148558374130134,0
d52fd5f4-d145-42eb-a7a0-96ebd5992fc3,0,0.04824625076819437,0
d531c1aa-5461-40eb-b5dd-6507ab023664,0,0.05485380411848459,0
d535f6e6-b71b-4e80-830c-7a8bf978465b,0,0.04375089108511053,0
d53756f0-5bc2-46ea-b091-2deb5baf9ace,0,0.04204822868095905,0
d53961f9-2d0b-4fb0-985f-81cebb2c3f7e,0,0.06289839740629541,0
d53ac4b6-692c-484b-a475-0476efdfc05f,0,0.04508892093407134,0
d54f7fbe-482a-4522-858a-b670c271472a,0,0.04658562088260289,0
d56ae1a9-4748-4183-8e12-e673982a27bf,0,0.04413530020275785,0
d56bbb3e-d5b1-4293-bd32-91fac6b9332e,0,0.33851922903712756,1
d56fc9ca-c55c-4030-b0da-492ea450eb31,0,0.08339608272704668,0
d57a061d-bb14-40f7-b7a4-13d424131f27,0,0.04440463775672724,0
d57a65bc-b9ce-40d1-b164-3e48023e215e,1,0.7085770250334164,1
d5866ee9-b832-4b1c-bacb-85167970a69c,1,0.8415371487559272,1
d58d98e7-8049-4910-ad73-585977013152,0,0.04802782516058871,0
d5912cc9-7b25-46ec-b1f8-7dc7f8ba4a90,0,0.0416546018051156,0
d59b94ec-b3d6-41e2-8276-e338f79e553d,0,0.049745067059810896,0
d59d339c-de7f-449d-88c1-6910a95c8e80,0,0.05019421621699101,0
d5a52661-242d-4b51-91ca-a3790717cf6a,0,0.0466499326700895,0
d5aa25d2-afb4-4644-8edc-d8004c03091d,1,0.4796816304537115,1
d5bf9d49-bcfd-466e-8cba-a81a3e286a7c,0,0.11327304799964433,1
d5c29891-c51d-46ce-9914-11f4a094b14e,0,0.04489038167110812,0
d5c5355b-bc23-4d00-850f-26568a04586f,0,0.04155653333423033,0
d5c680e9-ebd2-42bd-8784-1b43fb2037dc,0,0.06092172319240514,0
d5cadd4c-a8e6-409a-9a18-9040f4975b62,0,0.05377790465192369,0
d5d28b94-8188-4f36-8f79-84dcfadb9c64,0,0.05299239790189915,0
d5d73815-fba3-4e4c-a308-51fd44e2c42d,0,0.051518034544531716,0
d5d8b915-7b71-4b6c-8894-dc6e8bbbb9c9,0,0.04555957516913021,0
d5db3fb2-1689-44c6-ad25-4ad70018ca64,0,0.04568532551497484,0
d5dd2612-782c-4bae-9352-8e1ccbd4ea93,0,0.042657167983971345,0
d5de76ec-7ef2-4d78-bf16-220f2ca3fcdb,0,0.33404405588455194,1
d5e9ab30-2685-42cb-b4db-5a2d5ad4fd84,1,0.23573025407388476,1
d5eaff92-f1ea-4861-9c03-9e8af09ef7dd,0,0.05968569533815389,0
d5ef98cf-54d9-4ae9-9cc6-192de33082b6,0,0.044455237608733995,0
d5f18bd8-6f14-4ee8-84d0-829612a6020b,0,0.04592099786269531,0
d5f5ab47-06e6-416d-ab44-7910df8c9ceb,0,0.05577947526321935,0
d6002021-57d6-455c-861a-1ccfd67131c1,0,0.047018551824290766,0
d60a2c17-9a1c-4ab4-9fbe-8577f9906a87,0,0.0484963209410284,0
d60bee38-d1ae-414e-95c1-3295adb2724e,0,0.04792930676315979,0
d60c7cf6-dc82-4776-a920-6cdbd1f22c2d,0,0.13778577765399738,1
d6111470-1aab-4a48-920d-c52e6272a6fb,0,0.050748706583783214,0
d614686c-71b4-41bc-a606-c1d633dab86e,0,0.35335367462732015,1
d6149280-6d5b-4091-9c59-5f78a10fa6fa,0,0.048521566094163054,0
d6193e16-3635-440e-99c2-0bf90bb391b9,0,0.04845511980597578,0
d621ec77-7fa4-478c-bf1e-244bc33aa4b5,1,0.8376345497665627,1
d621fe9b-07da-433b-a9c5-68cf1567aeee,0,0.050009898186524133,0
d6268e84-1c72-47b8-8c11-a7df4c675254,0,0.041342992867023594,0
d6297e60-3560-47a0-a8bc-1d968ed87f25,0,0.0431615320625206,0
d62e4d21-7708-4c15-95bb-442104e20329,0,0.0512093592043982,0
d636b234-0c3c-4ea9-99c1-28bc9f846629,0,0.04299141149466843,0
d63835ca-b758-4101-bf06-4c05769a138c,0,0.046249467264704,0
d63d9ec2-ec60-4ad8-beb2-fdeb7317ff32,0,0.0537683798553404,0
d649590b-c121-478b-bebc-7220e40da03e,0,0.052346427366529676,0
d649dbd4-6736-4e65-97da-c92dbf2ecf70,0,0.05288688184642563,0
d65552b2-0fb3-46c3-8b81-bc7a38000a43,0,0.05322628718120225,0
d6662d91-cd9c-46e1-b7a7-786616215e66,0,0.0505329661924447,0
d6744cee-b74a-4338-a07e-7eca40a4071b,0,0.04694379818428722,0
d68e68a2-e882-45e6-8011-07fbecf649ad,0,0.05090546305370171,0
d69655fb-3dae-44d4-8a85-e264b9a60019,0,0.049954801994717815,0
d6974988-6d73-4558-a142-2350be155111,0,0.049805913283367184,0
d6a3c229-513f-4d92-83f6-b115e3cb526a,0,0.12967997074652135,1
d6b30461-17c4-4d11-8ae3-1df52b3061a2,0,0.060138386764140066,0
d6b3d3ca-23a1-424c-b6c8-0a444dc16525,0,0.04426555977267756,0
d6b6e5b9-4fc1-484e-aa97-0fd3b2535a8e,0,0.044753439106221024,0
d6ba16d3-c011-45cb-86f7-0f0dcf30eebf,0,0.0481378834808018,0
d6c66aa3-907f-4a09-bc23-856225873484,0,0.04976089559367657,0
d6c80615-1ff8-4b4a-9b76-e14a0b15fb54,0,0.04517435802673995,0
d6c9a3e5-a1b9-4440-bea5-339fc8c9c7ca,0,0.04923267207962464,0
d6c9ed23-b48b-4695-a563-d797c70eed92,0,0.06090963381862633,0
d6ca882f-ccb7-42a2-9ba2-703850f40507,0,0.05261454473602368,0
d6ccb9ba-3799-4883-935d-fd44022ffaad,0,0.08750002824377359,0
d6e0119c-9d95-4a3e-9beb-f61da7763420,0,0.04767487161444477,0
d6e06531-2a33-417d-835d-78677ef1c782,0,0.12720511496100528,1
d6e67978-d59c-484f-a773-de47e889f6e7,0,0.04599683104445961,0
d6f30fe3-9fdd-4ed5-aa28-4c20afebec02,0,0.0538600016816528,0
d6f8e8b1-1a6d-418f-9f4c-6ae2bbb1aa06,0,0.04694561009372847,0
d6f902bd-d403-4e4c-b254-24d2b4939639,0,0.10216650195249005,1
d6f95884-4e2a-4ef3-bdf7-93283cc4c168,0,0.04331190032152125,0
d6f9a1f2-f96f-4220-b393-ec697a3183c5,0,0.042548567130829384,0
d7046ed0-4041-4184-90cc-94df48919aa8,0,0.042806607531251435,0
d7089672-2e73-43be-a6bd-0c7d4ad4ccbf,0,0.20354910616813024,1
d70b8853-c387-4b61-9677-b317d87a189e,1,0.19620680063337997,1
d71632db-0369-42b3-9a3b-e7531c51f7c2,0,0.04240734318601798,0
d71b76f2-388e-4d2b-9a45-e926d86f374c,0,0.044913105628007814,0
d71fdeed-aa14-4381-b54b-b6f41c2f3f16,0,0.22408343819989485,1
d7243990-1302-4bbb-9b26-481ab1ec5879,0,0.05891379372861413,0
d731f219-c889-4149-b896-0e2ebe3402b7,0,0.14177330204704153,1
d743f773-7256-4366-9f9e-dac09508d8f4,0,0.04888678588345218,0
d743fbbd-537a-4761-8b5e-a02b37f843d3,0,0.580653794302602,1
d7455285-8bae-4c62-94bb-7ea626309682,0,0.05664914077373242,0
d746fa12-0eb9-4c35-9876-375d70a98102,0,0.052296581087093466,0
d75233bf-e6ab-41b6-9f77-0ae7e3de4d13,0,0.0901705670438114,0
d75a3464-d2f1-4c5f-b96a-c422ec010983,0,0.0615691686686986,0
d766e305-46eb-49c8-89ae-2dcad950c423,0,0.052322149440373014,0
d76892db-0bc7-4f74-9fc4-a990675ee082,0,0.1783030843161403,1
d76e8a90-6f1d-49d6-ac9a-f9979f1c2dca,0,0.0636837750235855,0
d7704a42-5a8d-4f22-a086-3a97643efb4d,1,0.3739682842787168,1
d7794d6f-ec0e-497c-8082-2de675893af5,0,0.04081515027530815,0
d78612cc-d5c2-452e-a4a0-2396b317d450,0,0.1463884435205123,1
d787bfd6-e8c3-414c-a1eb-99dc607db2f1,0,0.04546420127476558,0
d78beff4-7a3e-4128-b875-22fee6c28b99,0,0.053427521302557415,0
d7926609-1b28-49d9-9fdb-79635a72ae25,0,0.047660524553895245,0
d7946bee-8130-4313-8a78-94885acbcee3,1,0.23772349053339922,1
d7977977-798f-4de8-85ba-3464813a986a,0,0.11011810684699068,1
d7a13dba-416f-45e8-9e3a-3fea8efefd16,0,0.40988306774125,1
d7a33fcc-52af-4818-834b-c483cb161cd3,0,0.04513146521103729,0
d7aa963e-bbaa-4471-b8a7-ae19bf860faf,0,0.042352091110784765,0
d7af75cf-2900-41ce-81e5-6bb74be9cd39,0,0.04666477261340875,0
d7b3c1bc-9ac5-4d1b-b022-a7d9aaf99b5c,0,0.05168029350360496,0
d7beb18b-1bca-4191-8783-447000299a5a,0,0.046519854609925325,0
d7bf69b7-6237-48bd-90c2-689aaac4f86d,0,0.04849116926159568,0
d7c4761f-de75-454b-9164-177db5e53695,0,0.04261342600195005,0
d7caa3ff-d6c3-4070-aa84-3e565fdfa96f,0,0.04979128885322951,0
d7cd2d62-e866-4b98-ba0a-5a481094dcfe,0,0.04968522524571819,0
d7d06425-9e43-4560-9532-96de8d3dd5ef,0,0.04705843059846872,0
d7e91764-2343-4893-b4c5-bcf9fca3fbf1,0,0.06503175236435138,0
d7ed120d-8de9-4063-b7b6-7f301ff0d6c0,0,0.04698434452921637,0
d7f22f05-0ed1-4301-86f9-ae50472599c0,0,0.0425726020845268,0
d7f3e8b3-06d6-4704-9b83-6caf3792686b,0,0.04959769422937374,0
d7fd29b3-9de3-4d08-8948-2cfd8215ace2,1,0.14178899844747522,1
d7fd7910-734c-4db7-8a79-15097a3bec4c,0,0.04714467828658843,0
d7fdb7f7-8bbd-4689-95e6-0c2404726fe2,0,0.0438143110730341,0
d7fe13e1-255e-4a2f-a6ff-7f04b3838ce6,0,0.050751561085305624,0
d7fedf03-0440-4e05-b756-261bd9e14e06,0,0.04769836737175286,0
d80fcb13-9c8c-4b89-ab2a-7b3c69b15644,0,0.04695943483999361,0
d816c127-9197-4ffb-bb02-d35d6ada3b77,0,0.04501093641084139,0
d82184ff-4928-489a-8759-76832586525e,0,0.05145756694761802,0
d823f054-d9ef-429c-8926-bab98d341283,0,0.05103027854980299,0
d82567e4-2a47-4a05-af45-9b7e1b1aa3be,0,0.05038680018741445,0
d8289b16-20d4-4085-b6d6-3c8f0c6045be,0,0.04459958972687946,0
d829b26c-7774-4947-a93a-893ab19110f7,1,0.6105188420642634,1
d82c30d1-9bed-4ae6-9e63-ee56bbadc19d,0,0.10420762649766123,1
d82c61b7-7bf3-4146-92ed-e5396b74c79a,0,0.041056117433129743,0
d82f36b4-23af-4588-b44e-d1861c46ed29,0,0.045956002604000984,0
d830ba3e-8a24-4e5f-a6fa-0fd96bbf0eeb,0,0.052207714304459814,0
d8318810-c366-4a34-8d35-af85683b4152,0,0.044362745086576214,0
d836038c-98b8-4ed6-8838-2213df0b2311,0,0.04818583108787908,0
d8370df4-e93c-4a1c-97e0-4d1369844096,0,0.04791601392816755,0
d8397464-50d3-4f26-a327-1f141d94a6a4,0,0.057596956585617684,0
d83b3ea4-5260-46e5-9d21-015272828d20,0,0.04555602016588052,0
d842abf4-6628-4ef5-888e-0f2734af3b4d,0,0.06066197852519102,0
d84aee55-330d-4f16-91bb-75654c3a5940,0,0.062160202248044034,0
d8502228-02a8-4b4f-8e7f-09fdaeff9077,0,0.04381671505716247,0
d8506998-f908-4f44-9a7f-0efd4fe6ffa4,0,0.041552350921569066,0
d853188c-60ca-4f9d-a39d-f2740e167fef,0,0.0440002658563965,0
d854e804-9cb7-43e5-91a5-7c9c55ffcd37,0,0.04822769420043307,0
d8567ab0-cb8c-4fb9-b611-3054f25b6818,0,0.2163055608043096,1
d87253c9-39dd-432f-a0b0-683b1a52795f,0,0.04746839323730234,0
d8737d01-946b-4c6d-b0c2-f0aab7227527,0,0.04484282384013307,0
d875d322-e116-432b-9b1a-d335081fac0d,0,0.05159056512975134,0
d87e14b8-1442-4006-a759-4bb93210d6c4,0,0.044872957353781065,0
d87ec49f-bd82-40c7-89a7-6620a263d019,0,0.06467659496015715,0
d87f390c-7609-4f41-8f3b-594d75efcafa,0,0.09226555788269844,0
d8817936-01f3-4ba7-97cf-2b2002f5a726,0,0.043968105433621604,0
d882243c-921e-46af-9060-4a9f1d96741d,0,0.07426072920538532,0
d883a75b-18c9-4f9a-91c5-5302c7dac468,0,0.04741513631689146,0
d894218f-fbd1-455a-bc8d-1f130c97bd9b,0,0.05112075187083235,0
d894acbc-fa08-4101-896e-3993781d9c47,0,0.04546725205386278,0
d8a9a421-9477-46f4-a386-678e15abc3c2,0,0.04457141423129575,0
d8a9fb60-3430-43d0-a3cf-00d0fe4aacbb,0,0.04375213019772265,0
d8aa7899-8e50-4993-ba9d-3b1a6c71260f,0,0.0758284195412405,0
d8b3d0fb-8333-4edc-ab44-738f4764457a,1,0.08603017854057299,0
d8bd4cc8-9b42-4be5-914c-cdad1cab30c1,0,0.04382227708834514,0
d8be5d31-c354-4ca5-8394-3293fa79a302,0,0.06305214709937276,0
d8c58739-b9b7-4630-8242-8531907064de,1,0.8695421336977897,1
d8c7af1c-7719-42c0-91e6-9f0d9191658b,0,0.052537288817449616,0
d8cd7849-40fb-48a4-8ad4-5a0edd582dbe,0,0.05188916913183371,0
d8cf66fa-594b-40bb-a009-0909c0779d2b,1,0.27993493829141347,1
d8d03484-d87a-4a1d-a271-749310315a22,0,0.04856396934304794,0
d8d1598c-7964-0480-a55d-efcf22220e4d,0,0.04795433534793167,0
d8d2d960-766a-4363-b2a6-761d8fc5f7ce,0,0.11675449059315668,1
d8d4ea46-91d5-4341-92b1-0e0fd58082a0,0,0.04199899446054203,0
d8dde54e-f425-4ca6-abb6-ffbf035f9316,0,0.04331961963185494,0
d8e23d98-ebf4-48e4-84c5-5b16cd661351,1,0.07772900668523014,0
d8e39c80-dc62-4a0d-9ef8-b0f62dbe1d56,0,0.04886032544001623,0
d8e43f44-8bbb-4541-ae80-59689a1e8c8b,0,0.05111338196066383,0
d8e66a32-60cd-4fe7-996e-bb0d3ac2a8bd,0,0.04637482081533277,0
d8f58aca-ea8a-45fc-b99b-8d35fbdb22ab,0,0.052515930696430006,0
d8f77cf2-e61e-4b60-b5d4-4681cf8e3869,0,0.050918880506571125,0
d9025a0d-9408-48d7-82a3-8ba338e249a0,0,0.049283728856664995,0
d9045655-0ce9-4098-839d-fd3c85ec26f7,1,0.05649367434817324,0
d904919a-efdd-4377-bfc4-40f0c18f6917,0,0.05206733072283336,0
d914fdb5-738a-4009-ba45-d0e6ada067e4,0,0.043959757297819674,0
d91558b2-5ec5-4c45-9221-112afff6644b,0,0.04154947401934605,0
d917173a-42bc-48f6-b0c9-eb26873c19dc,0,0.053578843355219764,0
d92c1691-c698-46b4-a804-465e12311e90,1,0.17798085090287677,1
d93578d1-3253-449a-a66d-a80395cb49d6,0,0.04641419438673421,0
d93bcba2-74f8-4a2a-9925-93717181915e,0,0.0651924526170677,0
d944336a-ea9e-424f-bc38-07ecc1a0b0e5,0,0.043865880118542463,0
d94ab37d-c956-4ecc-9162-b9229fdd8afd,0,0.05875070850758174,0
d95633fc-dbb5-41ef-a0f6-42754fc998cc,0,0.05314280103219125,0
d96327e3-397c-45c1-90ae-3b5c9e6a9869,0,0.04324555618131986,0
d9653a27-09f7-4090-a397-3926341b540d,0,0.05833615641944713,0
d96fd7ae-03dd-4054-b893-d5bd3262c30c,0,0.047091379535230904,0
d98a60af-06d4-44bb-a204-b620575b3c56,0,0.04245296395300605,0
d98cf5ca-5f9e-4dfa-b5e9-f36d6dbed833,0,0.13280818130388442,1
d99017bf-d612-4a14-8ad2-aa0c2583c00d,0,0.046802972117981574,0
d998c4a6-31c3-445f-ae5c-852fb3f9805f,0,0.047631274571507676,0
d999b5d8-bda2-4286-b8fd-f4331be39f48,0,0.04702328528745454,0
d99bfbcc-8129-45f3-b8e9-d469405413e1,0,0.04745896258523637,0
d99c0c3b-54c9-4469-bd51-384e3e45da46,0,0.055737546545180455,0
d9a372a8-6ff4-4907-bcad-6edfe8392939,0,0.054916876537347094,0
d9a5bc4f-d6d0-4e9e-b3fb-096431c8a2d7,0,0.049428618879235234,0
d9b00871-1b48-4131-9283-534b6fd89df9,0,0.04298044813911062,0
d9b71ee0-15bf-46d4-97df-8a7c3fcb227f,0,0.04271893642677144,0
d9bb185a-cf19-42fc-ad0e-757c43f065b3,1,0.6400216882947778,1
d9bc5066-d12a-4263-a5c6-ce8618312617,0,0.043607288994485474,0
d9bd1a2c-2d48-4c00-b6dc-dbaaf4b7bddb,0,0.051134216995649115,0
d9be84ed-759e-4482-99bf-0cca938da891,0,0.042543500559298314,0
d9c10e35-9382-4622-9fc8-4fa9851473ae,0,0.048261734699013,0
d9c1908a-7805-4c10-a4e5-160d74463a23,0,0.07365089820270962,0
d9c5c29c-cdee-4508-9cad-4040c95af76f,1,0.42948925951127503,1
d9c64e92-16c1-46d4-8b8b-3427a2872874,0,0.04884864911326551,0
d9c7eac8-ce46-4dea-8585-9f838e8027d4,0,0.041563807601705915,0
d9c9600d-8177-460b-81f0-f48bcf0c3573,0,0.051592319908165034,0
d9c9bbfd-96ab-46b8-ba70-8fde0818e5d9,0,0.0517081709745119,0
d9d3d0b0-7030-41c1-8594-45064e0b009c,0,0.32751995600394046,1
d9d6bf53-5a33-4318-9b19-269d5cf4f6d4,0,0.05854580149453279,0
d9dc740f-55ba-434a-9d52-1d507a5a72e0,0,0.04913427159396436,0
d9dde9d8-e1a5-4904-a57a-2ac28ad6f574,0,0.05269719853341406,0
d9e58975-86ee-4109-8e52-234fb9e5463f,0,0.044530455478334584,0
d9e7c64a-3b27-4f13-9f6f-6e14c7817fef,0,0.39441967472491435,1
d9e81486-4e80-4a5d-be4a-c8e2f50ed3bd,0,0.054393776702200095,0
d9ea6e7a-d088-4d83-9a7d-0197d6334bc8,0,0.04314046994702635,0
d9ef2314-c7a7-4497-8adf-58c2d995d77d,0,0.062075637570898755,0
d9f2667a-76e2-4355-843e-c994ae56d60d,1,0.4054812693094929,1
d9f31567-a1c4-49e4-9e79-878d2f427512,0,0.0652082006274453,0
d9ffd532-0d07-4641-a55a-9434a74801b6,0,0.04124686944850171,0
da04338d-cccf-457f-b5ce-dcbb0fc4dfa8,0,0.04635926085708615,0
da0eddda-ded5-4926-89f2-ab25d1d692fc,0,0.04682000860983225,0
da149222-87e8-44f4-8cdb-db0f054f00ce,0,0.047924727172390144,0
da1bd99b-03e4-4493-9665-4d77ba6f30d7,0,0.04432933644706797,0
da217f66-2cbe-468c-8598-29331e98a2d0,0,0.04364673918188539,0
da260873-07aa-4e53-b7f9-ad7097cb72c4,0,0.05724259532823355,0
da29ba6b-37d5-4402-bad3-972aea19c831,0,0.04385652101512365,0
da2cbc0a-0304-4847-8421-96afc850d55f,0,0.0433699659306091,0
da2fe72c-5bd2-425c-83c3-067bbdaaccb4,0,0.08392044236537016,0
da35ead3-7e5a-434f-be7b-5918c282daed,0,0.235773335724495,1
da37b307-c838-40a0-8817-e8efc8bf1279,1,0.8068935973222345,1
da380807-c4ba-4821-bf50-9f783dce4326,0,0.04377674715034386,0
da447e0c-eba5-46f2-9057-d2cfec475a47,0,0.047683305851358354,0
da51fd84-85a9-4855-88bc-46db8aef8376,0,0.04331610238970338,0
da551327-7568-42ab-9b53-0da6caac39ce,0,0.04744280881827899,0
da5eae31-cdd6-4811-922f-487b2e9462b7,0,0.05331207970877669,0
da5f7f86-9e9d-485b-a3f7-ece66f9a663a,0,0.042931541683796,0
da620865-536c-4167-9c0d-5ce78a3c84c3,0,0.05080318358907058,0
da670f45-85a9-475a-9741-0f0cf55facc5,0,0.045868461289355004,0
da6a63ee-5450-49a0-be75-a57b17ea5861,0,0.04247974660738474,0
da711fb0-8b61-4518-8051-667bb860900e,0,0.04915508621608346,0
da80c3d1-02c0-48d9-be6f-bb1960399eac,0,0.0439245156185559,0
da8647ae-e709-4879-9192-9d5094cc431f,0,0.05157746504379155,0
da89658f-9ef8-4cad-bf83-cfb2d2370d37,0,0.044266120343023796,0
da98bcca-9d05-4e3d-a8f3-7df2de1313db,0,0.048343517382291964,0
da9a7723-a74d-4ad0-ae23-c7d70894ba83,0,0.07005888971182961,0
da9d5e12-3fa2-4723-9c7f-7a9df7318e08,0,0.24091056320979018,1
da9fac7a-d3dd-4c6a-9051-551a3239d675,0,0.05217020398367212,0
daabba73-aed1-4d15-a9cd-dcdbdbafc7c1,0,0.04243476471696868,0
dab0fbbb-2a9d-4a63-ac59-56c482840aa9,0,0.04644924700023812,0
dab1be26-28c4-4e3f-849d-c11ede8e20c2,0,0.06657124851239199,0
dab7465e-5c04-4ded-a16c-24753e579b69,0,0.059919035222859275,0
dab9fcec-5ecd-428a-914d-d60f3f73d32c,0,0.050982781545169546,0
dabf2f83-2151-4d27-8143-fb32af6299db,0,0.04222993127315867,0
dacbe324-1f01-4e3f-bc3d-ad72263a293c,0,0.07685544412466212,0
dad1cb6b-73d4-43e3-aa5a-59af6e0474ec,0,0.3323642017643863,1
dad5b6a8-fc7c-4323-9a87-f55215c78e97,0,0.04420786794222397,0
dadeb8d8-31a2-481e-b9c7-3a7e3d01e7fa,1,0.8424490428558361,1
dae70af0-f2ff-429e-b635-f95f861192ad,0,0.04636762879347827,0
dae910e4-6682-4643-a538-60db4e77ed53,0,0.049984466469685206,0
dae92f5d-0c7a-4729-9a33-a7df8fdc5b71,1,0.5666948706353341,1
dae96235-f2dc-4567-930e-70777f49a061,0,0.04389223487171159,0
daf114f9-e2b6-4d5b-a91c-18b71847f4aa,0,0.2337570050517503,1
daf3a4aa-f29d-4f8f-a4ee-9acb4a6292bd,0,0.05422053922864908,0
daf9644f-8e03-4ae5-8e83-115527b8c24f,0,0.04313551266692598,0
db02a431-498a-417d-b2c5-086562e74d7e,0,0.044769635333940294,0
db02ed30-dbfb-4f5f-a472-5005ef0aced4,0,0.044333698285352954,0
db03f239-a7e3-4cdb-9f8a-7406ae5df2a8,1,0.12063732032206213,1
db0a8052-2cd0-43bc-a38e-81f4019d05d5,0,0.06095644252688431,0
db0b7dcf-e704-49b4-a43a-d464cb775762,0,0.043319245631374785,0
db0ce2a0-2eea-41ac-9dd8-262043fc8aff,0,0.04482763907099661,0
db0d0411-dc55-4795-b43e-a87d2c697654,0,0.054279404346364975,0
db0ee0e4-4eb6-4ea9-91ce-98599f6ea647,0,0.0470996426189986,0
db1084b8-bec0-44d7-b465-2f0362b28521,0,0.04248692628476912,0
db15ed9a-d7ec-4f94-8af6-6f23f04ee0cd,0,0.051945422544791654,0
db280681-9e37-4cc9-a4d1-df92b780b5a4,0,0.06526211757885396,0
db2faa28-e760-4449-b772-4644d748e454,0,0.0529414364139562,0
db3fd259-4197-40e6-b48f-ec54603bf65c,0,0.043002772762763784,0
db47cb0a-659c-4a22-b004-950f7a9f7ab8,0,0.07211972959707018,0
db48e528-0f59-4ab4-becb-1bc423ef1344,0,0.2497562422053023,1
db4fe299-7b43-444c-bc10-d25f8d51273a,0,0.04586517913101513,0
db555d59-5547-4bff-805b-06caaa3e987b,0,0.042473198946149655,0
db592431-3d0c-4d33-87a2-0d304bea7318,1,0.29778815968758937,1
db59bd3f-d5dc-4c19-9c49-a05adf4e4e5c,0,0.04387015345373848,0
db64465f-dd44-4b77-8d77-3966eec32dac,0,0.051268977545657145,0
db65f151-0ce3-493d-afb9-f283ef079637,0,0.04351822863526628,0
db6d3059-4aa7-4761-a45f-13c7899bbf0f,0,0.0524237289891189,0
db733b1b-ea30-4d8e-9a17-ea4daf234330,0,0.04531990783181158,0
db7c529e-298a-47ac-9c2f-05a2497a42a6,0,0.04145081665390348,0
db8b74b5-a793-47f8-a147-bc36ecbd35a7,0,0.044795477603960944,0
db9394de-2437-4126-9964-cba97bbc3d3f,1,0.5869861480206979,1
db9caaa9-2f6d-4e44-a6fc-d561a327fb50,0,0.050982284212015394,0
db9cad43-9f24-4b24-8033-f7ffd7d4ba45,0,0.05322516256790621,0
dba634a8-c6ed-4e14-a13f-79afbb976253,0,0.043115625318457,0
dbc90e77-18b1-4c84-8f98-189d79fccba7,0,0.06298962391760403,0
dbc924f7-af14-44ec-9e33-22303c5c8700,0,0.05444334563146383,0
dbe0cd4d-c8e5-4903-abc8-cc062c961515,0,0.06668356683522259,0
dbe620f2-8d40-4ba5-b172-a49f46c4db2f,0,0.04484687394033789,0
dbea59de-e911-4c97-8806-b606022184bf,0,0.045341968351432435,0
dbec96e7-0d09-4a76-82d8-64de872f4b34,0,0.044578246244640525,0
dbef1ae0-7c0e-4b0c-acdb-93715576d69c,0,0.042230230889747374,0
dbf182b1-6080-4381-bb34-666fcb781059,0,0.13204933394004692,1
dbf2086b-eca4-4b28-8df0-17f170e0823b,0,0.04354003454069647,0
dbf24832-5105-4846-9ebb-77fcd0ea96ad,0,0.05900830962716452,0
dbf9adc9-9e3c-4ed9-985d-e0d2067478ac,0,0.04269691670519652,0
dc03489d-7086-4282-b4d0-bd7aee07d491,1,0.1285643044867587,1
dc040ba9-410f-4ab2-90dc-66cae0f26493,0,0.06803633641515992,0
dc07b438-eb58-4cd8-99f5-7e4f0fb4f914,0,0.04384982063044134,0
dc150060-445c-48b0-86be-74f89b1e04fa,0,0.046557227038595196,0
dc18936f-6e93-45a9-b5af-56a94bac845f,0,0.042388347146363484,0
dc1fba31-dae3-40f5-bd46-f68a7c4ee131,0,0.06973679386787918,0
dc20266c-221d-4f4f-ac6b-47317123e541,0,0.19956311689840736,1
dc24256c-1016-49c2-864b-f4374f05901d,0,0.04513844788909554,0
dc260d61-d2f2-42b9-937e-81397ded99a9,0,0.04343338323692246,0
dc2b6a90-a9e5-4d28-a441-132802e7a417,0,0.043484305929634065,0
dc393f6f-9e74-40bc-993c-b731c1e3f718,1,0.75479650757307,1
dc429bf4-87dc-43ac-bf0a-2945487faa6e,1,0.3045305002297117,1
dc4b4278-a623-4113-b76a-391e2b54e3ad,0,0.040492903772781835,0
dc532610-b3c3-402f-883c-fcb0faf32170,0,0.04752725803055519,0
dc648e0f-9671-4b6f-9cee-35bb95cbc7ad,0,0.051049979948626534,0
dc6878ea-a21c-4a10-9085-be347bc283da,0,0.04498060940189231,0
dc692657-7fac-48d1-96e5-c9c0b4b1db2f,0,0.08402518407993276,0
dc6fd24f-e257-4d04-81bc-9fc323e0ef34,0,0.04326656140482389,0
dc71f86f-dca8-4227-8382-2a2fd33acf61,0,0.04155159869302152,0
dc73e1e2-04a1-48b9-b88d-18142136aaf2,0,0.04556037225887527,0
dc7493bb-2128-457d-8c0a-4cb51dc428c1,0,0.043923947910032,0
dc757fed-ee5d-42ac-8610-e3b31e143b54,0,0.0446346844035674,0
dc7b56a9-effd-4b83-873f-e36a1c3320b1,0,0.045282542335311246,0
dc7d2c2a-f29e-4aa1-861e-28ede13f8d48,0,0.05016281095687104,0
dc8ab96f-e51f-4f15-bad6-bccfe0f07cd5,0,0.0807907247440467,0
dc8b28c8-58c2-407c-857d-da7a4bc399e0,0,0.04399056564393367,0
dc938e80-f56e-4cad-9d4e-567e8bcb0f86,0,0.044475957903973636,0
dc94522b-c62f-4aa3-85dd-f90e8b29a6d1,0,0.051178146146220245,0
dca04144-957e-4280-bc67-22dff44075e9,0,0.04214038810084187,0
dca0d2e0-617d-4f4f-a1df-f6fb264b02ae,0,0.04366117584955943,0
dca7a33d-c67c-4e40-90fb-033a1e167567,0,0.04558690026376218,0
dca84720-86e0-4a34-9f51-6a898d7b9c02,0,0.1277715169555299,1
dcaec634-871e-4471-9c64-e937be7a3b5f,1,0.818605828401902,1
dcb59033-ec88-4cc4-853e-62974142ed88,1,0.060267821950164835,0
dcbfc310-164a-4566-9922-1602c472ad35,0,0.04341920245837562,0
dcc2c627-2536-4d9f-8621-376be399c0d5,0,0.048385701085632504,0
dcc434e0-1777-48c5-afe5-5ef8d3bd2e5f,0,0.04483246809307346,0
dcc4d2c4-23f1-4528-b63d-c687f453550b,0,0.06287403727892904,0
dcc5fff9-53ec-446e-aa7d-8973e8e01354,0,0.04897593398395247,0
dcc97f95-4b50-440c-9ba8-26db80a765ea,0,0.047819326344929365,0
dccf4b37-c01c-4af6-b6ab-b38f7bb7b51a,0,0.05285461242460381,0
dce575ee-ac21-474d-b4a8-bd8dcf0414a2,0,0.04480883549322653,0
dcec6d88-0640-4010-ada6-78a57e896fff,0,0.043102773548968916,0
dcedd049-0b35-41cd-a0ec-986030b6eb7e,0,0.057009453217752824,0
dd025b2f-e592-499b-bdc0-41868c31571a,1,0.37816810363702474,1
dd025d86-9697-46c4-b630-55fcf300a525,0,0.044030013385241956,0
dd04906d-7d83-4040-857d-14cf1c2e444b,0,0.09215064898524764,0
dd0a5d16-895a-40cd-bb0d-e4c3deec632c,1,0.1791037948748687,1
dd0e7339-f216-4fc0-9ed3-4c4a8ce1eb6d,0,0.04347893963779287,0
dd129090-e109-4423-a4d2-c2e477b876a4,1,0.09178671010757933,0
dd12bd40-0c9a-4c9a-83d0-564f6be27fdc,0,0.04327918336617247,0
dd214ac9-fe2f-4a28-82d8-51ce63d96026,0,0.046902814049775955,0
dd2eb2a6-a8c9-41aa-ba61-2f845b6c8e77,0,0.0407426992292324,0
dd349b00-d2b5-4827-b8ae-21c1494f26d4,0,0.05917438325659745,0
dd3a3785-b727-4636-b819-6738ce186d83,0,0.11927559318320424,1
dd421316-073f-43d5-91c5-92ecedb5dc27,0,0.05644681523827423,0
dd44abc3-18ff-4d58-af2a-f09efe0ed57d,1,0.13348112988633667,1
dd4c8969-4175-4477-879d-b142fb0b38b1,0,0.0462058103707313,0
dd610603-aae1-4559-98ad-8b79dd9aa420,0,0.06700358518346149,0
dd85251a-5499-450f-a95f-aabb0a6ddf21,0,0.0444544235511399,0
dd85ef32-4929-4349-a519-b14f2f718349,0,0.07113252416600324,0
dd953db8-1860-4f98-89e1-cdca5e915fe2,0,0.04871414755504036,0
dd98b855-5166-4489-bc96-05559fd63f2f,0,0.0507200219553947,0
dd9eb8a9-3fcd-43b2-bdcc-5a71b04a54ba,0,0.055241864962433405,0
dda508e5-dcaa-417b-968f-1f5a2626b8a0,0,0.047499974676553786,0
ddafd850-c48f-4685-99ea-35b0d7857c96,0,0.07518004660919324,0
ddbf7db8-81b8-4a74-a79a-77d323503fd1,0,0.14712085213315051,1
ddc0a0c7-3c76-4621-8139-f7b236644c8e,1,0.3143628315640247,1
ddc0f289-5b59-4957-adb9-7c6f7119045d,0,0.0427027706384768,0
ddc20b5a-4f92-43ab-bf95-d8fa3fabf1b3,0,0.04334913559797792,0
ddc392e4-c02d-4803-ac45-752eda67526f,0,0.05052943535791862,0
ddc3aba2-ac22-4023-8c03-b8152b3efa7a,0,0.05130207622767977,0
ddc4ade4-d1e4-47d6-bdf5-a816eba2400c,0,0.07077623291203337,0
ddd094a6-9e84-4929-a674-048d4e14c202,0,0.05486210475608104,0
ddda03a8-e37b-49ec-8cbb-fc5d5831e6bf,0,0.049889048288900145,0
dde1157c-c70b-4535-b0b3-8030dccbaceb,0,0.04388889503082605,0
dde43893-7998-4413-8442-f8dc18f2f11e,0,0.05042257587858946,0
ddee70db-ea7f-47d8-af82-ba47e68c3e5f,0,0.04969025149899737,0
ddf6fdb0-ed89-4b1f-bc3e-954b8499f5c5,0,0.04403115357652946,0
de057770-6f82-49c4-b8e9-e0c4da5d87a6,0,0.052576708996894456,0
de0b20bf-d1b7-42e0-857b-824652491853,0,0.0432147298417225,0
de1199fe-efaa-4400-a4f7-9373acc26ae3,0,0.05791983996274014,0
de150e93-603f-4bb8-bd12-120fd54ddaf3,0,0.047551196146733886,0
de1852d2-e9c0-4e00-a52d-71fd0ceb0ae7,0,0.04618012452013718,0
de1b47ce-fbf3-4bb3-b64a-007b816ddc5e,0,0.13872125950594005,1
de254c77-1757-445e-8edd-f55163243059,0,0.057388889465524284,0
de2f9003-928f-4cc3-bbae-466c7c9986ad,0,0.04286215086386601,0
de389507-081f-4c5b-97ea-a87cefdd6140,0,0.040614389303011166,0
de412a7a-2e1f-4dec-a5ad-15a237751397,0,0.04580041013484431,0
de42ee1a-cc0a-41df-9b92-8bca74c5b1f8,0,0.05243357884254194,0
de48a801-1e6e-413b-911f-89ff9b28ded5,0,0.20517273933637964,1
de492a74-938b-47d4-ab2b-5fa050f2bc1a,0,0.0415649228825122,0
de57c954-e41c-438f-a682-a68f803218f3,0,0.04646684493110162,0
de587787-8fe8-4864-94ca-25b20c357387,0,0.0431194647127339,0
de5d2bae-2cb9-4129-8e9f-25ef1895edf0,0,0.060864330095922334,0
de6262a3-84be-4b9d-9436-2bb65fe7d7b6,0,0.050248044873198186,0
de7838de-221f-40d7-a698-7ffc26be8208,0,0.07797587409933869,0
de78447e-4812-4971-9557-b4818e0ec724,0,0.04849678732213594,0
de785b53-cd6f-4e32-8e92-8219427d0a3b,0,0.04467172211272728,0
de7f5622-5ae5-499f-8166-bd64488c279d,0,0.044581790613434626,0
de855187-dd95-4930-ada2-9638c90133ce,0,0.04346084591205633,0
de9ed8a4-a20e-4a8b-917e-2e0a1ec207d0,0,0.07033083342216777,0
dea011a3-f2fe-4a41-ade7-3f80f4e1de01,0,0.0715005320968726,0
dea8ff80-84f5-43ea-91e3-294afbfddcd2,0,0.042332354585636445,0
deaefcfa-c3c5-4988-bd03-755bbf86f314,0,0.041712863547457096,0
deb28821-79bb-4771-aca6-194de4119f0f,0,0.0638285304026509,0
dec0b85e-7df4-4454-9d14-e6e303634e1f,0,0.053654092863921664,0
dec33db2-ee3d-4c4f-bd75-cd5157880816,1,0.054721511306106696,0
dec7dbc9-a8fa-4eee-b40d-1b018f4f7089,0,0.0700747586041001,0
decb48e0-bb08-41b8-8b15-559d41b3f8d4,0,0.06351677354929695,0
decbe30a-8822-457c-b2ef-faa727255274,1,0.7914367247695887,1
decc5847-338f-4e9f-bbbe-ca508864d11b,0,0.255924245893813,1
ded71961-1c04-4d41-b445-771984c57a34,0,0.0439829244101211,0
ded8831b-b69b-4ee1-a723-30b860d38c8f,0,0.057162244646760306,0
ded8afed-eaf3-47ce-acfa-27f9f6cd80ea,1,0.07972048756915974,0
dedccb6a-6339-4284-80f8-de5cb5a34669,1,0.0526835214514383,0
dedd3ff1-5656-4199-ab5c-c998e4caddb1,0,0.05790279455953892,0
deddbdb3-8f66-4946-91a0-f25574d5012f,0,0.0432242353838284,0
dee6d2dc-682b-4088-8545-7b438a688d66,0,0.06662381049534717,0
def54977-1c45-4ff3-8d5c-abac96e5061e,0,0.04146176790239166,0
def9fadd-056b-4f79-9c31-7234964d1773,0,0.04321438962512594,0
defb5930-34c6-42f2-9dd0-da0c7a16aacb,0,0.053526329347489514,0
df05832b-5c5f-44fd-b49d-c0b701b36af2,0,0.04468581811380597,0
df0f27ef-f153-4757-916f-9d0429a537d6,0,0.28532078093128366,1
df1e7030-a9e5-45bd-afd9-2589c7ea392a,0,0.04422842552116737,0
df204a55-a30b-40fb-81ce-630bdb57c666,0,0.04359674130199376,0
df26d914-fe85-440b-86be-15d6de9115a6,1,0.22599225200538967,1
df280a51-177f-4eb1-bbfb-319ad0f8afbd,0,0.04499298028349254,0
df31d2d7-cde8-40de-882a-2fbe7919a235,0,0.04816104285585281,0
df32c4a6-1b70-452d-b97a-a79813834358,0,0.04699076890209139,0
df3fdc91-2b5b-714b-1e86-7fd789a7c7e5,0,0.0433102649170704,0
df417d85-02e5-4754-a37e-fe77a6449ff1,0,0.05120706431499662,0
df41964c-58f5-4ca1-8c46-9af18c6d3734,0,0.056879256901005475,0
df428bc1-8e98-5b23-57a5-222d3a13fd9a,0,0.04968057622105799,0
df4839b7-7c03-4848-8aec-a10cf58d2e38,0,0.12732804198273742,1
df50eeeb-dcc5-4d69-abb8-dc8e86e3408e,0,0.06298463770224257,0
df522ac7-af23-4f30-89ff-5e836511e90d,0,0.04673970582334342,0
df5b3239-98d0-4fdc-9ff1-0a0268b5152f,0,0.0562232793196364,0
df5e7e78-1bba-46e1-bb72-0fc38353eafc,0,0.051693267159751116,0
df6010df-a675-4e30-a52d-889d54b0c1cc,0,0.0434873382852238,0
df6de634-7283-4cbb-a7a7-d50c21919170,0,0.04467244909844971,0
df70fdb1-97ab-4992-9896-e37826f0e046,0,0.04319167598055514,0
df7204c0-f825-4258-a9f5-d40d7ee84dbd,0,0.0533379699217041,0
df7dcdd6-fad9-443e-9693-c9830f8d9956,0,0.05523684387739142,0
df7ee0f2-a222-4a5a-b5bc-666282adec83,0,0.04693714174222049,0
df7fcb86-038a-4eeb-9e46-0b2e3f141992,0,0.04452804114854584,0
df8c269a-f5ac-4a0e-8441-00830cb5c9aa,0,0.07568024118090998,0
df8c9861-3416-4832-9e7a-c66973ab52e5,1,0.7040660358481743,1
df950552-1cde-40b9-a20f-50d3571a1b93,0,0.04607117569510033,0
df975f3c-bc49-4415-90a2-eefdc1732a90,0,0.05206429954287163,0
df9c9b94-5a8b-4e4b-a1c0-7988004c75c7,0,0.08762435979477415,0
dfa01972-f7df-44fb-8a28-4c500a451a96,0,0.04322192865634549,0
dfa3b512-bc68-451e-8674-1c72a86bec47,0,0.0468138835458462,0
dfb163c8-4ae6-4a2e-b375-7304f117d56d,1,0.6474657040595643,1
dfb51d97-5e5c-4862-9c82-c353aa4c6f39,0,0.04320982392850572,0
dfc16566-b019-42a9-a1a3-69fd7a902065,0,0.04418541882564784,0
dfc729e2-3be6-4cb3-a9ab-b6677a193cbe,0,0.06140903306897276,0
dfd8b536-38b8-41f0-b0d3-8e866064e148,0,0.0420769819036889,0
dfdddf40-bee6-4f12-b4bc-6dd9e5fa52ea,0,0.0423892304580661,0
dfe79841-19f9-49c5-b5ab-4d2835068051,0,0.07340274464126989,0
dff167bb-dd36-49ab-93b4-69e626cbd89d,0,0.0427280041931238,0
dff2a33b-7c83-4d1e-a597-1b1bd7ebc59c,0,0.1275817175037073,1
dffd8e7d-d780-4d98-bc4b-87cff693beb9,0,0.05100588938784701,0
e000103b-71d4-4874-9c16-3d1e00647a7d,0,0.046618635436155444,0
e0029cda-29dd-4784-995a-3aaca0aa6e91,0,0.051092824375536916,0
e016ba49-a45a-4333-8fce-70f915592829,0,0.07062632100896382,0
e03c9b64-b273-4973-a8f3-a5a9199810a2,0,0.044432833860813245,0
e044640f-03fd-4246-aad9-13759629f048,0,0.056311362357765675,0
e0539f5a-5462-4a11-962e-c1408c5e8619,0,0.04468355203346031,0
e056d030-e659-4616-8187-fdc4774da45c,0,0.04534537965414437,0
e0591cff-6e6c-40f3-99fa-67b9d4c2bea7,0,0.04507783643065274,0
e05a45e7-73d5-4ba6-bf97-51bdbe3e03b1,0,0.04270391808982222,0
e05a54a1-e327-43d8-9567-19161838099b,0,0.045151645283486634,0
e05b40ab-15ce-4a65-9f93-fc815d693a3f,0,0.05515511314802577,0
e05e8f2a-acfe-4ffd-b40c-3a00b0ed5192,1,0.1024155751955321,1
e06218df-58f7-41ad-94c7-dbaed62f511b,1,0.06392319908862996,0
e0641b21-6fe7-41e0-82ef-4110926bfeba,0,0.05259378593932031,0
e06b1542-7a56-4b37-ae6b-cc37dc5fdd79,0,0.04740348312344188,0
e06dbb37-2256-435a-871b-1cee14243ad8,0,0.04535330318644754,0
e06ff57d-5f0c-4151-927e-c2464d793e40,0,0.0667304382326822,0
e071cdbd-a828-44f2-8c46-a42f0ef8b593,0,0.046875849641676716,0
e0744c09-2131-437a-b9b6-66f1eaedf851,0,0.04283454214785272,0
e07660a1-9c7a-4ecb-bcf9-b120de814562,0,0.04632325173916534,0
e0829721-36a2-44b5-8714-773cd25639ab,0,0.05028065975643142,0
e0851cf4-bcf7-4d84-aaa3-7e2fd4e8965f,0,0.07988477642949045,0
e088c617-1536-4035-82d6-21fa66c882af,0,0.04852994414477052,0
e089181b-201a-4052-81b4-952e4ca7da03,0,0.04286153802040013,0
e08f6322-49fd-422e-ae8f-00da540791a2,0,0.04491064902649952,0
e0982f02-c38a-4070-9a3d-a49401ffd631,0,0.04488094731037188,0
e09ab4e0-9736-4877-8474-f8c18bd72e69,0,0.04427231855115049,0
e0b1a2bf-fffe-4475-a3b2-7051c9f9416b,0,0.04608995307799761,0
e0b80a9d-0504-4753-a8c0-64c8c9965823,0,0.05246473723904653,0
e0b90a8e-d32c-4fb7-bb0e-96db46826df9,0,0.055689018324612184,0
e0bd1b3b-cee9-4dd8-8f16-d622e66fbb30,0,0.05043895221413283,0
e0bfc13a-139f-4738-be75-172b9375a1e7,0,0.05641008586923742,0
e0d64edb-1edf-41cc-950a-92de82de0eeb,0,0.09979705313256068,0
e0e00e60-8d1e-4734-bc7a-1a6f7d8de637,0,0.06196907012271921,0
e0f8a16b-06c9-4a8c-ae49-23faf04ed163,0,0.06794440028955978,0
e0ff6350-4988-4f7e-878e-9b1397843d1f,0,0.14403262371999273,1
e102c067-6e56-4324-b093-c7627a911b53,0,0.04922072009515282,0
e1050ba4-5425-4b8e-9cc8-194878031718,1,0.04889682442977164,0
e1108c87-f88d-4d6e-86d6-b1b94667c2d6,0,0.08058623097818289,0
e1131ab6-57ad-40a4-a0c8-65526f2e2691,1,0.6300493515603641,1
e1139d64-5746-4fce-89d9-f5589ec6f6ff,0,0.046554438873635855,0
e115157c-9131-49e0-9b7f-803ee64f43a3,0,0.04544433198410684,0
e116151e-eef5-4d78-aaa6-2cad7b074330,0,0.04491907747858889,0
e120528b-c83a-402a-be8d-f3e3c32e5f1e,0,0.10734134539938464,1
e1235d21-b120-45af-818e-3e66de26f353,0,0.05943856958099715,0
e13372f6-17cc-4545-a517-2d88fdf45a97,1,0.09968562278962814,0
e1469d39-6f54-482e-af2e-5a3d5c4b50bf,0,0.04471358350254267,0
e16bbf6d-2699-4dc0-b30b-374934ee0725,0,0.051188590561937856,0
e173446b-262c-4b75-b09d-79b4fd9ecb4e,1,0.15940059675163565,1
e17d156f-e4e8-4592-931d-7e0af7acba19,0,0.058078969697995524,0
e17ee798-1ae5-4ad2-9858-67868db5fb95,1,0.1234147777515369,1
e1929383-9fc7-49ec-b3d8-f3178571b2bb,0,0.04482350616024564,0
e193be8e-92f8-4f42-bc99-ef1230369bbf,0,0.04249706532608109,0
e1968b43-0c1d-4a7c-8dd6-721c4d025540,0,0.04124699516592899,0
e1a57b10-f22e-485d-ade4-7fe4854fe7b3,0,0.04106518632675158,0
e1aac5a7-7567-406b-a913-b28bcdb9cee5,0,0.04556814198699041,0
e1b4df8d-6843-408f-8cc2-b943f82145a2,0,0.05491936007666332,0
e1ba0dac-0ee8-4dec-b3c0-f2e5649337b6,0,0.0542389485304938,0
e1cca8cf-2256-4319-b92c-5a5953b2abe1,0,0.05482790559106683,0
e1d8100d-cbb5-490c-ae1d-ace4a10f3fc3,0,0.04629689411800863,0
e1e752d0-e513-4448-9e67-4ef31bee4952,0,0.045098388204056934,0
e1e7fc9b-2571-4532-b51f-8ad1861f163e,0,0.04131032722784609,0
e1eea5bb-1012-4590-840e-b0bc445b3ba8,0,0.0737156160662875,0
e1eff1b8-b11e-407e-b1d2-f46aa55dfc5d,0,0.05578098451847561,0
e1f40bf6-e435-490c-ae40-2e2f0bbe3bf0,1,0.35551309708182244,1
e1fdc8d2-9609-49e8-97b5-e633af978d72,0,0.04764904139026341,0
e201dc55-94df-45b1-b796-97de7f39790c,0,0.048442373050897755,0
e20e3b67-0f44-4717-8212-14caf17b73a8,0,0.04837156427206517,0
e20e88bb-0006-4c6b-acf1-4cc1578db928,0,0.04670997562867069,0
e21a8385-9ced-4dfa-a613-97c61bbacfaf,0,0.06432687096837363,0
e220b8d7-6ba2-4f86-ac17-addbfe893c31,0,0.04779111132379897,0
e223c6c1-635c-40b6-a40c-456895f4d752,0,0.05219395694911947,0
e225e135-7e73-2e17-539d-a6c02add6413,0,0.04376872593920424,0
e24a99df-1866-45eb-a280-5e07b233523d,0,0.042909880417170906,0
e258c1ca-a06e-4bc1-b7bb-e31c8eed4bc4,0,0.05379715261093721,0
e25ee7f6-bb02-45ac-b6f5-3903088e72bc,0,0.05511548492882631,0
e2674777-f9e9-4839-8a96-49a137cb176e,0,0.4871519410709312,1
e2680173-acd9-45a4-8c82-d89aaa741ba3,0,0.05450144572437393,0
e269cf04-38ca-4fe1-aeac-da6150c39897,0,0.053088694992530244,0
e26e8b11-fede-4627-8a12-e34ade4edae6,0,0.04685089653131439,0
e26fcb44-939d-4218-8bc5-59747ae84dbd,0,0.07392156142144195,0
e2768c0e-9d94-4f44-ba54-56cedb17f118,0,0.21490137286925015,1
e2774128-e3de-4c54-88bf-10b3c2651412,0,0.046228855501754956,0
e2820f75-fec2-471b-8e34-432f223c5b0c,0,0.04256870195518111,0
e282d9ed-5403-4f0b-98f9-b1513e0d7142,0,0.05630107685274144,0
e2836542-3f3a-477d-acca-1eb834281a84,1,0.05229045542875198,0
e292f3a7-82d5-4876-916a-ac29d93d85d3,0,0.08981889239707325,0
e2983bc0-f387-43e4-b08b-f7b98718f4c1,0,0.06596453121336095,0
e29eae52-e391-4d1a-b5cd-e2f5b4bc8ea1,0,0.043529414536971074,0
e2ad0b3b-c8ed-4b54-8c40-ccbb09f24c41,0,0.053386639259235015,0
e2b1f4fa-a4e6-4460-be2b-ef709413681f,0,0.048457684676618484,0
e2c00176-878a-4380-af17-b4673d8a6328,0,0.042182131835723786,0
e2c2bce4-9b61-4d81-b375-144bc65f6a51,0,0.044427565639014205,0
e2c32504-2d40-4194-8193-ba7180a5c6f1,0,0.051424445804329956,0
e2c45c6c-da7c-4f7b-a674-a88364957613,0,0.052261862201504826,0
e2c67c64-d220-41fc-8ef1-444542644d82,0,0.05415864553561665,0
e2c8e20b-879f-49a0-ab17-cb7b20170baf,0,0.046789168536110565,0
e2d36d8a-b40e-4184-bc63-56e5245421fa,0,0.05845080220822373,0
e2d49cd4-435e-4497-b9b2-33c2a6cdf8d8,0,0.05377331472492447,0
e2d4f03f-aa1c-41d7-b5dc-5491673d4735,0,0.0557967250845995,0
e2d5dc1c-0e94-42e5-9144-813632506055,1,0.7928892999068593,1
e2d6903b-b89d-48cb-8b6d-f888fe5438e2,0,0.04234321973520055,0
e2e4a2f4-f35a-42b4-b09d-9390ed0a7717,0,0.06518535342243778,0
e2e75ae1-d54d-4df5-8862-01f7d7b1525c,1,0.8384905606469332,1
e2f30b71-b25c-421c-b71d-597459b415bd,0,0.0408363507955935,0
e2f7ec6d-17b4-4068-9297-ee65e245bb73,0,0.0425941580761606,0
e3010c6b-9544-4c56-a729-8f133981ef7c,0,0.04182292216578518,0
e301f6e8-7323-4969-9d22-60ecca121a02,1,0.769018758394654,1
e30bf4c1-700d-48f9-b71d-68db8a2ce2df,0,0.04828942700211789,0
e31ffdd9-fb9e-4d3c-9914-a9ccffc4d7db,1,0.08179498773748284,0
e3226205-1290-4798-ba6e-905aadf5fe17,0,0.04288789887621081,0
e324d0e1-b30f-42fd-b6af-bbd94d2c73a0,0,0.0438483975415019,0
e32cb014-35b1-49f5-8f32-c1736a3e6e49,0,0.0467708898245042,0
e32faa13-57a7-43b1-890a-4a697783bce6,0,0.04788907675736389,0
e331e7b1-7b3c-4164-a3b3-cc8943f6d76c,0,0.10838007227247541,1
e332d569-d34c-456f-b06a-065eac41062d,0,0.04282887999414938,0
e3330de3-17a5-44b3-8f0d-9f0fc77382eb,0,0.042013574403785184,0
e3350625-3ff4-4f5a-b715-92663f5edd8a,0,0.0503795424715739,0
e335defe-5ea8-47d5-a5f4-0b924dd902e6,0,0.04434694734674867,0
e3389303-a042-4814-8ee6-fe6f7e168a16,0,0.04360080140559208,0
e340b312-aef8-4544-b363-59a5abfdc841,0,0.046496383120542405,0
e346b639-15b8-429c-a1c8-f8ebbcdc1409,0,0.046562108859083684,0
e35b8a1a-768a-4654-9857-dfeb72c87063,0,0.09999023180304863,0
e35cd29c-a8ee-4e8d-a01f-f81af222304b,0,0.06667732669004907,0
e36876da-3319-4f71-8786-75fb26ffb4fd,0,0.044300278144288836,0
e36a906b-7923-401d-af94-dcccbe6c55c7,0,0.04454655438498808,0
e36acf54-0ed2-4b88-ad1e-e07b763c128e,0,0.042264348632578864,0
e3705c29-ea55-4833-b82f-f610b8bb4cbc,0,0.04280128000175836,0
e371f973-e11e-4ad2-a9cf-9ec940247ac2,0,0.08063194449698943,0
e37b23b6-cffd-4d65-9197-09db009c8e5d,0,0.049824024687129424,0
e38215c2-91da-4f5b-af15-d7867f38c9a7,0,0.04478004161494037,0
e38608ef-94ff-4f56-9187-6f80e0882b2e,0,0.04273705320746511,0
e38bc7a9-d5ee-450a-b387-d7808c3d06ed,0,0.046431006549642696,0
e3910bac-d1bf-4fe2-aaad-ad5e3b675085,0,0.07746166700971034,0
e393f2c9-5aa1-4901-ba1d-36142d8a8b76,0,0.06962201197945825,0
e3a10c85-52c3-41e2-99e8-76c83d96c8bd,1,0.08036386460736192,0
e3a2a6aa-cd9c-44b1-a821-cc3d9042397d,0,0.04649319670855013,0
e3aa0122-545f-4d26-8173-d274aa911cf2,0,0.051865979906351584,0
e3af8e17-6f45-4306-b1d7-e66e2faacf47,0,0.04473582229669747,0
e3afdcc2-46d6-4450-9069-fbc7b20926ba,0,0.06543887364771821,0
e3b1a9fc-2a5a-430e-895b-93c14042ea94,0,0.0444785621120609,0
e3ba18ac-fb9b-413b-bd3a-b4b90c5a05f9,1,0.5560366461041951,1
e3bd22fd-fd82-4bdb-ba4c-5a5b1f2b8450,0,0.04117637678514137,0
e3bd2787-a366-4c13-9576-30cca2bf416a,0,0.2376324498626244,1
e3bf55f2-856d-417c-b68f-cd0ec5620b90,0,0.05276159452553065,0
e3c260a5-d4ef-4644-ae8f-3fa3d830d5f5,0,0.042262432466302347,0
e3ccc5d9-4e41-413e-8562-3100c15c0094,0,0.04429452453626327,0
e3cd71f0-3e19-48f5-8cd6-62d8c0280140,0,0.050354301374331153,0
e3d27b7e-d95b-4e44-928c-70aad4453056,0,0.04219500722371024,0
e3dd1d29-4f2a-464d-917d-38b6e418ef04,0,0.04878631531122187,0
e3e98e44-d574-4770-846a-08aa7d0bda9b,0,0.0845040593329068,0
e3ee5629-da0c-499a-a862-0d16ad9281cf,1,0.06870698190545442,0
e3f614ef-ea4d-4d49-ac19-52e825d7f198,0,0.05573183625030143,0
e3f997c5-1c40-4967-bfd6-a0d5fb9ea09c,0,0.04419126646150433,0
e3fc00a8-70cf-4acb-b3df-66f10d461f7b,0,0.06557002814717534,0
e405a0d9-e4e3-6176-c72d-2bc8eb82f20e,0,0.048160940484016444,0
e408449c-7874-49ce-8511-8aa6f12aa04b,0,0.048208719623051066,0
e409ea73-e97d-4713-a8a0-6bc0789e0dcf,1,0.051425645614756564,0
e40a008d-766d-4adf-a3e1-6e550cb97889,0,0.05991945288987952,0
e40c68b0-f378-4904-ab41-c72437848fa9,0,0.05022724826521205,0
e40de6b5-c596-429f-b1ea-bceddda891e6,1,0.08807868135004451,0
e4160075-5cd5-4696-9dfd-cfa441c48822,0,0.05345158247698095,0
e42053a3-65ba-4a3a-8ba8-c4d6737ccd24,0,0.058701160757720805,0
e421767b-635a-416a-a934-92458d0d2bbf,0,0.04871425420857947,0
e427255e-d3e0-4bc7-8962-e7f9ffe5116b,0,0.05003364804752595,0
e42a1438-2043-45fb-99b8-10f77fbd210c,0,0.042576647234350916,0
e42af72e-beab-4503-8578-98884eed6536,0,0.06706058072744403,0
e432cba0-0a38-45a5-a545-d1a1f3f9290c,0,0.2737102457755044,1
e43e9bda-7466-4e25-9e37-aa4e2451cd2b,0,0.04269542239978743,0
e449bd3e-ef60-4e80-9154-e10bb2ccfd40,0,0.04547474438951308,0
e44dfefb-af12-4a36-815d-0e93589aff4d,0,0.04455855769644879,0
e44fa4b2-8c41-4f24-af1a-4c87e00a5833,0,0.048136865113007535,0
e45553f0-152b-4ffe-8e02-9ccc9db2ebc6,0,0.0553206585852975,0
e457e379-30de-43a7-b345-c226895224c7,0,0.20144982854964144,1
e46cc7a7-26e2-4ed9-9c26-deeb087ec411,0,0.044061567137814506,0
e479eab9-26e6-43c8-bb54-9a57ce5f892b,0,0.04197479825301263,0
e47b2075-bf61-4357-b391-125eb99ad7c8,0,0.3088333696398105,1
e4818698-39f8-45d0-a32a-fa07a8206160,0,0.05061164162289175,0
e487a6d9-60db-4a09-9a0d-da9d2766e0fc,0,0.05529833727368967,0
e48800b3-61fc-4b80-9feb-7d80150b64a7,0,0.3982172148097747,1
e4880436-7f5d-4256-9a01-380f7cb67f2b,1,0.07937829566649157,0
e48a305c-6ad7-4c89-bd7a-dd6716e210a7,0,0.05104127252005076,0
e48cc555-e580-4149-a357-a9d8b74eb243,0,0.04934743282485422,0
e4958b15-6450-401f-879b-3262eb75649e,0,0.06027649857701666,0
e496c49f-9e8b-4505-a64f-9c334947b062,0,0.051343176990048874,0
e49963e8-88c4-46a1-9545-663d25ba4467,0,0.04509740188311188,0
e4a1b0a9-4143-4043-8d04-c7e2134701e6,0,0.0439713592933171,0
e4aaedd7-2a2d-4938-a4a3-3d805df46b36,0,0.05128333694292324,0
e4b154ad-cd89-4d0a-85c4-d81d77920942,0,0.05011366956062771,0
e4b1c85a-16a4-434a-8a15-d1207465c9bc,0,0.04453057144127498,0
e4bb5b38-5f8f-402a-aa5f-d8000b88bbab,0,0.05121798921929801,0
e4c3edf5-ebf2-45d3-aa9f-4e35dd7b3e81,0,0.04462562162915057,0
e4cb1714-8c16-4ef7-b860-83f21a40fa15,0,0.04986534446835462,0
e4ce607d-1069-4745-b811-5f04a897bd2e,0,0.12160514295521313,1
e4d24bbc-7704-4165-a5d5-94e7266ffe88,0,0.11914225537797397,1
e4d3233d-e7df-4798-933a-aea971353403,0,0.04275106769020953,0
e4db77bb-6b12-4a3b-83d3-19053e20ab31,0,0.05064423151310554,0
e4eed31f-c172-4e89-acf8-711fe57f217e,0,0.04778832618966194,0
e4eeef54-3147-4ecf-bbdc-4bc221c602f3,0,0.045339033198950586,0
e4f070b0-ded6-46a0-af03-18dc997f0f69,0,0.061795703387962385,0
e4f44055-c49d-4505-adf2-0a6dec5a9a76,0,0.04623457939354077,0
e4f4b000-12cc-444e-888f-5bdd809d64db,0,0.04820011088860525,0
e4fc2d54-c17e-4772-b549-101dbc44b8d2,0,0.055382737145137716,0
e4fe489f-82cd-4b39-8509-2632dedb1fb4,0,0.044945859347413256,0
e5065ed1-f8f2-422e-bd57-3ceac9aaf545,0,0.0484127167346806,0
e50a0f56-e8cd-42f0-916d-9851acd827aa,0,0.050506425015211985,0
e50b3414-3208-450c-b3a6-dc87d94de9a3,0,0.04815014823917751,0
e50b78b9-5613-4435-b394-6b6acf6a98a5,0,0.041426734001264766,0
e50dd26b-9305-475a-bc3c-fef2baff0aa6,0,0.05041172657684415,0
e5117beb-4bb7-41cd-a141-a5bf7e227453,1,0.3276941431461451,1
e5121cf4-feab-428e-bf2a-7f6b36161ae3,1,0.8476033721260346,1
e51e8548-ad32-4c0f-91b3-d96312d315bc,0,0.044573207634419236,0
e520b730-14f8-44d1-b23f-7c12ff9ddeca,0,0.04428375632216978,0
e52b7b88-aef7-4ea1-845e-7aa03f0bc8dd,0,0.041400593772838626,0
e52e8a53-41a3-42ca-a5ee-51a349ccb710,0,0.12772026573800838,1
e5315299-58c2-409c-9925-e3ac72c04d05,1,0.7094908421407993,1
e53ad920-e356-4fae-93ac-d9557c44dcfd,0,0.05600800552197888,0
e53cf599-3bd9-4851-af3a-9ea913f140a0,0,0.04963429721974618,0
e543199c-58a9-4578-b295-2ebcab69243b,0,0.05262679002890192,0
e545897c-1056-441d-bedd-1ff666702e6a,0,0.043042485584978,0
e55150c0-3c8d-4672-91e7-bab73cc10940,1,0.8875029429447349,1
e552c256-ae3e-4acf-9997-80d16091c3c8,0,0.045310199966903594,0
e55eb99b-02bf-47ef-ab0c-108a3764efde,0,0.04616355873686045,0
e566807c-96c4-48a8-9fa8-8541950a407b,0,0.0448708283272629,0
e569502c-2b81-4c55-8fae-4aaa4dc3bafe,0,0.04377533168092719,0
e573a1bf-5db4-4565-bc93-7869f27733d2,0,0.04806547115681361,0
e5808017-e8c1-4212-a4cc-d318f7c31aa9,0,0.05115531351781651,0
e5843b6e-8ba0-46d4-98fc-b760420526c4,0,0.05358476360673029,0
e58575ab-2dbd-439e-b959-eb3f4eb24d6e,0,0.05233354496391585,0
e5886d06-4409-45a5-b2a7-46cd78bf41b0,0,0.04572337675488165,0
e58a5a45-7778-4c57-945a-d6f82cfba503,0,0.051824099914593365,0
e58e5f3b-77ce-478a-b414-ac1b34795db7,0,0.06611350805619176,0
e5a0aa85-5f28-480e-abf5-dece200d23f9,1,0.18782286721870567,1
e5a61ddf-25a3-4a46-9d0a-deab56c6e620,0,0.09693049725261249,0
e5a7465f-e384-4a8f-bba6-161a74e75690,0,0.05053604659604806,0
e5aa3829-cab0-4b84-9739-9619affe7110,0,0.044404254794427625,0
e5ac3caa-e6d5-4d6b-ae06-2c18cd9ca683,1,0.5991113613518532,1
e5aec85f-de26-4892-97c5-861e42ad5515,0,0.043365857103720006,0
e5af7820-07c4-4723-aa0a-e22d9e810eab,0,0.04275657466465067,0
e5b1263a-f667-495b-b7f0-ebaf02a8276e,0,0.05510659524718827,0
e5b180e8-5697-4056-84c1-bfb1dc4fcecd,0,0.04463955058114844,0
e5c1f09e-2172-414a-b9d5-1b30f558fc3b,1,0.6578864969165771,1
e5c9106b-b752-4e68-8b93-117502a6572b,0,0.04442695475518769,0
e5d26fb0-8b96-43e5-84b4-b1b041ef18d9,0,0.05554959243249338,0
e5d9229b-09a3-4bcd-8410-4af1b9cba01a,1,0.06895210488607703,0
e5e4e563-2a9b-41cf-a4a5-890d89614a1b,0,0.04604611226703673,0
e5ea3776-a8ba-4847-8642-d87e7f8ddc89,0,0.0472062319009943,0
e5ec6408-6912-4e57-b278-309541214bf4,0,0.046293067913260676,0
e5ee1da7-ca1e-4ef0-8a0d-c3d707a33939,0,0.04544406214046034,0
e5f782f3-63dd-401f-a443-8ad90b5053c5,0,0.05089737539902948,0
e609018f-65d4-48f6-87b1-e6233d14e9ce,0,0.05401647438165359,0
e60950ea-5953-48a7-9fb5-3d39592ad68a,1,0.0745290062215251,0
e617f7b0-e8d6-47cf-9755-b4c8bdc27744,0,0.06123502417715024,0
e6288852-8b73-47bb-bf55-f1ad665a9ab4,0,0.11440524630116912,1
e629064c-633c-4908-bf1d-634388993ec0,0,0.05141738592835529,0
e62a49a0-cc19-49b6-b8ed-ff15db291518,0,0.05063743837550791,0
e62aa2f6-88cb-4064-aa2a-f36eaeb55c20,0,0.04085884741595832,0
e63a0537-bcdc-447f-8dff-0d31a72fda8d,0,0.046468746091028246,0
e63a1700-7549-4566-aec1-b415c67e37af,0,0.05123010998708912,0
e63ef0ad-9551-481c-88e5-947ca5313925,0,0.044374767754281744,0
e645cb81-7217-4db3-ad86-f89a3cb52e81,0,0.04990057420005537,0
e6570a6d-83b9-427e-b790-8470ebeb4d5b,0,0.04904723501692785,0
e6639b74-8c0e-42ad-bfe6-c09fdfaa9761,0,0.05104888690594554,0
e667fa9c-532e-40c3-a4b0-2d75f2c7bbb0,0,0.07681863604078118,0
e66bd8b6-3432-4780-8a58-ba6712a56724,0,0.05746000336968652,0
e66c1971-54b9-4fe8-ac26-24505e139c2e,0,0.04276665530654285,0
e66fe152-9b4c-48b8-90bf-32831a79a770,0,0.04216137052478579,0
e676c6a1-a1c2-4d75-88be-cd34f888c538,0,0.04139939577705968,0
e682e966-13f4-4596-a480-9852964b41f7,0,0.047657562818334144,0
e68fb95f-11a3-4f60-b505-1993deb2cc54,0,0.0489603144812768,0
e6959511-54d7-46de-b342-05e9e3d55420,0,0.04395873140583822,0
e6a64e1d-5c57-471c-83ec-c0b50876f446,0,0.043893542658433204,0
e6a98860-e15c-47dc-8e70-2e46706df7c5,0,0.043925823341753,0
e6ae2042-cb7e-4bab-815a-b362270ebc41,0,0.043900126630958373,0
e6b48dec-b61c-444a-9361-ff3e6e442d8f,0,0.05406135196246211,0
e6bc18f7-0c8b-43f2-b23a-dba24b97dbd1,0,0.05077427266623542,0
e6ca8952-d2e0-4d9c-bcc6-cfa40f872cf2,0,0.07675858779364818,0
e6cc4f54-a24e-4123-8e3a-ed2f2fb95e0c,0,0.0414026453167476,0
e6ccacf8-10f6-4e5d-bc0f-0e32395f9439,0,0.08495987963058667,0
e6d0bd67-8631-4bfa-994d-356971cffda9,0,0.04793214504714996,0
e6da6dfd-d396-4b50-a1e3-a6f564ff19cf,0,0.04321509784219226,0
e6e12c57-f9ae-4022-861d-e506398fa1f9,1,0.8337720722590158,1
e6eae750-ca61-41da-a5c0-5867402c2717,0,0.04900519548560457,0
e6f6351b-9bad-4567-a05b-061dae78f284,0,0.04478378783696336,0
e6f7f37a-3e0f-4f7b-9042-8d295ba1380a,0,0.06286715172724301,0
e6f9bf81-76e2-4315-82ec-ed618f232c81,0,0.0428598514961494,0
e70237d9-4e8b-47db-80d8-7a2b36d155da,0,0.04854611394090742,0
e704c630-9384-4e14-90e7-7d8b094d9744,1,0.8469945351557835,1
e706dae3-bafb-4e58-9172-9743a41a4560,0,0.0457998262199553,0
e7082aa0-9d43-4266-8c3c-0c6ccf52b3a2,0,0.04290455500503152,0
e70eff8e-251a-443a-b38b-81fc26015657,0,0.0648413130907015,0
e716566b-e02a-484b-b8db-cad8ccc07060,0,0.053851882839582636,0
e71928d4-79d7-4ee1-947a-80ca3a830e2e,0,0.10084352165887016,1
e7255c0b-5f9c-4bf8-aef2-ffb03a949259,0,0.04527163048724276,0
e7290ca1-837e-473f-b7a0-79b4bed1c135,0,0.24032262252289927,1
e729ef94-1b2c-446d-8812-c2e6559a454c,0,0.04428656636158751,0
e72cbaf7-6853-4822-8896-e3dac979c0fc,0,0.043587541805485686,0
e73441b4-c2bf-4294-8e84-fa9e1497e6f8,0,0.043244729275330136,0
e736821b-9790-4b1b-bc89-06fbf6689ece,0,0.051475793898818775,0
e73926e2-424a-4309-ab0a-2b341fc007ee,0,0.04997489649086699,0
e74161b3-3467-40e8-b5cb-8f94688aa98a,0,0.05222406140393755,0
e74f8331-db89-452c-870d-9c3e8abc7174,0,0.046960373146142,0
e75720ea-47a1-4adf-950b-8e041b787023,0,0.04329027033866834,0
e759592e-acbf-423b-b0b8-065db0c25987,0,0.046701443546865874,0
e75af272-7c00-4bb0-a8d0-0cf688e1a9f6,0,0.4691903325696048,1
e761f941-856b-4251-a871-1d501a9176a9,1,0.7368625088685254,1
e763f30c-87f0-4fa6-8b4b-cdb4a5fd25af,0,0.04703056005428544,0
e764459c-5b39-43ed-86f8-939fca357de7,0,0.0496447746996852,0
e77136a9-1ef6-448c-a7f2-705311e377d3,0,0.04398162225425893,0
e777cfa1-83d2-4008-ac3d-6a711c2dcbf7,0,0.04824014787844829,0
e77ac44c-73df-4fa9-9950-293fc59c9916,0,0.04307219081017534,0
e7848932-1225-4efd-9ff7-ccf44978ba96,0,0.04422481039226616,0
e787fc61-5a41-44c7-8c15-5a53e95e9514,0,0.046500143367007904,0
e7898ef7-e87a-4f21-b8f6-ba91dcfd134a,0,0.04777807321733973,0
e7a003b3-894e-46ce-a455-722ee8f4fbc0,0,0.11838956040140686,1
e7af80cd-d7dd-403c-a671-7bd9567fa1bd,0,0.043741135619734625,0
e7b546c8-9cd9-405c-b164-99f4ba509dd8,0,0.05097269563361802,0
e7b59dff-1ccd-48fe-a7a4-0912fe459f86,0,0.049020094463218714,0
e7b5b6ce-b7b7-41b1-964d-12eff9adbf87,0,0.14957161732454588,1
e7b65682-3965-40f8-a399-08a92a99cd4e,0,0.0488506119678459,0
e7b99166-766c-4f27-b689-cd7082c1ff7e,0,0.04293774395258912,0
e7be75b2-44e3-48be-b382-397dfec41b18,0,0.05357808231640379,0
e7c5b759-a2ca-4a82-b119-88846cf688e4,0,0.06082026657912303,0
e7c77366-d712-4f50-a6b8-3d16725fb68a,0,0.06999330366272397,0
e7cc9c9a-20fa-4584-beec-4a8a722a01da,0,0.04964066390371012,0
e7ce2707-b77a-4d37-ab32-32e114fa6360,0,0.0497461582754129,0
e7e147c3-63d2-4970-bd82-b7377a1045b0,0,0.048063563478536575,0
e7e2ea03-f103-4fb0-82d4-f596ac19f495,0,0.061039770316233984,0
e7e63647-c873-4e9b-91b4-98ad1d24674d,1,0.6713596689346634,1
e7eb34e4-59b4-43eb-ba1f-bd6fd83bac4f,0,0.05615969357797386,0
e7ed694d-eb7c-41bd-872b-23fe7623e191,0,0.04260138422763193,0
e7ee6f26-d62e-4086-b063-cec7f8d70713,0,0.043860117983943916,0
e7fd99c5-b260-4a58-a6a3-febcc8f7777e,0,0.04894315958008199,0
e806b8f9-96c1-437d-8992-d6439e52f555,0,0.042771906139892825,0
e8085be6-2a06-4eb8-9bb6-0bd17b0b7aed,0,0.045254545962631586,0
e80ca4dc-8a97-44e1-ab93-9dacc77a9ae0,0,0.05047304756966766,0
e80de3e2-1243-43bb-8828-0cf6e89e5e45,0,0.06350622281262167,0
e80f8029-ee22-4e12-80b4-007db0cd5c01,0,0.04167042712712611,0
e8124519-798a-4eeb-b4c7-ec803d1663db,0,0.044606757848060036,0
e81705e1-b746-4593-a900-c52bb1297292,0,0.05319160346092116,0
e8191baf-d32e-46b7-b75d-84679fd03d7f,1,0.06889577447890347,0
e819220f-630c-4f0a-b5d8-e719081013e0,0,0.054720042227772346,0
e821f85b-a6e6-4ae0-a45f-78a6e67c0e86,0,0.04440129047833979,0
e8239d22-5390-488c-ae33-cd4abd926f5f,0,0.044303828953973445,0
e828f114-1d9b-4fe5-b423-ae8dc64e70de,0,0.04665768656199455,0
e83295ab-bf66-41e5-a2cb-c4c880e99929,0,0.05571125987398345,0
e834dcbd-fb54-4d2d-9ef7-dce0d4aaaaff,0,0.04240154891540923,0
e8397052-54e2-480b-8189-cd8f0623c59f,0,0.05342981939862174,0
e83c4284-5502-40ca-a4f3-2cc28812a735,0,0.13588768989060918,1
e84242d9-c7bc-45d3-b334-0ee7d47c59b6,0,0.04624702947270197,0
e846f93d-64e8-4a26-b6dc-590d4693ffd4,0,0.04843378748570509,0
e848ce05-537c-4490-ad78-a1ade7ae0d73,1,0.8330388483550122,1
e85200bd-55f3-46c2-b6a7-1fc6598f8d48,0,0.04556886595724616,0
e854ffdf-aac3-4ad9-a278-5b73b627942e,0,0.04917897832605415,0
e858403f-1959-4bf1-9d74-a9f22525aced,1,0.8433795556021129,1
e85ff9c4-a7f9-48aa-abbe-13ccb6756db5,0,0.048522607615930864,0
e863482f-cd2c-47ea-b073-09db6275774d,0,0.05041478946979025,0
e864b6c7-34f9-4f14-b4c0-e59de4ce3e29,0,0.05369007921869969,0
e8666a5b-c11c-4ebf-8874-b9b0bfc19a67,0,0.06046273200379017,0
e867487d-5de5-485d-b59c-4a28fb802880,0,0.05026465464764928,0
e872373e-5ff7-4594-ac44-24545a81d9c7,0,0.040899742291537686,0
e87889ec-1b77-4257-97a1-ae271fe64aa6,0,0.04789032658168334,0
e879835e-d3c2-4113-b771-e8959761f448,0,0.04940837881498115,0
e881740b-ab5c-4f50-925b-aa4a001c0868,0,0.04618593072837386,0
e8898045-cf64-4e5b-b435-928798aa64cd,0,0.05429696037705043,0
e8905670-9f78-496b-bab8-bbb0b3db793d,0,0.05723765847812083,0
e890dbc8-64dd-406d-8c74-954c4548fae3,0,0.0444027445548661,0
e898da8e-f23b-410d-b5a0-89e03e48267c,0,0.048198814000887734,0
e89a9917-821d-45af-a80f-454b484e4e85,0,0.05613203884669512,0
e8a1c70d-0bbc-4b6c-b6c5-71a8d784b0e3,0,0.0435723313293635,0
e8aa01b1-d0d4-4ae0-8f22-f29c8c5b587a,0,0.04437905968327363,0
e8ac5847-ad45-49dc-8971-4f46343d9ddc,0,0.0457531267351088,0
e8af54fa-af33-4134-b022-245e9c7b5338,0,0.046418333709805415,0
e8b06979-104b-45a3-b47f-8e5220a0c7fc,0,0.04474769399857255,0
e8b95f1a-5f87-40ab-b75a-40942d5a1726,1,0.8623576700734802,1
e8c0ace8-cec1-4812-b9a8-223350f97db3,0,0.05056499270166459,0
e8c55b35-3033-412a-8a3e-e53b530db918,0,0.04795176353904051,0
e8cab94d-63ec-458d-a513-ccd6a5ad88c5,0,0.053618734953588536,0
e8cf84d3-cfa1-4dbe-b22c-73696ec3af24,0,0.06807923363317843,0
e8d9a5ca-59fa-4223-b3c7-6a962e4e06a0,0,0.05067194673902295,0
e8dafad3-53cf-421e-812b-012b696e2b09,0,0.046146499035061524,0
e8dbcc63-c35f-49de-acc6-660661573b0d,0,0.2838933231329261,1
e8df1259-0e18-4104-a83b-1cbc9076b0f4,0,0.04531355288460874,0
e8ead63e-98b8-4ab6-8e3b-13d24714036d,1,0.07690729122204508,0
e8ed8823-c219-4bef-aeb2-ceaa6501934c,0,0.08866702003127934,0
e8f0f54b-d2c3-4493-91e5-48568742595b,0,0.04564734982195472,0
e8f1e59c-24bc-4595-9c85-bc36924b1048,0,0.049539048009492145,0
e8f90436-e445-40d7-abe1-03b2904e694f,0,0.04502073391472469,0
e8fe121d-403e-4368-a0c4-c41601998644,0,0.042605518634573576,0
e8ff8f1c-c47e-40bb-8aab-afa053d31884,0,0.05086769275007106,0
e9068aeb-e911-4cd1-91d2-042318a90703,0,0.07084124690700383,0
e91305ef-9c5b-40a7-9b49-012c3d65ff40,0,0.04375347729817054,0
e91bcd0f-cfd8-465d-b423-727d43e3bc77,1,0.24636567787729174,1
e91e4fe9-8d8a-4460-b838-e9751917e133,0,0.06508660683128455,0
e9206083-c46e-40ea-b995-598f3a949ab1,0,0.045184375044005555,0
e92503e4-ea21-4337-86ba-b017a3c7b0f6,0,0.06343131454750148,0
e92dcb09-4af6-4382-9184-84949d356ac4,0,0.06559682986048475,0
e937725e-df44-463b-ab7e-cef912923585,1,0.8055626376518794,1
e93dd50d-7bdf-4ff5-9b71-8f214c5c57d1,0,0.05996747624792631,0
e940aca6-2b9f-47b5-97c4-0c2bfd516962,0,0.05115679832538608,0
e94168bc-ec44-4417-9b88-4cb6774e410a,0,0.06553452936745799,0
e94370d4-c1c5-4e8c-b0cc-a72fa361289d,0,0.04625585116764491,0
e9482572-df85-4b4f-af76-551357f242c0,0,0.0585030671263364,0
e94f7e64-5081-4de7-8c46-ec0d4e62e26e,0,0.04248124875846096,0
e9525b78-1d58-4fc6-95fe-5defd80e9ee7,0,0.051358593982185084,0
e956a793-b21b-46be-9d3a-6b8063c2b53c,0,0.08411530734300303,0
e95a0503-7885-4206-aa82-30c97fb5a8b7,0,0.04146482096406394,0
e95acad5-24e4-46d1-afaf-39ef5ba92f9e,0,0.04976616954201458,0
e95dab50-1d5b-4514-896e-aa5ad86bde52,1,0.055253365170948116,0
e96137bf-31f7-440f-a691-478a38090f52,0,0.044197851253996015,0
e9622b9e-0ccb-432c-82ac-1ad8f6aba4db,0,0.04463158856805309,0
e9750ff6-d757-4d2a-961f-bdb7e959265e,0,0.048421260105056915,0
e98891bf-5241-4263-8ccb-75e2a7a1a29c,0,0.043304760243228574,0
e9937014-c475-41ef-a569-31ed39f046e8,0,0.05646860324965972,0
e9a2fceb-cbc8-4adf-931f-0343fe2e4d12,0,0.04744930485694688,0
e9a48a41-dce7-437a-a55f-40a7a147285f,0,0.04831818709992973,0
e9a7d644-e883-4558-a0c5-521bc5ace8eb,0,0.050697992256312774,0
e9b8389f-446f-4455-b7c0-5d1cefec5e00,0,0.10386420237189914,1
e9b86a13-c568-4af6-98b6-bd02f6ba3d21,0,0.041941780187572913,0
e9bdaafd-605b-4e6c-a166-2b7e71383277,0,0.041450746074267394,0
e9bf0199-b527-47a5-a0a5-000a4c5e2925,0,0.04463237240838434,0
e9c53da2-ee09-49e0-b6c6-fa9adb875a4c,0,0.07340622577464112,0
e9cfb44f-05eb-4917-aba8-9168eaf246c2,0,0.05459390082139056,0
e9db586f-c0f4-4c14-8cbd-b6bbfa42574c,0,0.0433770302675297,0
e9e1d04a-7c2b-4390-8e3f-fd4a586b1816,0,0.04199496524697293,0
e9e2b012-e608-410f-bdd1-5e6cbe2bfd6f,0,0.04828742258669237,0
e9e8b367-8b37-46e6-8f9b-5ebb4b838f61,0,0.042075573183331515,0
e9fb4c6b-2d6a-4035-89cd-690f9a8da020,0,0.051609974373235994,0
ea0d7f73-ded9-44df-8c5c-f44dcd6b4dbb,0,0.05576262453002649,0
ea102575-dd79-47ed-8abf-d2c8b520f6ab,0,0.060801805551888584,0
ea1cdf80-67f2-4b6f-9a1f-d8e3bf85042d,0,0.04693737709053214,0
ea20c99e-1290-4f61-bef5-8902f0ee7d6e,0,0.04343909557330384,0
ea22412c-1960-4441-8443-323fd939f1c2,0,0.042884503574007506,0
ea280a78-eae1-4e32-a9c6-fe2a3704e20a,1,0.6709512475500634,1
ea2b79bc-1949-4b8c-a5ba-50b8f33d2a70,0,0.058528254055609394,0
ea30dcbf-cf09-4adb-b3ad-d4715d4fd24f,0,0.07338867828788476,0
ea37f1a0-0ef5-44ec-a287-380f6542b9c3,0,0.10214411226435477,1
ea3d5ee0-9e35-44d7-a89d-bcddf55fc7b8,0,0.09857642764314949,0
ea3f1376-4cd9-4897-866e-9d370dfedfef,0,0.05330134010245623,0
ea468f47-d4c1-4908-9219-3f0dc942d129,0,0.04451296440669129,0
ea495101-e2c6-4269-a89d-926d63cd92ac,0,0.044565106746836204,0
ea49cc00-d3af-45cd-b982-760100ccdfab,0,0.0495147342581605,0
ea534758-e2fc-4cc3-932e-f08a467c24d6,0,0.05527081850596087,0
ea56e247-fb76-4d0f-8e4a-7216889f0f4b,0,0.04623755084459743,0
ea5c48a4-f032-4aeb-bc3c-9ece49ac3ec0,1,0.07238682333817352,0
ea5f115f-40d3-4c27-a259-7459404479af,0,0.04282815717127313,0
ea6173bf-eb85-45e1-8a7f-a11ffe29fd4c,0,0.06277227127557403,0
ea650606-ae00-4e97-b457-6153f1780ff3,0,0.04250332766761117,0
ea686757-e56f-4fba-ac5a-11d9bed0c20e,0,0.04244467549288119,0
ea6c2db5-929a-4fff-8a4f-55010a1a8fd8,0,0.048808640533857375,0
ea784d1f-7763-4196-9c02-f120d555f809,0,0.04561484130040497,0
ea7c3a44-0908-4ef6-b175-bf4075e2665a,1,0.7250040542961629,1
ea7ff463-9d5a-463c-81e8-ab1f87ab04f8,0,0.04909999861141452,0
ea815ccc-0d0d-4ad2-b56f-8b207e5bc5b9,0,0.04966275595095074,0
ea821583-bcc9-449a-a797-98fb94d3879e,0,0.044051790368251735,0
ea83b52a-2910-4b68-96c7-3dcf7656ab41,0,0.053223082931441554,0
ea85a471-67e9-49fa-845e-4fc278bbf731,0,0.06590946356651546,0
ea874bbb-482c-4866-a363-0c04d205c612,0,0.04824229194738291,0
ea8c6729-dd5b-4340-9b13-dd28edde182f,0,0.045641280804191525,0
ea984687-6ec7-4e6b-a41a-200798b7d16a,0,0.05467491428643967,0
eab05b1f-9ab4-4700-be2a-6ac9b6f4dbdc,0,0.05179600555403912,0
eab91042-4074-4332-a017-b72a5314382c,0,0.07488705418184222,0
eabd1618-bedc-4880-a4f4-83477e7c1679,0,0.06036923926453686,0
eac23371-9136-4d80-b4e2-268b19bc37ba,0,0.07316719863468317,0
eac7ccd2-e89d-40b7-b4dc-bdc0199d32bb,0,0.04851256621402264,0
eac8ccc9-61fa-4590-b9ee-4ce6e15fc6fa,1,0.05516366082592457,0
eac9cc88-2519-4d60-ba45-1c534d2507ea,0,0.04639094686121154,0
eacb6465-e612-4ed3-b2fd-9db80747ce7f,0,0.05407869916474133,0
eacd4f08-32c0-486c-9b82-437dc7b089e2,0,0.04710762633551375,0
ead25bb8-5be0-4274-a85d-06ba4756326c,1,0.48727721597521456,1
ead74cfb-202b-4a22-ad2f-06b4ba53303c,0,0.056404005980344084,0
eae7a224-09f5-4acf-9008-7360e68a6884,0,0.042183563079008626,0
eae8b5ac-c70d-406a-8bf2-9b56694e0170,0,0.04447857834618047,0
eaeed49e-d87f-4722-a2b3-98e32d04ad8c,0,0.044955400742993035,0
eb037f05-22ca-48b9-ad88-5b6b6b3222f5,0,0.05254768357109254,0
eb0ddb6c-006b-4455-b868-21e4d421d85f,0,0.0545466360309006,0
eb10dfa0-857c-48c8-b5c3-db8bd3f2a69b,0,0.054400772827473055,0
eb15752c-9a8f-4897-9d56-a087595afc70,0,0.05135020731848304,0
eb1cc965-a74e-4c64-ade8-87f8b51c7a28,0,0.062183948279712256,0
eb1dde20-40d1-4019-8b7c-b2df278e189e,0,0.047550573367632215,0
eb24c86e-52a0-4a65-9b77-d092bd2582b6,0,0.06452886489019634,0
eb2614ea-3390-4428-a009-4418bb92b580,0,0.05654631300281313,0
eb2f43bd-cfaa-430d-85b0-cfa8eb7d7083,0,0.053068009521896664,0
eb2f9e35-dce1-4219-a1db-01f32d4bdeab,0,0.05044188816638328,0
eb39cd08-c77f-4fc1-a112-ddd7c510390a,0,0.048523615409907676,0
eb3b07be-10ea-449e-b97a-60b1f2476fca,0,0.04900128134965154,0
eb4648de-d169-4178-8c93-89a6b050dc1f,0,0.061724882372762024,0
eb4b019c-3bd1-4917-82e0-4674825eac5e,1,0.17771598848359563,1
eb5f7e30-aaab-494b-8fec-10cb89b1713f,0,0.10651618843411192,1
eb61b63a-cfed-4afa-a3ea-f173f2057ec6,0,0.045607580377894544,0
eb677094-578a-42d4-9403-6663d3c6648c,0,0.042520252149765986,0
eb68eb69-1e48-4d0b-880d-7e1129db7378,0,0.0471755552244301,0
eb6d77ae-3ca0-465f-aabc-d4d351b494cc,0,0.044999551400763185,0
eb7383f1-450c-400a-8ba8-16fe1f368193,0,0.045712382266847235,0
eb7cdfb0-4aba-43e0-968a-f0c817de5aed,0,0.044541817050106354,0
eb7ea091-6c45-42b1-8472-44aa0dfa1f9f,0,0.058493022124986235,0
eb886fd4-d6e9-4db7-a31e-e1c70821daf9,0,0.04363966774045381,0
eb9312ab-3688-40e9-8e20-2d758dab313a,0,0.10559604662902425,1
ebaf32d7-b33d-499f-87d4-21e6a86b4e7f,0,0.043199550936550465,0
ebbd1711-6c84-4887-9526-5a209fcb5447,1,0.5547965021179919,1
ebd326de-6249-4720-839f-8c131987f747,0,0.051996896120412923,0
ebd4a686-6f43-4d74-8359-a28becefc69a,0,0.04830935055305238,0
ebd63fd8-c6e9-45a3-9f81-2454c4c99913,0,0.04962283050498369,0
ebdb4685-8aad-457e-aa0e-5fb245e4d540,0,0.0472735714247835,0
ebdd84a8-4649-4b28-9397-226088c53d9a,0,0.047172648617455716,0
ebe26a1d-c07a-4318-839f-d9627786d7e2,0,0.0590522368349963,0
ebe372de-d968-4828-b818-98d36ea56314,0,0.042736131498993836,0
ebe38384-29c7-45a6-a58a-11a310782dfc,0,0.04364616082951789,0
ebf1e4df-8b59-433f-b425-449e90a890c6,0,0.047317910439244,0
ebf3cb56-0b69-4bdd-9e0b-afcaaa7d0a4b,0,0.04513541238608276,0
ebf97e35-5916-46dc-bd14-b7e8a0ca48de,0,0.04846926871835374,0
ebfca40a-82a8-4eeb-a08f-14171ce88b60,0,0.0465304342028492,0
ebfd27b9-7305-4fb4-8261-c90b554902f2,0,0.04692434190425752,0
ec0a7290-22b3-4d45-bcc3-f362d1007f3f,1,0.04858631381126948,0
ec0b4d39-6842-4528-9a88-098604cdb8f4,0,0.04307593524064783,0
ec0bde86-5960-4f1b-8d36-487cf10355e4,1,0.06775635247824396,0
ec0de31b-504f-4433-bc89-686810321502,0,0.04355121662876517,0
ec15a95b-850b-4947-ba85-55cb93069ac7,0,0.5085240776337536,1
ec167dae-73a0-43d2-88ba-5d64f33200b9,0,0.04303026216906722,0
ec1d81f9-65b4-40d7-960b-717f816cde59,0,0.20751781759391383,1
ec1ea37c-853a-4674-a512-7e3e964c9ed5,0,0.04472501475576391,0
ec205e0d-0a16-4843-89df-cfb3624f1e74,0,0.05547432730848775,0
ec211961-2362-4d32-8838-c5fa535b5b3a,0,0.041852063637464444,0
ec2406f3-e643-4872-a01e-5b800207caa0,0,0.04463293612537626,0
ec2755f2-4dd4-49d1-9a67-6924c583dde1,0,0.04209582650340357,0
ec2b458a-6325-46a5-9139-3276856e8726,0,0.08366269639545632,0
ec2b45d6-ccbc-4854-b502-6b47fb7ca8a8,0,0.05003990365097162,0
ec2d2c53-b558-4c89-8f4a-86594f4352a5,0,0.049927536834141396,0
ec326510-c493-4e26-8439-a6cb0d65abff,0,0.04514355853844113,0
ec348533-6a88-426f-80d7-ebc2a0430df2,0,0.046172755297966994,0
ec3578e6-9980-46ec-837e-e18df7642850,0,0.04792702566120894,0
ec3a73d9-776f-40cf-ae2f-3ec21e2942bc,0,0.05390038694884832,0
ec402100-0654-408f-893c-e2f65030d451,0,0.044684252558970426,0
ec411f07-0d33-4fd7-b265-056e99cad2b2,1,0.1819336577290199,1
ec4693eb-f7c1-4b24-931a-952d04dfb32a,0,0.04869204620866661,0
ec50bccb-505a-4be2-8968-a83fd3b49178,0,0.05411870175087712,0
ec609e51-0f48-4113-baa8-19d09c9bf40e,0,0.04897561436036377,0
ec618914-9549-4a49-8a0e-4a556dbdf48c,0,0.05952655754075384,0
ec6c70de-b4b5-4279-bd02-4dcfbac6b7bc,0,0.06039111305694357,0
ec702a97-4dca-4d2f-8674-e128e02bbf73,0,0.049408966523789496,0
ec720636-af80-4d43-97a0-42e44de1495d,0,0.05211864295965538,0
ec7211c1-ceb9-4b0a-9eda-78c000d3b359,0,0.06624827695170181,0
ec822bca-d2e4-4f9a-a0ff-ea544fe82cdc,0,0.06232711428562439,0
ec8a615c-0430-4f0d-9366-7ef40400e63a,0,0.04450932888287122,0
ec8a7193-efcf-4bb1-8260-dd05543a6929,1,0.05520381682430728,0
ec8e14a9-b595-43f7-baca-2efceec9392c,0,0.04711905269924326,0
ec8f1f35-c9ac-4513-936b-b11ce37aa9e3,0,0.06161753402449365,0
ec9422c2-bddf-4145-a300-ad14502adadb,0,0.04473621963251835,0
ec953dd5-d397-43c0-8137-2e8ee150de1c,0,0.044705632784489815,0
ecb8e67c-5a08-49a2-bb6c-a44a7dad2657,0,0.045177873810818996,0
ecbba192-94be-2f70-75fa-88c797b4d44d,0,0.04526710581989193,0
ecbddf76-d384-4d97-b569-5df42df69528,1,0.8366886723441251,1
ecc77526-4d1d-4715-be1e-061cf0ec73b3,1,0.7266961693533152,1
ecc97899-2e0e-464b-9ffa-ae48db88a3d5,0,0.05740827124521801,0
ecd3a0fb-cae7-43c0-aff8-66433d2d89a2,0,0.04833219742100853,0
ece293af-2de0-41ba-963e-6b206411b018,0,0.09035822712608631,0
eced805c-eb25-4241-84d6-faecd56411a4,0,0.04553809937662681,0
ecffa74c-a4bd-4ac7-bac2-375a8794ae92,1,0.8234597057540218,1
ed18e76d-a6b8-4b4d-9461-455088267dcb,0,0.04320862359799819,0
ed19eb6e-9ab0-4018-8f6f-689b41f5064a,0,0.041921498057520136,0
ed1a57fc-17b4-4eb3-8c21-f8ae4f544d58,0,0.05645466603546969,0
ed20f3d5-1086-40ee-9127-eb7d98fcba98,1,0.7115556325967208,1
ed33732d-0520-4478-926a-08da28015092,0,0.19353809049743056,1
ed375ffb-7f71-4d19-8b5c-9d49f83ad459,0,0.041605911164146143,0
ed37c880-d098-48d5-ac70-05bc7f6f4112,0,0.04702751337287616,0
ed3d4656-edc0-452f-aa6c-ace401f77048,0,0.04530968264604798,0
ed3da302-0d46-440e-b744-55d9cf4f6706,0,0.05342031479128442,0
ed4edc75-00a4-4204-9307-d1bc8ec84252,0,0.06018692355926891,0
ed5921b4-5fb9-467c-969a-5e95e05d0486,0,0.044537854313650725,0
ed604051-5225-4c0b-9e80-26d0959b81f7,0,0.05364764065438677,0
ed7035cd-adbc-48a5-be37-c29f89180fd3,0,0.27632213219157814,1
ed70d527-f0b5-4b9d-8ec1-f27709e49308,0,0.06178452711326359,0
ed77b254-d094-4025-8fa3-ddfd24a4e27e,0,0.045789803826035334,0
ed7d183a-d133-4f7f-ada2-d738c8d60272,0,0.04963985682344816,0
ed8322d1-41d3-4693-95ac-58856cf86bbe,0,0.04600024492405204,0
ed881326-08bd-4702-b1ba-5b23ebe6c22c,0,0.048481640224218255,0
ed917917-0397-4da3-8769-c8e99be242b9,0,0.051598948362865035,0
ed9c5519-87a8-4e82-aa7f-0494718b8912,0,0.04489448773972954,0
edaae059-e810-4fa7-b050-c91f4f23225d,0,0.050775114782502316,0
edb9ac17-c65e-4561-97d8-156c912a54dd,0,0.04534302809006717,0
edbe8e15-dde4-41f9-b2d9-639388b42380,0,0.043924176309925574,0
edc11e66-3154-40ae-a22e-1488027be397,0,0.04529767057550031,0
edc3a4f7-5694-4099-8e22-e2f1fc9da30f,0,0.06775403166146142,0
edc4dc2f-1d69-4c65-9e3d-dfcd842d3318,0,0.042254413210754314,0
edc57209-5455-42f8-85d9-8c62035be0bc,0,0.04672311093476072,0
edd7707a-6020-439b-b2fa-5bd6e89047f2,0,0.04806514612552747,0
edddf185-c754-4ad8-b688-bb7bc5c3abbf,0,0.04515654629804584,0
ede048ba-9dea-4629-89ec-484e1f7686cf,0,0.04710456575164366,0
edebc8ec-557b-46f7-8a21-a6cc35a1288d,0,0.04291256376251768,0
edf087c4-413a-482e-9ee6-e9e23d0f2fc4,1,0.07499061634907848,0
edf96306-a7c3-4b14-ba2c-1af5731e95ba,0,0.04733147345325903,0
edfed770-bc07-40ee-8d01-49ace4b2c96e,0,0.052906616069113475,0
edffd1c6-b01b-4731-8ea7-59f52edb0498,0,0.047604494214813754,0
ee002300-92fa-451a-89cc-9cafc8fe2097,0,0.04636110319214815,0
ee004bca-2a65-4d1e-8554-331b72544280,0,0.0548584286645688,0
ee0b0cd2-5c08-4ac3-860a-9ecbf6ea63aa,0,0.04544358921722199,0
ee201843-a6bd-4da9-bf42-30c315c293ba,0,0.043744978583302195,0
ee296df9-4e11-48a7-a7db-f21b047e93ce,0,0.05676400234124322,0
ee2d4ee3-2325-45c6-b795-d0dc68e0a272,0,0.04363465394282004,0
ee2e855d-d3fa-4831-ba5e-05435bbf62f1,0,0.04721326190860201,0
ee35737b-9371-4644-bc21-55152dfd160d,1,0.0803146185447246,0
ee35d5bc-e731-4b53-b1d2-6a0cf50220c8,0,0.056179556774742984,0
ee375132-a551-45cc-9807-21fbe679520a,0,0.04299792172335545,0
ee3bfc89-3b9f-42dc-9eac-67c37de3cc55,1,0.8134851407622693,1
ee3f0f53-8c93-4550-9f9c-1d5115b50c55,0,0.06592520799539843,0
ee42c619-3720-4b3c-b795-782601cfc131,0,0.17139610665192764,1
ee4cc4dc-8eb6-4f8e-852c-d07c154d1866,0,0.04279460785509793,0
ee5cabac-d160-476f-a3fc-79e0921ae183,0,0.04577122057557976,0
ee670b1e-1da9-439b-94c1-76cd497ec52b,0,0.04387468161891166,0
ee69d074-f2e4-4f82-95db-0ff24cc46ac2,0,0.09025005674539743,0
ee7373ec-2e4a-449a-9c4c-26fe93e3c47e,0,0.05187906613240995,0
ee749cd7-2ecd-4b1c-9b17-0df8c52b487c,0,0.046282253114164486,0
ee7a25b2-61d9-4077-a55c-705d62e62ecf,0,0.05777782813208248,0
ee7b306d-f027-47e7-9542-40ad5350d433,0,0.05128266028529341,0
ee7fc7da-45eb-4720-9765-7640123acd45,0,0.1759203210437459,1
ee8ad4e7-0f91-446d-8f13-6a0ce8dfcf03,0,0.04851392735812648,0
ee8c7234-ae9a-4ada-a696-d7a1e8ffd863,0,0.04961469316031737,0
ee9c2e95-93c3-4dac-8029-d424b3fb7655,0,0.05411277228749189,0
eebaf3ec-16d9-4a2c-ac59-20921ec21723,0,0.05097924492317953,0
eebf9ff6-888d-4038-8667-38c41ecd490f,0,0.04550569152436466,0
eec9011d-d2dd-4f2c-a3fc-ad4dab50a37a,0,0.04476128641629589,0
eecad793-969d-4678-8394-4490d85499cf,0,0.04831235373225465,0
eed7f303-ee88-4012-8dd3-809349db42e0,0,0.042555391087938266,0
eeda4373-baf3-48ce-9944-866d9ec8ce31,0,0.044049989052623105,0
eedcf13b-bb09-4e14-8b2f-7a45bf6f89b9,0,0.055831063001434866,0
eeec2c77-d881-4649-a033-8e14307f7e05,0,0.05570653570261737,0
eef389fd-98c4-4b63-bcb9-94113ca8a839,0,0.04306972303552962,0
eef4e68c-8947-4acb-9072-44108f29e178,0,0.0451395545120216,0
eef533e4-9f0d-4844-8a4e-e774a49c5628,0,0.044503632164129614,0
eef87ed8-0615-4487-b83f-299409a57da6,0,0.04781178486985481,0
eefe56e6-547e-41d4-b2d6-d21c1efe3a69,0,0.04600954022724576,0
ef026fa5-ff60-4159-860f-b059c45a8546,0,0.13661672010587647,1
ef1f2c95-5bf8-4f38-af8a-011521465b8a,0,0.0873376263900296,0
ef23138b-2b51-4ed3-9725-506fd70f57b6,0,0.050060560449404254,0
ef237a5b-337a-4505-8db8-0e55721af56c,0,0.05860467938072121,0
ef25389e-5ee2-486a-adde-38b3004c3f21,0,0.05046481065888254,0
ef30d12f-bcb1-42d0-899a-1e550838339e,0,0.05037004695917546,0
ef30e4ad-9be7-4e1e-8a07-5e3cc33f13c5,0,0.0528345298783942,0
ef3565e6-7b81-4e15-acee-ea2ba42cd7a9,0,0.04174263367386899,0
ef36e144-bc81-47a4-8991-fb15b992d83e,0,0.11071391763965427,1
ef3debef-87cf-4a80-b2ec-b5b557bf4a96,0,0.0468218892695787,0
ef3e339b-913f-4f39-af66-cf8446540cde,0,0.052070622743164235,0
ef40ab16-edf6-4e20-8ab3-8c37b0175693,0,0.0444228059131439,0
ef50c185-a47c-4ee2-a785-8c9f03a11718,0,0.05363002484627713,0
ef50f735-300e-44fa-9f63-f81a290ceb6a,0,0.0683879214242383,0
ef60bea8-e748-4fc4-a738-b0442abb101e,0,0.23356223313480645,1
ef6f52a1-5640-40ab-9108-00b58d717cd0,1,0.07698559001644831,0
ef75180f-b624-4a36-81a9-f8baed98d99f,0,0.05273191416153303,0
ef7ed965-3642-49a8-a4a7-14f191f617e0,0,0.05199870295699688,0
ef831c4d-c6eb-4216-a2b4-9f25e1819778,0,0.05884955922690251,0
ef87bb44-cb2b-4642-b0a5-2fc3443a8054,0,0.06958988008322897,0
ef8d634c-9571-4580-a191-34192f8876ad,0,0.04480323084968832,0
ef92e27d-3d2e-48e3-b9e0-e96311c7310a,0,0.059231799591587586,0
ef962e7e-e56b-4275-be56-d64a1a9c0050,0,0.04664100443347471,0
ef9d6191-500c-4033-86e1-74ddf0a61430,0,0.04256523316429309,0
ef9f5162-e90b-4ecc-a198-dbd7a8df2c7d,0,0.042976456379977816,0
efa04c08-c5e6-4c96-904d-5e9151547a42,0,0.04656812352466369,0
efa85eb9-f1f9-4945-802f-955858b5a43e,0,0.046553103065724084,0
efba1e5b-6b51-4507-8ff8-512899018d98,0,0.047478543035095556,0
efc08afa-8b11-4f3e-a815-e8f73e581d1e,0,0.05382081726498387,0
efc5eb33-485a-4caa-95cb-7233a4de8c6f,0,0.05733764889966169,0
efd8c73e-0267-4b58-b9fd-8b9fd2c85876,0,0.06921643590201042,0
efea0ab6-e013-4503-bf5c-ba9e2fd954ab,0,0.045063010050081044,0
eff4eee3-b1db-4741-b620-5335a1a69ae9,1,0.7345007446660962,1
eff6c9df-3971-474e-b3f9-6d3e58343d29,0,0.04546887432817301,0
effa324c-00f9-42d5-8d4e-fe96c8c0ff33,0,0.050133607778902536,0
f004cb68-89df-402c-8d28-7d8f7070de1d,0,0.07613544436488469,0
f007ef8d-f18a-4fe9-83e8-d2aa15dc5798,0,0.04433945638575998,0
f00c6144-e4c8-44a7-8a82-a00253b7f02a,0,0.04244720499881522,0
f0156ce4-3862-48f3-bc4a-2eed3b817a13,0,0.042455576197561934,0
f01c23c0-f143-41e5-b478-8bb2a8d23361,0,0.04502105980406616,0
f01ee9af-e2ea-4e86-b3f9-c924ba6a4854,0,0.05139892292970714,0
f0218918-64eb-4b0b-9d37-b7a81d70f828,0,0.042700794423258574,0
f0249bc4-3dd2-494b-b6c1-a0559f970a86,0,0.04415221130523967,0
f0255dba-15e4-4c25-8a5a-934acde1ce34,1,0.20593805661188452,1
f03668cf-7b79-4567-ad4a-be8572a9afd9,0,0.04967980266409057,0
f039bdac-aaec-42a1-9bc6-e943c1226723,1,0.05483434976606478,0
f03da05f-1713-4ae1-92f2-417c57af85bf,0,0.04596537525968649,0
f03ed7c4-3a68-4373-ace6-aff9f26775a8,0,0.16049829269490665,1
f05a6d28-f388-4bb6-afc2-c3f974a93cad,0,0.04194129213836587,0
f05d2424-937d-4060-83e6-58aa2fee535b,0,0.04233102257047453,0
f05de4f0-71c8-4997-8778-d9b63e630012,0,0.3693984317268756,1
f0602d14-66a0-4bae-8c82-9aa9fc941a8e,0,0.04555296074748814,0
f07c6ea5-281c-41f3-817a-0afdca277e75,0,0.043638834058085746,0
f0897b7a-e078-451e-afeb-c0079230eff1,0,0.07185666918983091,0
f08b06b8-6fbb-4772-83b4-bc660067004f,0,0.07306423149205486,0
f08db710-9581-438e-a8c8-0b2c9266d3a0,0,0.05063159365953476,0
f0a6fb4a-df23-49b9-bb97-879fd4cd09e0,1,0.7944641095695295,1
f0bf6da9-c701-479c-a2eb-b3940fcda8e0,0,0.05348605030304737,0
f0c17273-e24a-4627-a5de-96ee5bbacf7e,0,0.04365318747493869,0
f0c1f60a-35f9-403c-a942-8af9a7046f13,0,0.043991834865586894,0
f0c89264-4224-4f6b-a739-6ad71142e940,0,0.043020702661664356,0
f0cb6030-e2cc-4c69-868e-fae83bf02758,0,0.043909522708014195,0
f0da7937-bc95-4f97-9607-db31b355050f,0,0.042041285809709,0
f0ec861f-31d2-49a2-8e03-5986ee80fde4,0,0.08385803888491532,0
f0f02376-639d-458f-aa7d-7d6c09f55361,0,0.05602793646964068,0
f0f8a685-4db2-4dec-a135-bcbf875f8be8,0,0.05197893166154854,0
f0fc1f1b-b83d-41d5-92f2-2a6c0f566cfd,0,0.046105872437295574,0
f1030c79-84f3-490b-8527-f50186060abc,0,0.04347141166359032,0
f10696bc-e06e-4a55-ac94-2412db42988b,0,0.10072222523590083,1
f10d1737-e7ea-4a2d-b583-e9dfce8190ea,0,0.3120588882872544,1
f10dd69a-e311-4c92-a6f4-a95e317fddee,0,0.0585754764732364,0
f10ed10d-d552-436e-97c5-4466f717b913,0,0.052649444665391426,0
f111f716-c6d4-4fbe-af8e-e7fe9334c48b,0,0.07083407737027105,0
f116dfb3-8d0a-4c4d-8eb3-e40270f06eac,0,0.05547475360658535,0
f11b07c9-29cb-40f3-b2a7-72102e209c11,0,0.061193898528777914,0
f11c9dce-4ac6-4be7-a5cd-262a334578cf,0,0.054547100201983466,0
f12b9fcc-ffc3-4162-a973-d65d1ad28c52,0,0.04404482192639,0
f12d6553-4edd-4172-9b9e-628121e03432,0,0.3554958228143679,1
f12f06b6-0431-47bb-a128-2862ad281587,0,0.05416875261934817,0
f1334ffe-239a-4a9a-a4cc-4f3873a6d93b,0,0.11002999245461421,1
f137e17d-659f-4ce1-bea8-6fd1232246f3,0,0.21558516507923547,1
f13c75a5-7f6e-4467-a4e2-c1386c05b007,0,0.06298554188622157,0
f140d44d-676c-4567-a879-08acdced5b17,0,0.05267347543251604,0
f1468113-5d1c-4d1a-8d5e-750623549a1b,0,0.11797867925280867,1
f154abc4-bfab-4b8f-9c55-ce4669812ef9,0,0.043008215176929813,0
f15916e2-f73a-4eee-a7cd-f32a3cc47458,0,0.05680338325455975,0
f15bd51e-1099-476f-bb46-eb69143f9119,1,0.8372206747610574,1
f15eb4b4-2c58-4605-981f-7b85da34579b,0,0.0454800278261674,0
f1646103-6b4a-4e9e-bec4-4bced6514790,0,0.045721122042627925,0
f165bbee-9497-4415-ad6f-48e1e8210872,0,0.050872333542239086,0
f1672462-36ff-4505-86e4-3093a338b744,0,0.04410254387925887,0
f17c0638-ba23-468f-bf38-1bda6f6a613c,0,0.05423235789290071,0
f180ee06-9169-4b3d-9390-d63717dcf3df,0,0.056026713931686435,0
f182e4f2-c7f1-46e7-a0c9-8ef83ac0d371,0,0.0607909894327342,0
f18609cf-7cab-47cf-aaf8-8622202722bd,1,0.35742441798293006,1
f18c594c-3099-4791-a82e-9ba4c3552171,0,0.05750796942428541,0
f18dad68-168b-4c56-ab11-bd213810031c,0,0.043156552360666824,0
f190f722-500d-4be0-b09e-14818f9da833,0,0.06142623909332584,0
f192a618-46fd-4c8f-a938-c2271142e749,0,0.04914081653773131,0
f19593d9-9453-450f-8e94-29c313fa8b2f,0,0.04674875488725578,0
f19820e1-0932-4eb7-b616-0aaef62abb30,0,0.05641814903936477,0
f19dfc13-8019-4898-878c-d3a7c2473a29,0,0.043725069833568574,0
f19e0ac0-df05-4751-8aa1-cc9d114e7ef1,0,0.07551440968993615,0
f1a0f897-7b09-4bc4-8d7a-cf58b1142b19,0,0.06917920218085573,0
f1a30fa2-26d2-4848-af85-1b1ba4ad9979,0,0.04334763555288665,0
f1ba9a83-c1ac-43e6-9731-59aac8c86ee3,0,0.05059469615946665,0
f1bbcb01-0a17-4d7c-ac43-dfe8ac5bb321,0,0.05820834428948938,0
f1c7906c-df02-4fe7-9939-87ac60cbe004,0,0.048056281520889345,0
f1ccc3d1-ad85-4b26-9001-51c688384cda,0,0.05274210870810573,0
f1d0f4b7-a286-41bd-8b24-c45ec5d923b9,0,0.05215240833786832,0
f1d9bdd8-17b6-41da-aade-9616040780a6,0,0.05290627454743913,0
f1dfd926-055c-4d53-b3ef-170f7e77dcf6,0,0.04347504750853497,0
f1eed6c3-0323-41c6-9235-30520b2b1784,0,0.04974768767694828,0
f1ef24b3-872f-481b-8003-7ad5ee2175a4,0,0.05013317740570193,0
f1f49f68-d01c-43e9-a63c-c6fbdfe69f2f,0,0.045521339952262076,0
f1f999de-333d-4153-b38c-5a27e0ebd175,0,0.045907903177540475,0
f206509f-0b97-43a2-9f1c-ce416e0b2d40,0,0.041658751523915814,0
f20b1686-10c9-4909-bc08-9f1b0d2d5b8b,0,0.042703860759975135,0
f21004e7-9040-4669-882f-2fb70407b38e,0,0.05884335009113991,0
f211d1a7-d007-4d83-b221-8e96b10b950b,0,0.14777785287558318,1
f215ad0a-ae06-447f-876d-31c521d43493,0,0.04449342107071837,0
f216ddf3-9534-4798-94eb-1a49d6bf114d,0,0.04408955834931326,0
f21aac6e-5958-4429-9fdf-0276bc14c270,0,0.09157646283832155,0
f21f54e5-0cca-4343-9441-711b2325eeda,0,0.07031571627807595,0
f2244a72-97be-443a-92c1-56463fb8e70b,0,0.04473073650265232,0
f22ce7a2-832c-4735-a32e-389246ae09d3,0,0.047249309293562455,0
f2417a7a-6736-48c6-a56c-6a2c468fec61,0,0.04466377256755516,0
f248d57d-def6-4891-8583-2a7c012fd3e6,0,0.04316877602314812,0
f252d9f8-b6a6-4f0c-aedf-78cd6f401f92,0,0.06431344227710627,0
f254a81d-414b-430d-ae15-8d0eaefc52fa,0,0.05163074883820962,0
f25745da-7b9d-40fe-a4ba-3bf3ca672efe,0,0.04412046642803482,0
f25a41c4-065d-415c-b052-e5c4d340be68,0,0.07121019486349212,0
f25cc308-966b-4c5a-81f7-b04685024deb,0,0.04554030741337158,0
f25d89d9-aab2-4d5d-ae44-52e7b41ae33c,0,0.05738390110291042,0
f2638c81-55e7-4163-a309-41de3711c4be,0,0.04899849551605702,0
f265bf1c-8b3c-4ae7-aba9-7e4333959c53,0,0.24009228943018066,1
f269f473-916b-409d-b7ff-f8ddfa5b0bc2,0,0.06540650997731358,0
f26de646-abee-46f5-94d9-f65b03fa3a19,0,0.051178228497667906,0
f2733d68-efe6-4735-b6ed-aca89954efff,0,0.0479808023279828,0
f27407a6-8ac4-4ab7-b283-91a0ee7b5502,0,0.04647161472114534,0
f277af25-89f4-4d5b-8fc2-19ebe64a39e9,0,0.04515789445792665,0
f284a977-ccea-41f1-8985-78b5109259e1,0,0.04254799939331637,0
f286467a-116a-4a59-b8a5-ff697353d795,0,0.05004127891636169,0
f287bfd3-698c-449f-ab45-1114ba17fcf0,0,0.06261041368250538,0
f28848e3-8d0d-4f19-b2b1-d0b40d4bb774,0,0.04428615878665481,0
f28c0c50-0495-4b3c-a86e-6b758f1a91fc,0,0.04709046364800681,0
f28cd917-a938-4845-adbd-f513cf4ca671,0,0.06530732960515764,0
f28d9ac8-8226-4837-8430-1f5a396a9aeb,0,0.04628505898276406,0
f28df9ca-485c-43ab-befb-fd3cc2637c8c,0,0.04343549642944546,0
f28ecda4-c118-4c51-9f7f-2b1b84b11975,1,0.6267372870376059,1
f291bd64-2a32-4be9-bfb4-cfafceb445c3,0,0.06194303168061734,0
f294e72a-bdeb-4887-ac20-30331b4e347b,0,0.045181584812105643,0
f29718cf-0338-428c-a21a-5e34d00570fe,0,0.05209498179147552,0
f2984c00-64ee-4acb-b9ef-1e8d11c27578,0,0.057965196659261774,0
f2a03c32-90b2-291c-20d1-486c3e362aaa,0,0.05056131086083979,0
f2a0e3ac-3988-4b6e-ab6a-4b0f8097e57c,0,0.06241042012252324,0
f2aba1d8-5d45-4a69-8b77-38b19e40fceb,0,0.04820256050090839,0
f2af53a8-92f4-4082-943a-0e4b7a1ccc8d,1,0.6722910482117354,1
f2c5b821-14b5-4bdd-b889-b1c3d2303165,0,0.04171346748268092,0
f2c706d2-46d9-4d98-9f19-fe9ead457a71,1,0.05623911292364231,0
f2cc68f7-39d1-4a50-9dcf-f2a0921bdfda,1,0.8518159236914993,1
f2d5a452-0382-49d7-a82f-2df9ea808ba6,0,0.04653106907142655,0
f2d6e8e9-4aef-417d-a880-d1d6d18b5728,0,0.05958478528873022,0
f2dc8831-486e-4bde-a2d1-3f31161a6f1e,0,0.04375505826375146,0
f2dca714-bcca-44d7-9d04-e96ec363b9e8,0,0.042962112369918294,0
f2ec7358-f45c-44e1-84dd-0ff337a1ca39,0,0.05154011183840878,0
f311d641-b0c3-4362-beec-9c69226554ec,0,0.04272285073933837,0
f312737c-288b-4f45-9012-6dce9514ced8,0,0.04883575053466323,0
f31bbe90-4e48-4b92-b763-6776cfea4e0a,0,0.04666138769168951,0
f321af70-5655-4c83-bccc-c989932e0fdc,1,0.7729300105599001,1
f323a38e-3372-47f6-bb70-b2e7ceeee7c7,0,0.06916643130181911,0
f3252207-a786-48da-826e-d1e394111762,1,0.8203917706884025,1
f32f4944-88b0-437d-8c52-dc838e8ade75,0,0.04684600653672316,0
f33063f9-8ef4-47b3-80b5-1fd57b84b89e,0,0.04807949339957436,0
f33b2dc4-46dc-4a01-ae7b-bc0b11916db7,0,0.04369846657290821,0
f33ef893-74d9-4537-888b-8c72e46baa7a,0,0.07096675864392474,0
f3482266-2f40-4299-830e-d37040489894,0,0.04521921380225717,0
f3497f4a-19b1-400f-972c-9294bcec117f,0,0.04114479139804865,0
f34c1d54-c79b-4b25-a4aa-1e232eb654c2,0,0.043674889302733305,0
f34c6e25-c20b-49f8-b16d-cf9021cb461e,0,0.04982919096426296,0
f3532654-fc57-45b6-9b9f-71a70edda260,0,0.04901500975907459,0
f3534388-d451-43ac-af56-ebb120d61026,0,0.04767067179149776,0
f356b458-2a84-4d6a-9c85-b8353001ba8f,0,0.046732361852010816,0
f35a32f2-f01b-43e8-80b9-1a7039e00054,0,0.044110668605726676,0
f3747167-f5b4-4f08-8035-b49ef1c66d88,0,0.04316591497330967,0
f3776fc9-f22c-4894-b49f-e0c30f736d12,0,0.04697714124683913,0
f37d66b6-2dd1-4b78-8806-39c2e0b168ed,0,0.044968445889352476,0
f39b7f3e-67fd-4e4a-9b52-8a5c976c4229,0,0.04941805387511917,0
f39fa7b6-1b5a-4f48-b1e0-032fb7001ce2,0,0.06025863663415277,0
f3a2fd03-13eb-4235-96bd-15329b8db1b8,0,0.06417488602706081,0
f3a5e482-2c7b-4e86-8762-dd57f33dda17,0,0.05248187653627828,0
f3ad0fbf-0455-4b02-a9b9-31365b7ea5ac,0,0.045977481655030794,0
f3ada711-fa4f-43e0-a4f9-17f706747c12,0,0.0665883592629002,0
f3b3b419-329d-4013-b634-2407653ad200,0,0.044627363155397115,0
f3b6a3e0-4c58-47b3-be6a-bbf78b8d172f,0,0.04489847489453124,0
f3c7fbf7-3661-4a13-b4c6-65a499d8bcc8,0,0.05581201819846951,0
f3cfa204-8014-448c-834b-eba457061a24,0,0.04664868848052925,0
f3e99107-8093-4b93-aadc-852d896a1634,0,0.04377464996352748,0
f3eb2c7f-76ae-4ab0-b963-6fd86a44c787,0,0.04469738771355746,0
f3eb62c8-c08d-4b36-991a-734e990ee2e7,0,0.0435733937750524,0
f3eda4cf-7a0d-43c2-8a61-b047e40cb40d,0,0.04636771923527704,0
f3f0a44c-290c-45bb-96ba-9be6126d40fc,0,0.0462546822776019,0
f3f3fd0f-b6dd-4215-aa1e-f957c033534a,0,0.04263609026865379,0
f3f85a21-e4b7-4df8-9d2a-671a88d3002f,0,0.11359092089430968,1
f3fa2f04-26aa-44fd-b564-dbba78ba8e3b,0,0.04383763091983207,0
f3fb1fed-803e-4409-b913-30f7f3f3e8f8,0,0.08416294517451212,0
f3fd2d90-abbb-40e1-bd2d-0c14520dd9cf,0,0.04698230409281308,0
f3fd8486-7b1b-4a69-8fc5-2c9486fa4ea8,0,0.0454626800098003,0
f40e0198-039a-4ecd-9500-bab949f9bd0c,0,0.04945177606383486,0
f4104c3d-4e81-4060-9d36-c880cbeea986,0,0.05363547175365371,0
f413d983-4e3c-4b4b-9059-9ab69dc426f5,0,0.07451877981475384,0
f41b84f9-2623-402b-be72-2151d35a1265,0,0.06503569194721148,0
f4219c8d-0ffb-48a4-b698-6db5bfcbac3d,0,0.054154987102319675,0
f424a6ec-baed-4b97-9a25-998f0189f284,0,0.04744431659928528,0
f42aaabc-bc4e-45c2-b4ab-f5d3dd64bd04,0,0.0493277570737511,0
f434fac0-f2f3-46e3-b46d-68410ca621ee,0,0.05568571792630104,0
f4365e74-56b9-4fa9-94b7-65a4a7425aeb,0,0.0447781047872585,0
f43face1-ce1a-4aec-b6a8-e071df33411b,0,0.04330929054059083,0
f442d678-f740-4d63-9500-3ba596c887d8,0,0.055087656033477296,0
f4431136-db96-4e09-9bff-14cc3d14f615,0,0.04299228813843324,0
f45085d8-75a2-4bf3-a60a-069d146a3baa,0,0.11229279308569262,1
f4557365-254c-46c5-8d66-464c79dad262,0,0.06680932081912884,0
f4619655-2d3b-4cd6-aeea-60a898d967ed,1,0.29658280163695866,1
f463311e-5fbe-40b5-9ea8-14c1466c0028,0,0.06526920500089321,0
f471dcd5-c859-493a-9203-909ca333e04d,1,0.7264464427116147,1
f47afb55-65ab-4105-804e-4bf3b87ef771,0,0.05490282108360381,0
f480df97-37f1-4c8c-9774-9420b84a30f5,0,0.050484648233908344,0
f4817a7a-2a53-463e-b091-6a275cc93f15,0,0.042254667665191245,0
f48428d7-9640-4983-a698-e2a370d0de1a,0,0.048798360347112296,0
f49321a4-ee65-4dc9-998f-2ba9ae5ec144,0,0.04452834425282143,0
f498d7f7-9593-49ff-a777-8b6260358a87,0,0.04904784665400688,0
f49942c4-da99-4435-a5e7-5f76c928523a,0,0.055310888154983216,0
f4a4afd0-86f0-468c-ac43-4e801c85e893,0,0.05804426801292851,0
f4a7f8f1-b6b1-4b3e-b746-f42c9be11aa6,0,0.042860488729597156,0
f4aa2f59-c4aa-457b-93b8-c12ac33caf5c,0,0.04152752328776691,0
f4b4316b-cd64-40bb-983b-f32d63608064,0,0.07072211279258621,0
f4b7568b-186a-4278-be14-c8436897a5ad,0,0.04422945730244443,0
f4c9ec14-bbf6-4eea-a763-399525d4e26e,0,0.04377826343535555,0
f4cdd9a5-bcc7-4453-92b7-15905ab480e8,0,0.04912551461520782,0
f4cf071a-b9a4-4425-800c-26afca007710,0,0.043047080864754866,0
f4d9adb1-191c-46ff-adb5-f3de1ffc68ec,0,0.06207475002702472,0
f4e6a5e5-0a31-23c7-33f4-1c8c3c7a92db,0,0.044885750868392825,0
f4e856c1-16d9-4a7e-bf74-f2343bf50a5c,0,0.05018473665453855,0
f4e993b7-b25a-49be-b936-a0c340317570,0,0.04570693281234657,0
f4f1e25a-5884-4f17-814a-7b9d8602169f,0,0.05221913379104951,0
f4f649cb-9174-4146-a008-6ff72f4c3ed7,0,0.04580260743728838,0
f4f7ce1d-32e8-49b6-842d-54f1047c07a8,1,0.7663374721866049,1
f4f97db4-0ec3-45dd-8ffe-00d5a6daab2a,0,0.04328929701385732,0
f506c8e5-af2d-4ccd-969d-0306f6c02a1f,0,0.05111310254610983,0
f508d94f-d812-496e-842a-82e8db1fa8a7,0,0.04515087407530624,0
f50adae2-56bf-46e6-83e8-99aa0b431dfb,1,0.062429521842470415,0
f50ec890-8431-40e2-875b-9d94d31e5cee,0,0.04991213166399656,0
f50f941d-c953-4990-89cc-d26cc0383ce1,0,0.06023574963554567,0
f516843c-6627-4af1-8dd3-5a008784eb5e,0,0.04999304583048526,0
f517001d-2445-4e21-878c-ae08d0f1872e,0,0.06072041523046696,0
f517285e-f9f0-4b5b-8f59-d772e30c2715,0,0.05816082845837204,0
f5176f11-73a7-46ce-8805-0e94d4195e5a,0,0.05555646237491609,0
f51c1c5e-a21c-437d-a2ae-1acc1dee9fbc,0,0.04491319928706152,0
f51c9fac-e489-42e8-aa02-2732f7865a56,0,0.04711971137078409,0
f51f5a64-32f4-4c26-9a59-d0e3940a6f02,0,0.0462669098900581,0
f52bebef-0a04-4700-ae24-a066b99a0c59,0,0.05451212909655759,0
f5336c86-0fea-456b-8cee-c88766f34d8a,0,0.10100318046829815,1
f5366dba-283e-4e0e-8187-54e79f273130,0,0.04358002267086027,0
f546e6bf-3eca-4380-af94-886c7ce7ac7f,1,0.06589561220311516,0
f5519da0-1e99-42e4-8819-173116b4a166,0,0.04847083813124827,0
f55658d8-8221-439c-a830-3b365bf45e68,0,0.04353948818657415,0
f55f85db-07f2-4747-ae3b-b7dae9a27c4e,0,0.055002928565641734,0
f5628707-b6e3-4a62-a4de-c76993af39d4,0,0.07960586223605262,0
f56c40b2-a1d2-49e2-ba74-ac7e30918c73,0,0.04866393856635936,0
f5703664-ca8f-4da5-8edc-6b20a873d026,0,0.049115082933946584,0
f5716f8d-e952-4ca7-a0ea-0a20a9f23e9b,0,0.05163841308406289,0
f57b55fb-9307-4de6-b077-25ecc37560bd,0,0.05670751730341685,0
f57cc8fc-9842-4b77-ae7a-0e9b375158a4,0,0.04730660940182039,0
f58d5069-cca9-4db0-86ca-fd5c7e2026bc,0,0.04279424519138323,0
f58e3531-9362-452e-bbcc-483ef6350978,0,0.047529712214387565,0
f5a919bd-8bee-4771-8efe-eea62d6c912e,0,0.046389235576418275,0
f5aa89f7-e4a8-4886-b564-c2ace1cb0a44,0,0.04776144234140931,0
f5be53d1-8450-4c30-a206-b3924807806b,0,0.06398720050349581,0
f5c5a8e7-5cc6-40e3-8bdf-77e988f91604,0,0.05705126905405036,0
f5ca4a9f-89dd-4c74-8e2f-0588abeff975,1,0.07079657506137002,0
f5d72e9e-a4cf-44f3-8ff1-107f1c1c0cc0,0,0.05258039196581274,0
f5ddf676-a283-4310-aec2-8692e26ac8eb,0,0.046870203254003304,0
f5e37fb2-deee-4d76-9fb7-3e28f6169c62,0,0.04957110015111212,0
f5e922b7-9ddd-42dd-9c92-b22340f421c4,0,0.045369741904265896,0
f5f40680-11fe-4247-ab4e-697c7ef01f02,0,0.04706592745843103,0
f5f9c7b4-1ed4-425e-afce-861f72fa37ed,0,0.04383404099317491,0
f60c6721-94e3-40cb-8302-c856edaa6ead,1,0.11525531574724222,1
f60e2351-7251-434b-83bc-56e77fb536c7,0,0.052750445854710074,0
f617f2d5-f2fb-43f0-a1fc-b3bafe18fefd,0,0.12112904066754078,1
f627ba04-0bb2-41c5-bb11-ea58e3d48a12,0,0.06419508915229848,0
f62a624b-cbc6-44a9-8205-27c75c02dc12,0,0.06502443677497433,0
f62ba354-ba29-48cf-85cf-72626c6b1c8c,0,0.052679738622315155,0
f62cc711-1ba7-4c72-b73a-18e6d3d26c69,0,0.06666561172539756,0
f62f273a-e2e2-40c8-9ef5-8398cb84a35a,1,0.16607405923666116,1
f635372c-66ae-448b-aa11-ce7d9737ec4e,0,0.04265372264610055,0
f63aecb9-16cb-4ea1-bef2-9a94ec59d898,0,0.05031469428648197,0
f640f759-817a-4745-868d-7b6e5b057028,0,0.05419596243039385,0
f64c5f9c-6918-4ef3-b1a1-b71d0bf99b28,0,0.04477915007849546,0
f64e6751-9f5e-449d-8ffb-bc2065d07271,1,0.061376945866839255,0
f64ef7cd-f188-4f00-b297-f39c7d970beb,0,0.1703641344206059,1
f65580a9-d0e2-44c3-b83b-046cceec8099,1,0.1433992984840449,1
f661dc6f-7a69-43a6-abe6-ab8903d10efc,0,0.07692336412280082,0
f66652af-c388-41d7-bc07-9aeb9753cea6,0,0.04877103937996559,0
f669bea9-387f-4703-ae76-38ddb15633e8,1,0.2580397384283123,1
f66b9b56-bd1f-4fe5-b0fc-eeb7afb645e5,0,0.047787276754300695,0
f66c383f-1c14-4556-a976-b297ed66a6a0,0,0.06361075845561698,0
f674a798-b0a7-4193-a1f9-87ebe896f0d5,0,0.05809215195245546,0
f67f8823-ab43-4b93-9df0-e36d2169169e,0,0.048668045258990364,0
f67fc5f3-86fb-4dc6-90aa-561781e1c513,0,0.04328161683097252,0
f681c5a5-0ce2-4cc9-85de-503d5389d96b,0,0.05138160030435777,0
f6868900-476a-4d7d-8125-a8791720736d,0,0.04873123440852688,0
f698c7de-90c5-4ca8-8f5e-5b559ed70836,0,0.04657942767208768,0
f699ebba-bb6e-40bc-870f-b6775b223ee6,0,0.061480961259987026,0
f69ef3d1-8c36-4b25-a344-b4e7a330ab47,0,0.0533521434658969,0
f6a48b86-eb43-4b5e-b93c-9f586c9324c1,0,0.05155651383849887,0
f6a63e26-5a51-4890-8cb3-adec28183f60,0,0.046036894739930515,0
f6a6ba8e-732d-4667-a151-990fb1abe1c2,0,0.04582778990447175,0
f6b0a770-a615-41a1-b362-1c82d0418c72,0,0.05971437108203126,0
f6b12900-39ff-4b42-9062-5317e6d709ef,0,0.057013694049320024,0
f6b2b80c-d4de-4b55-9317-a2778171bade,0,0.04961390425452473,0
f6beabe0-3658-4539-8693-eddf71ea5c34,0,0.04597919263965491,0
f6cd460e-3bbe-470c-af80-f17e37b54b6f,0,0.053350622382432954,0
f6d08d45-c9d4-466f-a0d6-b71f7fdec0b2,0,0.0457365400158774,0
f6d32703-7316-64dc-ed18-437a66e02405,0,0.04570927104897524,0
f6e191fd-61f4-46cb-9ee5-0c4ee4f68f6e,0,0.09891461565787675,0
f6e7a471-558a-47bd-a4b1-750f5895933e,0,0.044076422847548466,0
f6eb9f53-b088-482d-88f6-54a93781738f,0,0.05050584219130244,0
f6ee92e8-40b6-4d53-bfad-a73f239ac8f5,1,0.12393550223356345,1
f6fad87f-7921-47fc-922b-3dd5d7a2ade3,0,0.056673659550000206,0
f6fc04ef-d3e9-4ae5-b4af-efd4b30b5177,0,0.1246087949301078,1
f70b875e-caf2-4c11-8948-5157c28143ed,1,0.06076015569139979,0
f70c7838-d916-4357-8a91-db326eed0ad2,1,0.2187763573103646,1
f70f2875-1a70-4f44-a0ba-fd5d4009851d,0,0.05648334416992129,0
f7109465-6344-4471-96cb-e5907ac3d0d1,0,0.04415897015036927,0
f711edca-00f9-466a-b113-d2fa13cd495b,1,0.0702311788246259,0
f71215cc-fb0b-4163-a214-f94a73eab9f0,0,0.0435915431886935,0
f7149254-4b7f-0e81-12c7-e1e98955caaf,0,0.042771074809973365,0
f7186dc7-7371-4b60-8ce0-b5d09f44df8f,0,0.042144501462142846,0
f71df754-6fd9-48e7-bf32-3194bde88759,0,0.04406339844615408,0
f728977a-982d-44f2-9894-a2147571dd24,0,0.040569158738858045,0
f72e30e5-6324-4d03-93b5-27bbcb0a34b2,0,0.059324197158928414,0
f72ea16b-4ec3-44f8-8fcd-35d89984b744,0,0.04471297718890797,0
f7300c48-a892-49b2-bb29-98be97ffa7ee,1,0.05634723881749143,0
f73357d4-c392-46b9-ae66-83047235b5b7,0,0.043003999912086636,0
f736c88d-26d4-421c-8646-176bf996a594,0,0.051531626077922256,0
f73b67eb-3f12-4322-92da-ac34723388d3,0,0.04643908950923342,0
f740016c-bb5b-430e-ac15-f930d37fe3bb,0,0.040717022640145824,0
f744079e-ec50-44a9-adcd-d76a5562fbb6,0,0.05362724496521874,0
f757e08f-693d-4e8f-b7f1-4652fb7aa3f9,0,0.05297276961872874,0
f75e21fe-6761-4227-803a-1bfc9ed92488,0,0.05240231871483902,0
f75fb0d7-4c79-4ad8-ba7d-2aaa1f90971d,0,0.06172484125039266,0
f765403a-338d-4188-9242-26dede5d8a9d,0,0.05267863606272919,0
f765821c-cd0e-4646-8c46-11e05fabd5d0,0,0.04902463360719928,0
f769a8c7-115a-4c05-9fac-2ea578dc030c,0,0.042635780566665005,0
f76aa6b4-a676-4fd5-94c9-722802417b8e,0,0.041488545736069325,0
f76c0cda-6c6b-4507-8084-083fd8a18ef5,0,0.043815341522467514,0
f774a0b5-26be-4f6a-adff-c12063885d56,0,0.051137327551157456,0
f7757236-f748-4f49-ae45-adbe3b0954b5,0,0.04916804521175939,0
f77aa50f-1f31-4543-8aff-e7aeca10d426,0,0.04460045994225135,0
f78e949b-4695-4835-af84-4b509b21ab0e,0,0.052193622983917824,0
f79a681c-1906-4009-8d0f-3fd12ec62b75,0,0.044177385172226295,0
f79c54ec-5475-442f-b4ac-5e25e48c07a8,0,0.06799995530829984,0
f79c6ee6-798c-4d73-b64e-1daa74a55460,0,0.057854585761155874,0
f7a5f868-8016-442a-95fb-2507060c701e,0,0.07865668426118677,0
f7a7b3e0-c2ac-4564-8f6f-bc1e2e8795bd,0,0.05142148503738141,0
f7ab7e0c-4b67-a8b8-b377-e37773e3d217,0,0.1059179771908214,1
f7bd340e-e947-4142-8aee-56b72f959051,0,0.04505647813486779,0
f7c758a5-b98b-4e37-8a21-92b31eef9ddc,0,0.05033626314493857,0
f7cb8238-6e3b-4679-bdc3-c5dd2667dc9b,0,0.044200716455313066,0
f7cf2218-f7ae-472a-94a6-b6353669d6ad,0,0.04158297484291918,0
f7d68b54-2432-4481-aea2-fc0d0fdddfa9,0,0.05429236662923979,0
f7d9ccdc-2769-430f-b811-1749e12e35a0,0,0.04383448209568979,0
f7d9ee2c-f675-432c-8ef9-2f4c053ff293,0,0.05184930469370791,0
f7db7dad-ebfc-4f66-8ed4-45dfe8717261,0,0.04731734195635312,0
f7e2c109-b4d3-4614-bdc3-3afcdd3f4937,1,0.05788278771994585,0
f7e69461-72a7-40f0-bb3e-118056488ec5,0,0.04426360608664716,0
f7f0101a-99b5-417f-86dd-22dcebab3f07,0,0.053144461239619564,0
f7fa416b-6ea1-4b3a-add1-9e1fa29a783c,0,0.0489698670065088,0
f8046468-26a0-4993-9ae1-43f9b6665937,0,0.04844891647764071,0
f80730a3-1ca0-41f8-b00e-137d7e2fe2fe,0,0.042179171780776785,0
f80b2fac-f850-4c36-973f-f93c38c3d3b0,0,0.04530861926324861,0
f811e9ea-7e3f-4eaa-ad3a-69429fa92ebd,0,0.04770494924450935,0
f8181656-346e-48a4-a444-a0dc6fbfad18,0,0.046429555121382915,0
f81ed3fb-5edd-4875-a130-5f10fea2fa5a,0,0.048688892460488936,0
f834b4bc-3b27-40bb-a5d8-355a03833cbf,0,0.13019925779921532,1
f83c8411-b4f5-41f5-b259-8aee77b26a1d,0,0.10199410837140685,1
f8438ed1-725e-4103-9613-60efd0486e6f,0,0.04618385345440882,0
f84a8c91-3da7-4e23-85d5-a58b63c44227,0,0.04231083361094691,0
f85114d0-6167-4c8b-88f8-0cd1cfc2c10c,0,0.05285200968763003,0
f8517b90-1543-4947-bc4f-98181d9f3ab9,0,0.06072796056604413,0
f85a9626-40cf-4cd5-b773-c7ee0739fb66,0,0.04574958566453981,0
f8629b15-3973-4111-bf0a-02283b7afb78,0,0.04513694364366532,0
f86b8f6c-e4a6-4adf-bb33-8b6c2e444ef7,1,0.8418368995007941,1
f8782b36-c3e3-4407-a87c-5f6890d03cf8,0,0.04511116634142078,0
f880c6ff-ae54-47f8-9879-cc4f9931e969,0,0.04398740795852438,0
f88360ea-176c-49dc-bae5-2c880c55be61,0,0.06015787881061706,0
f88e6138-7e80-4354-8036-8239d4a069d2,0,0.05439587226699722,0
f8a1a67e-0674-4500-ba8d-f8cb68e6e976,0,0.04413592281975253,0
f8ad63e6-d414-4d51-8c43-a33d0a3525ff,0,0.06125559477253329,0
f8b977e8-baa2-6621-a85c-0403faacd181,0,0.04218572690388381,0
f8bb1860-9fb7-4541-ac89-88a1c1f23b67,0,0.058542629194392425,0
f8bb9112-4283-4ca0-9587-6aaabfadb3c2,0,0.05946220952267827,0
f8bbf6c0-0fd3-4c89-97a1-929b7ab46e5a,0,0.07921825043933393,0
f8bdb006-5ab2-4ac7-8230-de1fd680af1b,0,0.04708329732069031,0
f8cd4393-3467-4a53-a831-0052972a9f52,0,0.04326639568555848,0
f8ce7133-c375-49e1-a4af-0a2a9089fde5,0,0.044856125571536475,0
f8cff0d3-3439-4a0c-a081-230368d2d6dd,0,0.05384266159914656,0
f8d45f96-6b2e-4886-8fb5-e59eab55cbe7,1,0.7413472395501306,1
f8dec3fc-987f-46ea-a790-bbac95ee2035,0,0.1026611238037658,1
f9085968-9002-4caa-a80e-e796816beaaa,1,0.049461146678134185,0
f919761d-961a-41fc-a903-463c9b125c11,0,0.05253799597390723,0
f91b064e-e056-4bf7-bc29-70583860da5b,0,0.04360886588369555,0
f9285eec-4973-4226-a6c7-82ff7e17705a,0,0.07035743814932659,0
f92a36cf-1ec6-4881-8534-2ed5e0536e9f,0,0.04578420596136052,0
f92c14e1-2c52-475e-bdd5-bb05572ad082,0,0.05025884583363736,0
f92fe591-977c-44c5-b05e-1e961c7815a2,0,0.05787847515283804,0
f93cf213-e5ec-47d4-892e-4fe6f17e7a17,0,0.04470307621409844,0
f9514680-b1f2-4615-b69d-299a4a74075c,0,0.043756913570829226,0
f9533610-0c83-4bcf-9260-acd5de0e81c5,0,0.05904580410022304,0
f95dce7b-5eea-4d93-a374-da2f6f57d400,0,0.048089195834152686,0
f96b6ae3-caa6-4ca4-97a9-ac66e83d716f,0,0.04944855000822914,0
f976d4d0-c1fe-4d2e-8462-99e92878a595,0,0.05030430770598889,0
f97e35ac-8b64-48b1-bad7-a36445496aea,0,0.19547655843652093,1
f97fabf8-bcd6-47c3-9fdf-d9d2c1ea3a56,1,0.0697560642017574,0
f9902c8e-f2fb-4311-84fd-245103a84ca7,0,0.04914747745407546,0
f9a412d8-7c8a-4308-b510-2604e5b18d65,0,0.05991965573342725,0
f9a536fc-1299-447f-b19b-068cdaaf6420,0,0.048223096977733894,0
f9acc1d7-78ba-490e-afc5-d7c108ba812a,0,0.07188203274531305,0
f9ae92d7-2e52-47d5-a0b0-2b933bd931ea,0,0.052270335646561875,0
f9c06fd8-8dd9-4524-8918-18cfd651e747,0,0.04654520758986335,0
f9cc0313-5572-4894-a4eb-45d855f064cc,0,0.05607583386938691,0
f9d5021b-5fae-4aa9-8c59-5de1733a5ff0,0,0.0445963570249247,0
f9d560a8-dcdb-4365-8f4e-62525ea43e4f,1,0.1353564208516357,1
f9df16c7-54ce-408c-a5ed-e6c3023c6b0d,0,0.048691570834801086,0
f9e45568-7f95-4367-8383-7dfdbd5c1791,0,0.044789148801462134,0
f9e9eea8-4068-4525-b3ab-5f524a498591,0,0.07311090196563105,0
f9f59045-223e-4e70-8b39-135082496b84,0,0.06621562579337745,0
f9f89534-eeeb-4841-9c29-18fa84ce96a6,0,0.049314520216743624,0
f9fb1a30-d77e-45fb-81fa-513c09bcd76d,0,0.047264669069953975,0
f9feba0f-54d2-45fd-a5c5-78ad80f1c87d,0,0.05085496279840416,0
fa05e55d-987c-4748-991f-df7129385889,0,0.04749959572166256,0
fa061eb5-9e62-4118-9196-d00dea384d78,0,0.09927614874058352,0
fa08831f-4210-403f-91fe-cec2824b2f24,0,0.051623204481287835,0
fa130143-f2e4-4088-98d0-b6a305a35622,0,0.046667823597098576,0
fa16fa99-3cb8-4a28-8e32-ef9d69122b70,0,0.04593438994661169,0
fa1a7c43-1934-4cb9-8916-47b31707b76e,0,0.04898491777872063,0
fa1df743-4ef7-4273-b3e3-50a6c7c6671c,0,0.05786131873001058,0
fa2e0405-0a4e-4d63-9604-da9474fc0e7d,0,0.21117297578810829,1
fa2e64af-149a-47e8-9a0c-09eb75cecce6,0,0.04720423066491373,0
fa30065b-fc97-4757-86a6-9d82d2cc718e,0,0.043127330632187,0
fa3359d0-4611-4058-8916-1df8a2757be5,0,0.05829113527871751,0
fa354b41-0031-4cd1-b773-c3c4d3a47c6a,0,0.04841697625573636,0
fa3f8285-b1ff-4f19-97ea-2024f5a699b0,0,0.044980961608706474,0
fa486de2-198a-4b2c-89b6-019814ab6599,0,0.04349847677360541,0
fa4d252c-31c7-473c-8c71-26b7e13472f9,0,0.04628637677274062,0
fa4eed9c-3abc-4ad3-b610-d0bf1043befc,0,0.06379616565190174,0
fa5549c7-4c78-456e-8b3f-89839fa651fb,0,0.04542259895820068,0
fa69a9a2-3fca-4d69-a704-f34571ea1f3e,0,0.042499436352252416,0
fa6c0793-f351-4d25-a37c-6fbd4833969e,0,0.04514570023156362,0
fa759abd-2a97-4bc0-b775-2a89ed6f899e,0,0.04200655983735587,0
fa8f00f3-6ce4-410b-94b3-b971cfcd50c3,0,0.044240932162679054,0
fa9290b0-e992-4566-9b9f-f1d6573aea5d,0,0.06726611497192503,0
faa662ee-8f93-4fc9-86b9-63eb48a07f7c,0,0.07999227785554483,0
faa8fc80-c83b-4359-990b-f56cf686e625,0,0.07122026276677595,0
faabb778-1b5f-4032-8023-12a7811e3d3e,0,0.05290400949378093,0
fab0503d-ce37-4479-98d2-1160af292d94,0,0.04253069898379604,0
fab4bd26-165b-4cfc-91e7-838367fd674a,0,0.05007464105223448,0
fab7161c-0364-4ab3-ae0a-7934f241d36b,0,0.05288869523253334,0
fac247cb-b6d5-4433-8556-c3b8326e3b83,0,0.043541584399495736,0
facb9970-b8d6-4425-83b1-42ff32e9b203,0,0.0423754644835458,0
fad26dae-52c4-43a9-a29f-c06ac9717cd1,0,0.08351105795538437,0
fad2f461-f4c8-49ce-8904-af51bad33a0c,0,0.04933861958105967,0
fadbd81d-f41c-4cbd-bf8b-d25233d7239d,0,0.046290487963096816,0
fadc453a-dd27-48b8-b88d-71ce400465de,0,0.04309481936770282,0
fae7b491-f290-4486-bcc7-8e74fb8e141e,0,0.05541371236558759,0
faf3d1da-740d-4081-908c-bc2f8f70ae98,0,0.050791638103567883,0
fb06a98a-1df0-4818-938a-b09d72884e8e,1,0.8172539397444614,1
fb075266-182d-4c11-b5f7-4e4dcdabd4a7,0,0.061156600443498604,0
fb0b967a-9cd4-4a6c-a20e-8c4d70b97ddc,0,0.30500809874242274,1
fb0d943e-223d-43e6-a4eb-4932ad58e214,0,0.04854601169018949,0
fb0f8a04-18d0-4fbb-89ea-ed167fbf3595,0,0.05008621976297151,0
fb1c3364-d7c1-4ab9-bd07-ff40ec0a309b,0,0.06399247725429329,0
fb1da0b5-4d00-45fb-bb94-d04d10dc44d5,0,0.04129140858146014,0
fb1db648-d766-4c5d-9003-c3cf17dda398,0,0.04900148138747976,0
fb200548-d051-4368-87de-5e35d7f8ef2a,0,0.04590203104686551,0
fb29a9a0-72f3-4195-b55a-d8d9d0edeaad,0,0.044845136614462544,0
fb2b65ba-4841-4c6d-8a86-421d961a3467,0,0.0557568617581518,0
fb2f6518-0bb9-4da9-89cb-b44f5719fcea,0,0.042703310828089244,0
fb2f84f9-5f91-402b-ac1c-a64b32f7cf72,0,0.047464779842755024,0
fb31b044-d19b-4689-97f0-91f933ae2eb8,0,0.08655585142786036,0
fb35a105-c56c-42c7-b8e5-48ea447bf8db,0,0.1732109974681231,1
fb3d5ab4-f44c-4f39-a914-47b0ec2b1a9c,0,0.04371033437651934,0
fb49f469-d86f-40f8-b158-001cceb97531,0,0.0518987704960542,0
fb506dfe-8071-4fc8-8a18-8ef34173dca3,0,0.04426981332165446,0
fb5a52d0-f768-4c22-9266-af5132b099b0,1,0.8271023796230836,1
fb5d43d9-a60c-4d53-8187-f5461c3a16b1,0,0.04544773165076642,0
fb61edf9-e19b-4778-aa9d-673b8d86533c,0,0.04395259824645094,0
fb6bd2f1-624e-4d4c-b43f-3ba34ba4fac7,0,0.04511227918662259,0
fb78f8df-32aa-4007-a1de-b48959538029,0,0.07580873721188607,0
fb79a3ce-7937-43ba-ae84-05ab5fe33538,1,0.7087345164486063,1
fb7b1ead-abeb-4525-878c-65b8ad44f7b5,0,0.04810715824929558,0
fb80e1bf-8025-40e5-8e31-5e2ffd08957f,0,0.05424069933523635,0
fb884689-41a5-49eb-bbbb-14387f29bbad,0,0.0721280008693048,0
fb8a10c1-3d1d-4edc-aa8e-7ffadc23d02f,0,0.04349629575735079,0
fb9398da-43f0-4eed-96f7-dd72d7970de9,0,0.04665217558245144,0
fb98b909-1254-44f5-9a46-c6fa5164debb,0,0.0484201108723497,0
fb99ec6c-6ed6-4851-8c06-2de520912ea5,0,0.05115237179146616,0
fb9b61b0-507f-4ae6-8c88-46dc3d7da238,0,0.04679808614414935,0
fb9c5f42-c478-44ab-894e-492eb04434ed,0,0.04882418082164686,0
fb9f6fb8-df93-41aa-957b-4a53e19f8114,0,0.04952968189088621,0
fba9ec81-a319-4228-a482-b5c9197f8c8c,0,0.06575792439431573,0
fbbef351-ef4d-40cd-965a-084e88b6dce0,1,0.09991959380708178,0
fbc56aa6-280f-4c8a-821f-02a973aa164a,0,0.051844238884474314,0
fbc60a7d-0811-47b8-aa8b-9a202cea49b6,0,0.04354724516658274,0
fbc88b0a-4fd3-4514-935a-a3951bdbb5c3,0,0.28713704500214837,1
fbda4d7b-09f5-4b78-a255-ab9a2bbabd43,1,0.05939097857747948,0
fbe21a0e-0ba3-47ee-a0ce-db2796e545f7,0,0.05048280325911944,0
fbef6f53-5aa2-4098-aac9-109505b97093,0,0.0487105337641967,0
fbf14318-e3bf-4699-a842-47a009b61e30,0,0.04769054407958871,0
fbf5cb7f-f45f-46ab-9830-e359db0f85cf,0,0.0807372888925544,0
fbf946ef-c2f2-4487-be1b-c258c4730e71,0,0.04322756758534761,0
fc00faeb-b694-414f-a2ff-f685c2460b34,0,0.04412780017304657,0
fc045e0f-bd38-a9c2-9311-40ead22dab28,0,0.07388859007612018,0
fc0b03ed-ebf7-4d55-8fb3-8ff7062e4fa6,0,0.04203718670487885,0
fc12bcf4-f912-452c-9f57-5c0f0ee466cf,0,0.4228143178292536,1
fc181390-1ab2-4b36-8742-978c3a211d61,0,0.04148287693966895,0
fc1bf7f8-1c3f-4bf6-87b5-ad72e01456b4,0,0.05386659180463985,0
fc220e4d-df2f-456a-a05f-5fb30c84dd4f,0,0.05010614181029637,0
fc26011f-7655-42a4-8a40-53a5a3f35e30,1,0.8579818572499731,1
fc297fcf-eecd-4060-ae53-ec10b5cabe05,0,0.042363287792832,0
fc2b1fe8-f6d7-4562-be8d-aadcb57f8458,0,0.059634111188794206,0
fc2d29cb-5f17-4c0d-8a11-4634b8ec9bb1,0,0.04596710681931084,0
fc3075a6-8731-4af1-bb02-2c93d5fe8650,0,0.04417803584691542,0
fc31f342-1f8c-4b4c-a099-001ce6cbee4a,0,0.05041161860615315,0
fc325c30-6318-404d-803b-5339cbb178e9,0,0.1446651767139688,1
fc388ed6-3510-4695-ba79-59148216d545,0,0.047821992043459854,0
fc3c479e-5f8e-4e96-96e8-3b497012361c,0,0.04918220222152284,0
fc3d01e5-1dc9-4588-5249-380a38ad814b,1,0.12721032788642267,1
fc47daaf-563b-4eb8-b784-647afce14643,0,0.04370825544227805,0
fc486afa-3f2c-4802-badd-b3c653349f09,0,0.053431115224489664,0
fc4aab0f-70e7-4fb5-892f-fe9c2c998352,0,0.09980255113087878,0
fc50ba2e-39e4-4157-af2f-bb20e461b94b,0,0.049500665229651554,0
fc57142d-290e-442e-a754-19b7a0bb3fcf,0,0.04864795817304507,0
fc5e8bd1-56af-4586-a120-1568fd366c40,0,0.04358870420784922,0
fc60c57d-49e5-42e1-b6d9-b9483b07beac,0,0.04243167979162445,0
fc623d85-dfa8-4855-bcea-c9466e181764,0,0.05379755015470208,0
fc739c35-cf6c-4734-9f2d-9152635d2787,0,0.04257374263066399,0
fc73c25b-5c68-439c-9428-5f78c61f5d47,0,0.05020382315876534,0
fc740e60-d10e-4c08-a9f7-68e81a6f2324,1,0.14035683110059025,1
fc7485f5-3846-444a-aff5-274b770fbd85,1,0.11036274500083368,1
fc77dc0a-f526-4fea-ba33-e6f1915df876,0,0.06485282277360699,0
fc7f5ed9-4d0d-40fd-84b2-d3c0efa20924,0,0.05814960336909017,0
fc827a31-6f8f-49ce-9d44-a2f5e99cf4a9,0,0.04557857525573904,0
fc8985b1-1694-4812-9dea-5bf0a3ae0eb2,0,0.04352381906126751,0
fc9212e3-8a3d-4b4a-a16c-70b90a7e339c,0,0.049969771822638516,0
fc9f05db-2ff8-42e4-9002-ae118772f493,0,0.0660162468937876,0
fca1ed2e-c91b-40e1-a95c-b4bfcd65b295,0,0.053012272045931626,0
fcaf3b44-81b4-48f0-81eb-d16744ce48aa,0,0.047695724788229366,0
fcb5d437-004f-428a-aad3-fb6054878c29,1,0.4752447847367825,1
fcbaf678-f89e-4e2a-a5c4-b1c307640d31,0,0.046780740500614884,0
fcc09de1-8231-450e-8e3e-8d2a34ee911e,0,0.094648676100947,0
fcc830fc-7ca8-4399-9cc5-731dbd1776b1,0,0.0408945109177089,0
fcc931ed-03fb-425c-b0fa-976d26b01271,0,0.052753810690888144,0
fccf2bca-a16b-4c7b-bc52-1ae0dda30a9b,0,0.04916942554172115,0
fcd4ae01-81a9-46a1-a7e1-e4f4b13a754b,0,0.050168967876611216,0
fcd9fdab-189d-4617-a0e1-a66a85011ed7,0,0.20190492369840754,1
fcdf6069-6f3e-4975-b009-c7e512732867,0,0.04425272340442166,0
fcecbb73-e8ab-4470-859e-8cd500fd844e,0,0.042509707511742024,0
fced45c5-ddd0-4cb7-b254-4250a2e72fc4,0,0.04431000091506411,0
fcf1c002-b8ba-4a4c-8deb-b058e62a8b3a,0,0.0467090661145339,0
fcf36d50-6ebc-4a13-a3f8-4f35cb571efa,0,0.04278756353323734,0
fcf7dee5-fde6-4695-beda-8c63446facb6,0,0.047304413997652804,0
fcf976d0-fa29-46a3-b1c8-23ce15304d2c,0,0.0784620033544968,0
fcfd9817-88ee-4439-929d-4106bc2350d2,0,0.057424808827466915,0
fd067274-2c94-4a36-b3d4-28e1a7b24352,1,0.05545790240870256,0
fd1512ea-04f1-4f5e-9c18-05979c5bf381,0,0.04494144842333375,0
fd1a624d-2560-4eaf-ac72-cc65fe69a271,0,0.04806973911488062,0
fd273886-9c32-48ce-839e-e73000f9a310,0,0.05054461595894991,0
fd2bf87e-5a38-452f-9460-41d79a89c4f7,1,0.05485391266331315,0
fd4272e7-eb4e-4b7c-810b-ebfa36f6ac64,0,0.04972611261696559,0
fd492d02-c6d6-4575-a967-e7136853eb0a,0,0.04821845832323644,0
fd4ac8dc-fee3-4f54-b49f-e3aa480cbbb5,0,0.04176862495707445,0
fd54be29-d16e-450f-94b5-672eb9ba3bde,0,0.04648448375169627,0
fd54f4ff-f19c-4116-ae42-4dcc40b6f0b6,1,0.7023263779923364,1
fd6037da-038e-4816-80d1-ef1c57016b1e,0,0.08040840329021295,0
fd6402d2-733c-4a88-8d35-a24a6351dfce,0,0.04531986328445307,0
fd69305d-1ce6-4938-a05d-ce89b6286c3e,0,0.057575289367234224,0
fd7d32f9-4ae2-4274-974a-edbf51ba889e,0,0.049751981485347825,0
fd82b363-bda6-4638-b0f9-19a9d47a1737,1,0.06356813660664372,0
fd8506a9-4c23-4609-b170-f698efd01da1,0,0.10108132657037622,1
fd8ccd5f-efc1-4e08-bc4e-2c73beeed1b2,0,0.04440115109372308,0
fd9f215a-bc1b-4b88-b95c-a8f4185755f5,0,0.042761840163606096,0
fda235f4-e361-49ab-bdcd-5d06e6a3b6db,1,0.7625373440299905,1
fda45c29-5c62-4b9d-8745-5c1e1b6fcfe5,0,0.04212299985072871,0
fda78046-8e2a-4ced-9687-8685995e4ba9,0,0.06273204848890986,0
fdb2fbce-ed0e-4b3c-b91c-ac96e356db54,0,0.049796363433915476,0
fdb9d695-900a-464d-bda4-d190174dae8d,0,0.0445213033825801,0
fdb9f9d8-7077-4b6e-a63d-027ed93ef4aa,0,0.04388765511940189,0
fdbf8fcc-de24-42a6-98d4-b6f8d5f3b102,0,0.045232836672248054,0
fdc36ea8-c252-4bdd-8fec-4a406f568d90,0,0.0521143201535175,0
fdd1adcd-27e1-44a2-91da-0cb9e675df54,0,0.050410345730602095,0
fdd7818a-46e2-4299-a020-0e882c3a57b6,0,0.04830130913152334,0
fde247aa-3ba6-4a66-9a8f-b9d58b64c67c,0,0.04275877862213628,0
fde28d0c-dbc3-4eaa-9773-7638d14bf346,1,0.8571968977196864,1
fded5fec-e209-4678-b2e5-c796d32ef608,0,0.04474786002104588,0
fdf273b9-50c1-44b5-b748-cefe4ffb43d3,0,0.09900789272725026,0
fdf40ed0-e105-4acd-aa16-c47455d7a528,0,0.05022463559537953,0
fdf85a39-2353-4348-a431-8bafccd68380,0,0.04338047132993197,0
fdfd201d-02b3-467e-9165-bc72344c1ecc,0,0.04441242617524125,0
fe03f5b8-99c4-4e6e-9bb3-a363f16990d8,0,0.043481468878951574,0
fe1212c1-152e-4bcd-bd80-42e97cc3d0e1,0,0.04172507531277506,0
fe136647-7afa-4812-aca3-33c8c73392dc,1,0.8376268494599217,1
fe149cf1-6a5e-4f24-b2ab-9b50e3918d1b,0,0.06278666523589173,0
fe22c05d-380f-4c06-88b3-06653310b2a6,1,0.8272841084123698,1
fe23a6cb-98a8-480b-876a-ce1af9c79a89,0,0.04163799978347235,0
fe274f8d-dc87-4256-8071-8f8cc75db27c,0,0.04312725779792594,0
fe2784ce-2269-490e-b057-3118a0241812,0,0.054168516393834965,0
fe32105b-b7e1-4d70-9edd-10b6e3907140,0,0.05214647925242312,0
fe380f28-424d-427f-be9c-4f0862e152c5,0,0.050526202820133904,0
fe3f079c-1565-4bad-8aee-dc64089373e1,0,0.05287545962556785,0
fe417533-b562-4a80-ac59-293731b6fd15,0,0.051306351319101405,0
fe4b316b-3f29-46c1-8e0c-0508fd4672b8,0,0.044054666117586704,0
fe4da6fa-780d-4be6-9e2a-c276cad37de2,0,0.04382990559677729,0
fe542fd8-90a5-42dc-95a3-94e5c87efd65,0,0.04740990512887615,0
fe568219-3d6e-4ac8-bd52-f7c4044ea92f,0,0.0726689580509257,0
fe672f9c-93cc-40d5-96f2-410b24f73408,0,0.04342613545193985,0
fe6d78b7-85d4-4626-b9c5-e1a6aa2f8209,0,0.05284897252088574,0
fe718b22-d9d3-4a2c-8384-50cf5e4ff595,0,0.08591611408196916,0
fe7596f1-bd54-4b56-97d2-8face560fae1,0,0.04761258366131812,0
fe75da7c-1318-42b0-b68b-743311362ea9,0,0.04644105168037437,0
fe775288-fcf7-4166-9d3a-070019fe78d8,0,0.04932955032202382,0
fe789d46-230d-4b71-9fc1-6bec4c806d22,0,0.04584453018010063,0
fe7a4889-991a-4e96-abb8-c553bfc6d751,0,0.04818163996426989,0
fe8c9502-16dc-439c-b0bc-875c0668410c,0,0.04857974916704055,0
fe92f669-b344-4f3f-adfd-e200f4b08553,0,0.04611390083707728,0
fea1f4e4-6cb3-48b3-8966-b9965c33b775,0,0.04589364856063568,0
fea2fcf3-b11a-4d66-a67d-320e4194d5dc,0,0.04365517677988354,0
fea48956-91b3-43fd-810b-634ea3fdefd5,1,0.5724053545661987,1
fea6d111-90bc-42f5-b714-eb9562fbfed1,0,0.04273321581192109,0
feab93cb-3109-41b0-85b4-e4e8f015f248,0,0.05115160146932556,0
feaeb52c-bcd5-4764-bf52-cdd3a77bb8ec,0,0.27225114315239757,1
feb86b93-b20d-48bb-8b1c-46e0629706fb,0,0.051504985124952475,0
febdff18-c602-46a3-bd23-3c33dbf28137,0,0.0458516399429994,0
febe0f4e-764f-41e3-bc9e-1134b084f694,0,0.04299723271163794,0
fec1fc7d-2796-43e3-800d-8d3d23adc0a5,0,0.053415020800220224,0
fec850e0-1a8e-48e4-bcfd-4f387f19daa4,0,0.050191501952666695,0
fed7d442-7166-479c-9fd3-994ff8cdfc77,0,0.04685654412815081,0
fedc074c-de4e-478d-b0a7-daebecede607,0,0.05352697095431794,0
fee4889c-641e-42c4-a833-a2c4f4c96ed8,1,0.07449647461609413,0
fef68cf9-c999-4d92-8c45-9c46876eab1d,0,0.07347511522461395,0
fef76e94-1f0e-4d25-9959-14015226a03e,1,0.08157095418525234,0
feff5708-bef0-487c-887e-12d08d952379,0,0.04559096935176518,0
ff0a01e8-1433-4c5a-b43f-d3dae11d613a,0,0.049731608729905695,0
ff1c2a20-0230-4c0a-b423-b306e7081feb,0,0.05981283526108711,0
ff21f516-7b3c-4c81-bc12-86fe6240bf33,0,0.049445444879407,0
ff27bd33-43b1-4cc8-b68b-30b6c657145f,0,0.04526374387399853,0
ff2b04b0-14d8-46bd-95c1-d2cb9b60f54b,0,0.04967270652641874,0
ff3c9b3a-65f3-4901-882e-ee5219854aab,0,0.04709297345799829,0
ff3dfc9d-a41f-4b3c-a1ad-1c3148438a3d,0,0.058142551078164684,0
ff4740e6-5296-4d11-a7e3-75e941892486,0,0.07337093669094771,0
ff496fc6-6a01-4637-a24e-ab79b041e5ef,1,0.1846763163555437,1
ff4af745-cf5f-4eb1-9928-e4e22a63ff95,0,0.0504964109870738,0
ff561694-87e0-48f2-95e7-3185ea8c0598,1,0.8211806781121535,1
ff5bdaf5-506d-42ba-8cdf-2699a7eb22a4,0,0.04981157281401741,0
ff5e77c5-6872-438f-8a8e-9758bb07f262,0,0.045154559947300416,0
ff68fb7e-7722-426f-859e-a81963e9114b,0,0.04423758687217081,0
ff6a338f-02da-425e-aa5e-be081b3834dd,0,0.04305152795619049,0
ff777f95-f548-4370-96b7-3571a440a808,0,0.04565931187250176,0
ff7b389a-72ac-4552-9b8c-312d23d701aa,0,0.04451866775429793,0
ff8c2247-c6ba-4b91-a743-925ca83c838a,0,0.050021265676407536,0
ff9240c8-9887-4063-9369-7d720536516d,0,0.04207212833772573,0
ff97de28-170d-4160-a21f-9c6baae43645,0,0.04790429444957741,0
ff984faa-dd76-4108-9db5-45c6ffabd6f3,0,0.041303624445317266,0
ffaca4fb-ca52-4a46-a9ed-72fcfe829429,0,0.047933154876858314,0
ffaf3117-32d6-4448-9292-a2d8b1027734,0,0.0521718761082758,0
ffcc0776-319e-40f8-919e-1e30cd26d146,0,0.05244530768483902,0
ffd2118f-dafe-4c69-af16-01e7af283af6,0,0.047629163997055655,0
ffd23827-324c-4daa-a2d5-d1ca47d71179,0,0.04001847366523122,0
ffd831c5-90ca-49b0-bdec-102412bd17d0,0,0.07640684394308464,0
ffe660fb-f5a8-47cf-abb4-e91b4bc5bcb0,1,0.6301115833117785,1
ffe693b0-4e87-477e-a58c-efbe836ddc7c,0,0.04814298421835538,0
ffec435a-590e-4b70-877a-77cde182b3f3,0,0.049304487023810406,0
ffecac06-448c-486b-861b-6325886ea93f,0,0.04719576431446114,0
ffecf7c3-5348-49cd-aa68-419a8654367e,0,0.043719447799854004,0
fff5c4a5-c6e3-4fd6-877f-8d1d1650526b,0,0.06514544605167041,0
